-- phpMyAdmin SQL Dump
-- version 5.2.0
-- https://www.phpmyadmin.net/
--
-- Host: localhost:8889
-- Generation Time: Sep 21, 2023 at 05:00 PM
-- Server version: 5.7.39
-- PHP Version: 8.2.0

SET SQL_MODE = "NO_AUTO_VALUE_ON_ZERO";
START TRANSACTION;
SET time_zone = "+00:00";


/*!40101 SET @OLD_CHARACTER_SET_CLIENT=@@CHARACTER_SET_CLIENT */;
/*!40101 SET @OLD_CHARACTER_SET_RESULTS=@@CHARACTER_SET_RESULTS */;
/*!40101 SET @OLD_COLLATION_CONNECTION=@@COLLATION_CONNECTION */;
/*!40101 SET NAMES utf8mb4 */;

--
-- Database: `eldizer`
--

-- --------------------------------------------------------

--
-- Table structure for table `agents`
--

CREATE TABLE `agents` (
  `id` int(11) NOT NULL,
  `user_id` int(11) NOT NULL,
  `student_reg_id` varchar(50) NOT NULL,
  `college_id` int(11) NOT NULL,
  `image` varchar(255) NOT NULL,
  `uuid` varchar(100) NOT NULL,
  `created_at` timestamp NOT NULL DEFAULT CURRENT_TIMESTAMP,
  `updated_at` timestamp NOT NULL DEFAULT CURRENT_TIMESTAMP ON UPDATE CURRENT_TIMESTAMP
) ENGINE=InnoDB DEFAULT CHARSET=utf8;

--
-- Dumping data for table `agents`
--

INSERT INTO `agents` (`id`, `user_id`, `student_reg_id`, `college_id`, `image`, `uuid`, `created_at`, `updated_at`) VALUES
(1, 4, 'de45', 3, '1685961786Screenshot 2023-04-19 at 14.40.46.png', '99565b56-e501-4cfb-889f-5bc7bc625cf7', '2023-06-05 07:43:06', '2023-06-05 07:43:06');

-- --------------------------------------------------------

--
-- Table structure for table `bonds`
--

CREATE TABLE `bonds` (
  `id` int(11) NOT NULL,
  `loan_application_id` int(11) NOT NULL,
  `loan_contract_id` int(11) DEFAULT NULL,
  `name` varchar(255) NOT NULL,
  `bond_type` varchar(100) DEFAULT NULL,
  `reg_number` varchar(100) DEFAULT NULL,
  `bond_value` float DEFAULT NULL,
  `description` text,
  `remark` varchar(255) NOT NULL,
  `status` varchar(20) NOT NULL DEFAULT 'Application',
  `uuid` varchar(100) NOT NULL,
  `created_at` timestamp NOT NULL DEFAULT CURRENT_TIMESTAMP,
  `updated_at` timestamp NOT NULL DEFAULT CURRENT_TIMESTAMP ON UPDATE CURRENT_TIMESTAMP
) ENGINE=InnoDB DEFAULT CHARSET=utf8;

-- --------------------------------------------------------

--
-- Table structure for table `colleges`
--

CREATE TABLE `colleges` (
  `id` int(11) NOT NULL,
  `name` varchar(255) NOT NULL,
  `location` text,
  `logo` text,
  `created_by` int(11) NOT NULL,
  `uuid` varchar(100) NOT NULL,
  `status` varchar(20) NOT NULL DEFAULT 'active',
  `created_at` timestamp NOT NULL DEFAULT CURRENT_TIMESTAMP,
  `updated_at` timestamp NOT NULL DEFAULT CURRENT_TIMESTAMP ON UPDATE CURRENT_TIMESTAMP
) ENGINE=InnoDB DEFAULT CHARSET=utf8;

--
-- Dumping data for table `colleges`
--

INSERT INTO `colleges` (`id`, `name`, `location`, `logo`, `created_by`, `uuid`, `status`, `created_at`, `updated_at`) VALUES
(3, 'Udsm', 'Udsm', '1684878429logo_ud.png', 1, '993d2206-c87d-4371-ae63-61a51ab92f6b', 'active', '2023-05-23 18:47:09', '2023-05-23 18:47:09'),
(4, 'Udom', 'Dodoma', '1691255513graduate.png', 1, '99d19c68-bbbf-40fc-98eb-c292b0dcee46', 'active', '2023-08-05 14:11:53', '2023-08-05 14:11:53'),
(5, 'ST JOHN UNIVERSITY', '7', NULL, 1, '9a29f080-8db6-419d-bfef-66d0799d5006', 'active', '2023-09-18 11:59:52', '2023-09-18 11:59:52');

-- --------------------------------------------------------

--
-- Table structure for table `college_representatives`
--

CREATE TABLE `college_representatives` (
  `id` int(11) NOT NULL,
  `name` varchar(100) NOT NULL,
  `phone_number` varchar(20) NOT NULL,
  `position` varchar(100) NOT NULL,
  `college_id` int(11) NOT NULL,
  `uuid` varchar(100) NOT NULL,
  `created_at` timestamp NOT NULL DEFAULT CURRENT_TIMESTAMP,
  `updated_at` timestamp NOT NULL DEFAULT CURRENT_TIMESTAMP ON UPDATE CURRENT_TIMESTAMP
) ENGINE=InnoDB DEFAULT CHARSET=utf8;

--
-- Dumping data for table `college_representatives`
--

INSERT INTO `college_representatives` (`id`, `name`, `phone_number`, `position`, `college_id`, `uuid`, `created_at`, `updated_at`) VALUES
(1, 'Juma Khamisi', '255683130185', 'Waziri', 3, '993d2206-ca6c-458a-b21b-d2ba0aa14d18', '2023-05-23 18:47:09', '2023-05-23 18:47:09'),
(2, 'Godwin Juma', '255683130185', 'Waziri', 4, '99d19c68-bf89-4f8e-aaee-0f732bf12849', '2023-08-05 14:11:53', '2023-08-05 14:11:53');

-- --------------------------------------------------------

--
-- Table structure for table `customers`
--

CREATE TABLE `customers` (
  `id` int(11) NOT NULL,
  `first_name` varchar(100) NOT NULL,
  `middle_name` varchar(100) DEFAULT NULL,
  `last_name` varchar(100) NOT NULL,
  `other_name` varchar(100) DEFAULT NULL,
  `phone_number` varchar(20) NOT NULL,
  `id_number` varchar(24) DEFAULT NULL,
  `email` varchar(255) DEFAULT NULL,
  `dob` date DEFAULT NULL,
  `gender_id` int(11) DEFAULT NULL,
  `marital_status_id` int(11) DEFAULT NULL,
  `region_id` int(11) DEFAULT NULL,
  `district_id` int(11) DEFAULT NULL,
  `ward_id` int(11) DEFAULT NULL,
  `street` varchar(255) DEFAULT NULL,
  `resident_since` date DEFAULT NULL,
  `image` varchar(100) DEFAULT NULL,
  `uuid` varchar(100) NOT NULL,
  `created_at` timestamp NOT NULL DEFAULT CURRENT_TIMESTAMP,
  `updated_at` timestamp NOT NULL DEFAULT CURRENT_TIMESTAMP ON UPDATE CURRENT_TIMESTAMP
) ENGINE=InnoDB DEFAULT CHARSET=utf8;

--
-- Dumping data for table `customers`
--

INSERT INTO `customers` (`id`, `first_name`, `middle_name`, `last_name`, `other_name`, `phone_number`, `id_number`, `email`, `dob`, `gender_id`, `marital_status_id`, `region_id`, `district_id`, `ward_id`, `street`, `resident_since`, `image`, `uuid`, `created_at`, `updated_at`) VALUES
(3, 'Khaleed', 'Ofsa', 'Frank', NULL, '255683130185', NULL, 'luhaboy@gmail.com', '1993-09-09', 1, 1, 1, 1, 1, 'Kimayani', '2010-07-08', '1685971916Screenshot 2023-04-19 at 14.48.24.png', '995697b8-642f-4c1b-8e05-242639ce3c2c', '2023-06-05 10:31:56', '2023-06-05 10:31:56'),
(4, 'Khaleed', 'Ofsa', 'Frank', NULL, '255683130186', NULL, 'luhaboy@gmail.com1', '1993-09-09', 1, 1, 1, 1, 1, 'Kimayani', '2010-07-08', '1685971996Screenshot 2023-04-19 at 14.48.24.png', '99569831-6a94-4b38-98f6-cbabfa367aaa', '2023-06-05 10:33:16', '2023-06-05 10:33:16'),
(5, 'Khaleed', 'Ofsa', 'Frank', NULL, '255683130183', NULL, 'luhaboy@gmail.com2', '1993-09-09', 1, 1, 1, 1, 1, 'Kimayani', '2010-07-08', '1685972056Screenshot 2023-04-19 at 14.48.24.png', '9956988d-b843-4270-8027-3832083d067d', '2023-06-05 10:34:16', '2023-06-05 10:34:16'),
(6, 'Khaleed', 'Ofsa', 'Frank', NULL, '255683130181', NULL, 'luhaboy@gmail.com3', '1993-09-09', 1, 1, 1, 1, 1, 'Kimayani', '2010-07-08', '1685972096Screenshot 2023-04-19 at 14.48.24.png', '995698cb-4b33-46a9-8fd9-18eff617dbac', '2023-06-05 10:34:56', '2023-06-05 10:34:56'),
(8, 'Dsdsd', 'Dsdsd', 'Dads', NULL, '0683130130', NULL, 'Student@gmail.com', NULL, NULL, NULL, 21, 98, 6339, 'Dsdsds', '2022-01-01', NULL, '99bbdf4e-1c2b-403e-9b9c-a68effda42c1', '2023-07-25 18:50:43', '2023-07-25 18:50:43'),
(9, 'Ernest', 'Kwevoo', 'Juma', 'null', '0683130185', NULL, 'Luhaboy@gmail.com', NULL, NULL, NULL, 30, 281, 1463, 'Kinondoni', '2000-01-01', 'images/12jFUEMz9e2qXpwJLyvKAuR3TAAFnDz0kpg8GnlA.jpg', '99cef021-81bf-4085-9f8d-161ea8b5a584', '2023-08-04 06:18:30', '2023-08-04 06:18:30'),
(10, 'Axweso', 'Kahi', 'Kalifa', 'null', '0683103103', NULL, 'Lupena@gsafria.co.tz', NULL, NULL, NULL, 21, 251, 6386, 'Teror', '2020-01-01', 'images/wk08dPlovPawSQqbNBkFhD2SmKT624Z9ebWkODzR.jpg', '99cef6a5-a274-405e-b1d7-031a33d2f66a', '2023-08-04 06:36:43', '2023-08-04 06:36:43'),
(11, 'Brayson', 'John', 'Laizer', 'Brayoo', '673123123', '19931006234567876512', 'Braysonjohn148@gmail.com', '1993-10-06', 1, NULL, 21, 98, 6339, 'Njiro', '2019-12-18', 'images/20t1UKnhryhuBrHOehJoE6gEM3DZawSzW1FwITt3.jpg', '99cf7554-d320-4370-9731-511900f6da93', '2023-08-04 12:30:57', '2023-08-04 12:30:57'),
(12, 'Brayson', 'John', 'Laizer', 'Brayoo', '255673123125', '19931006234567876513', 'Braysonjohn148@gmail.com4', '1993-10-06', 1, NULL, 21, 98, 6339, 'Njiro', '2019-12-18', 'images/cXd73PncMdTAsSbri8UEhavinIPRJsSU2FhgSjtq.jpg', '99cf76cc-e149-42db-9cfc-90d1ff27dcf1', '2023-08-04 12:35:04', '2023-08-04 12:35:04'),
(13, 'Elibariki', 'Laizer', 'Laizer', 'Kagame', '255787971971', '19971005253010000229', 'elibarikidavid23@gmail.com', '1997-10-05', 2, NULL, 7, 58, 1718, 'Zahanati', '2018-12-10', 'images/ZYIBYZs1RIQSuJdzMCrBCe8kf5sc9xqqesDcghxH.jpg', '99d19052-b6be-4bf7-98b4-c30f08efc570', '2023-08-05 13:38:05', '2023-08-05 13:38:05'),
(14, 'GERVAS', 'GIBUYI', '', NULL, '255673807306', '2018/0885', NULL, '1970-01-01', 1, NULL, 7, 58, NULL, NULL, NULL, NULL, '9a29f080-8bc2-4762-bd77-5e2d777f7529', '2023-09-18 11:59:52', '2023-09-18 11:59:52'),
(15, 'GERVAS', 'GIBUYI', '', NULL, '255673807306', '2018/0885', NULL, '1970-01-01', 1, NULL, 7, 58, NULL, NULL, NULL, NULL, '9a29f0fe-f9e8-4dcb-9ecf-8c68d8e02548', '2023-09-18 12:01:15', '2023-09-18 12:01:15'),
(16, 'GERVAS', 'GIBUYI', '', NULL, '255673807306', '2018/0885', NULL, '1998-06-19', 1, NULL, 7, 58, NULL, NULL, NULL, NULL, '9a29fa6a-a615-44fb-b9db-658657bbf6f8', '2023-09-18 12:27:36', '2023-09-18 12:27:36'),
(17, 'GERVAS', 'GIBUYI', '', NULL, '255673807306', '2018/0885', NULL, '1998-06-19', 1, NULL, 7, 58, NULL, NULL, NULL, NULL, '9a29fbd5-3a55-4d48-aa21-e190347360e3', '2023-09-18 12:31:33', '2023-09-18 12:31:33'),
(18, 'GERVAS', 'GIBUYI', '', NULL, '255673807306', '2018/0885', NULL, '1998-06-19', 1, NULL, 7, 58, NULL, NULL, NULL, NULL, '9a29fcb2-b749-4455-86e3-4236a463cf11', '2023-09-18 12:33:59', '2023-09-18 12:33:59'),
(19, 'KWANGULIJA', 'JAMES', 'GEBU', NULL, '255756999478', '2016/0579', NULL, '1992-12-03', 1, NULL, 7, 58, NULL, NULL, NULL, NULL, '9a29fcb2-bbd4-4230-8199-baacc8df6c6c', '2023-09-18 12:33:59', '2023-09-18 12:33:59'),
(20, 'VICKY', 'PHABIAN', '', NULL, '255743630902', '2018/20390', NULL, '1998-02-06', 1, NULL, 7, 58, NULL, NULL, NULL, NULL, '9a29fcb2-bd0d-4aa7-a858-e6994822d096', '2023-09-18 12:33:59', '2023-09-18 12:33:59'),
(21, 'NKURUNZWA', 'MARTIN', 'RUHETA', NULL, '255676344710', '2018/0077', NULL, '2019-09-14', 1, NULL, 7, 58, NULL, NULL, NULL, NULL, '9a29fcb2-be39-4f0a-88ac-8c2cb4b32664', '2023-09-18 12:33:59', '2023-09-18 12:33:59'),
(22, 'GERVAS', 'GIBUYI', '', NULL, '255673807306', '2018/0885', NULL, '1998-06-19', 1, NULL, 7, 58, NULL, NULL, NULL, NULL, '9a29fd27-4360-4424-95f8-0367ef81be8d', '2023-09-18 12:35:15', '2023-09-18 12:35:15'),
(23, 'KWANGULIJA', 'JAMES', 'GEBU', NULL, '255756999478', '2016/0579', NULL, '1992-12-03', 1, NULL, 7, 58, NULL, NULL, NULL, NULL, '9a29fd27-47fc-4fc9-a477-f3a78c0f1fde', '2023-09-18 12:35:15', '2023-09-18 12:35:15'),
(24, 'VICKY', 'PHABIAN', '', NULL, '255743630902', '2018/20390', NULL, '1998-02-06', 1, NULL, 7, 58, NULL, NULL, NULL, NULL, '9a29fd27-492b-40db-8929-f0e4350efc6a', '2023-09-18 12:35:15', '2023-09-18 12:35:15'),
(25, 'NKURUNZWA', 'MARTIN', 'RUHETA', NULL, '255676344710', '2018/0077', NULL, '2019-09-14', 1, NULL, 7, 58, NULL, NULL, NULL, NULL, '9a29fd27-4a5c-41a9-9a31-afe68407b4a7', '2023-09-18 12:35:15', '2023-09-18 12:35:15'),
(26, 'GERVAS', 'GIBUYI', '', NULL, '255673807306', '2018/0885', NULL, '1998-06-19', 1, NULL, 7, 58, NULL, NULL, NULL, NULL, '9a29fdbd-92c0-4eae-90d6-25f97b5c4de2', '2023-09-18 12:36:53', '2023-09-18 12:36:53'),
(27, 'KWANGULIJA', 'JAMES', 'GEBU', NULL, '255756999478', '2016/0579', NULL, '1992-12-03', 1, NULL, 7, 58, NULL, NULL, NULL, NULL, '9a29fdbd-9742-4c17-9dd2-c70871064b84', '2023-09-18 12:36:53', '2023-09-18 12:36:53'),
(28, 'VICKY', 'PHABIAN', '', NULL, '255743630902', '2018/20390', NULL, '1998-02-06', 1, NULL, 7, 58, NULL, NULL, NULL, NULL, '9a29fdbd-986c-4ace-a629-2e37214ae2cd', '2023-09-18 12:36:53', '2023-09-18 12:36:53'),
(29, 'NKURUNZWA', 'MARTIN', 'RUHETA', NULL, '255676344710', '2018/0077', NULL, '2019-09-14', 1, NULL, 7, 58, NULL, NULL, NULL, NULL, '9a29fdbd-99a7-4572-8ebb-4617e44f5a0b', '2023-09-18 12:36:53', '2023-09-18 12:36:53'),
(30, 'GERVAS', 'GIBUYI', '', NULL, '255673807306', '2018/0885', NULL, '1998-06-19', 1, NULL, 7, 58, NULL, NULL, NULL, NULL, '9a29fe16-071e-4ddf-aada-c2a88d729e41', '2023-09-18 12:37:51', '2023-09-18 12:37:51'),
(31, 'KWANGULIJA', 'JAMES', 'GEBU', NULL, '255756999478', '2016/0579', NULL, '1992-12-03', 1, NULL, 7, 58, NULL, NULL, NULL, NULL, '9a29fe16-0ca4-48c1-aa5d-1e0552e644b9', '2023-09-18 12:37:51', '2023-09-18 12:37:51'),
(32, 'VICKY', 'PHABIAN', '', NULL, '255743630902', '2018/20390', NULL, '1998-02-06', 1, NULL, 7, 58, NULL, NULL, NULL, NULL, '9a29fe16-0dcd-404c-ba69-e92ea49e1650', '2023-09-18 12:37:51', '2023-09-18 12:37:51'),
(33, 'NKURUNZWA', 'MARTIN', 'RUHETA', NULL, '255676344710', '2018/0077', NULL, '2019-09-14', 1, NULL, 7, 58, NULL, NULL, NULL, NULL, '9a29fe16-0f0b-44f9-a490-44724a98cf44', '2023-09-18 12:37:51', '2023-09-18 12:37:51'),
(34, 'GERVAS', 'GIBUYI', '', NULL, '255673807306', '2018/0885', NULL, '1998-06-19', 1, NULL, 7, 58, NULL, NULL, NULL, NULL, '9a29fef9-9949-46eb-b0f6-2868edada6e7', '2023-09-18 12:40:21', '2023-09-18 12:40:21'),
(35, 'KWANGULIJA', 'JAMES', 'GEBU', NULL, '255756999478', '2016/0579', NULL, '1992-12-03', 1, NULL, 7, 58, NULL, NULL, NULL, NULL, '9a29fef9-9dac-4dca-aaf4-5166af0fdb5a', '2023-09-18 12:40:21', '2023-09-18 12:40:21'),
(36, 'VICKY', 'PHABIAN', '', NULL, '255743630902', '2018/20390', NULL, '1998-02-06', 1, NULL, 7, 58, NULL, NULL, NULL, NULL, '9a29fef9-9eed-43e1-ba75-cc2d89640fac', '2023-09-18 12:40:21', '2023-09-18 12:40:21'),
(37, 'NKURUNZWA', 'MARTIN', 'RUHETA', NULL, '255676344710', '2018/0077', NULL, '2019-09-14', 1, NULL, 7, 58, NULL, NULL, NULL, NULL, '9a29fef9-a016-4ea2-863d-d95aa7a7b886', '2023-09-18 12:40:21', '2023-09-18 12:40:21'),
(38, 'Amina ', 'bakari', '', NULL, '255688068774', '', NULL, '2000-01-01', 2, NULL, 7, 58, NULL, NULL, NULL, NULL, '9a29fef9-a135-498f-b776-f32b7298d017', '2023-09-18 12:40:21', '2023-09-18 12:40:21'),
(39, 'JOHN ', 'ZAIT', '', NULL, '255714943684', '2018/0981', NULL, '1990-06-13', 1, NULL, 7, 58, NULL, NULL, NULL, NULL, '9a29fef9-a253-4932-a48f-541d669f32a9', '2023-09-18 12:40:21', '2023-09-18 12:40:21'),
(40, 'AMOS', 'MAGEMBE', 'NDAMO', NULL, '255752554531', '2018/20021', NULL, '1998-12-07', 1, NULL, 7, 58, NULL, NULL, NULL, NULL, '9a29fef9-a369-4b47-a4ea-c9d983efc33d', '2023-09-18 12:40:21', '2023-09-18 12:40:21'),
(41, 'RICHARD', 'KOMU', '', NULL, '255763102500', '2018/0584', NULL, '1998-12-09', 1, NULL, 7, 58, NULL, NULL, NULL, NULL, '9a29fef9-a485-4a72-b075-0f0fc903fea7', '2023-09-18 12:40:21', '2023-09-18 12:40:21'),
(42, 'MIKE', 'SYLIVESTER', 'SINGAELI', NULL, '255766618879', '2015/1375', NULL, '1993-03-28', 1, NULL, 7, 58, NULL, NULL, NULL, NULL, '9a29fef9-a5b0-44ea-b486-ddac2c77a6e8', '2023-09-18 12:40:21', '2023-09-18 12:40:21'),
(43, 'MIKE', 'SYLIVESTER', 'SINGAELI', NULL, '255766618879', '2015/1375', NULL, '1993-03-28', 1, NULL, 7, 58, NULL, NULL, NULL, NULL, '9a29fef9-a6c5-4ece-b265-6c37532df8e1', '2023-09-18 12:40:21', '2023-09-18 12:40:21'),
(44, 'EDMUND', 'MAGAYANE', '', NULL, '255766970523', '2018/0605', NULL, '1998-11-30', 1, NULL, 7, 58, NULL, NULL, NULL, NULL, '9a29fef9-a7df-4ac8-96b2-461cfe4bc1e2', '2023-09-18 12:40:21', '2023-09-18 12:40:21'),
(45, 'BARAKA ', 'TOTO', 'SULE', NULL, '255622004709', '2018/0964', NULL, '1996-04-25', 1, NULL, 7, 58, NULL, NULL, NULL, NULL, '9a29fef9-a902-414b-92d7-031e78623b11', '2023-09-18 12:40:21', '2023-09-18 12:40:21'),
(46, 'REMIGIUS', 'HYERA', '', NULL, '255622325846', '2018/21714', NULL, '1988-10-25', 1, NULL, 7, 58, NULL, NULL, NULL, NULL, '9a29fef9-aa20-4a34-9a54-e27c3c9f468e', '2023-09-18 12:40:21', '2023-09-18 12:40:21'),
(47, 'AMOS', 'MAGEMBE', 'NDAMO', NULL, '255752554531', '2018/20021', NULL, '1998-12-07', 1, NULL, 7, 58, NULL, NULL, NULL, NULL, '9a29fef9-ab3a-4126-804b-b96e0d31dad3', '2023-09-18 12:40:21', '2023-09-18 12:40:21'),
(48, 'GERVAS', 'GIBUYI', '', NULL, '255673807306', '2018/0885', NULL, '1998-06-19', 1, NULL, 7, 58, NULL, NULL, NULL, NULL, '9a2a042f-e665-4994-a6f6-7269d15340c1', '2023-09-18 12:54:55', '2023-09-18 12:54:55'),
(49, 'KWANGULIJA', 'JAMES', 'GEBU', NULL, '255756999478', '2016/0579', NULL, '1992-12-03', 1, NULL, 7, 58, NULL, NULL, NULL, NULL, '9a2a042f-eabf-4a1f-8716-166009fa1fdf', '2023-09-18 12:54:55', '2023-09-18 12:54:55'),
(50, 'VICKY', 'PHABIAN', '', NULL, '255743630902', '2018/20390', NULL, '1998-02-06', 1, NULL, 7, 58, NULL, NULL, NULL, NULL, '9a2a042f-ebeb-4f42-a476-b0b66361175b', '2023-09-18 12:54:55', '2023-09-18 12:54:55'),
(51, 'NKURUNZWA', 'MARTIN', 'RUHETA', NULL, '255676344710', '2018/0077', NULL, '2019-09-14', 1, NULL, 7, 58, NULL, NULL, NULL, NULL, '9a2a042f-ed14-4ab1-8709-6ee903bbf9de', '2023-09-18 12:54:55', '2023-09-18 12:54:55'),
(52, 'Amina ', 'bakari', '', NULL, '255688068774', '', NULL, '2000-01-01', 2, NULL, 7, 58, NULL, NULL, NULL, NULL, '9a2a042f-ee2b-462a-8d3b-e0ba8084cc9b', '2023-09-18 12:54:55', '2023-09-18 12:54:55'),
(53, 'JOHN ', 'ZAIT', '', NULL, '255714943684', '2018/0981', NULL, '1990-06-13', 1, NULL, 7, 58, NULL, NULL, NULL, NULL, '9a2a042f-ef41-45ba-9917-c75caf50cba7', '2023-09-18 12:54:55', '2023-09-18 12:54:55'),
(54, 'AMOS', 'MAGEMBE', 'NDAMO', NULL, '255752554531', '2018/20021', NULL, '1998-12-07', 1, NULL, 7, 58, NULL, NULL, NULL, NULL, '9a2a042f-f06d-4117-81e7-c1a81e15a9f4', '2023-09-18 12:54:55', '2023-09-18 12:54:55'),
(55, 'RICHARD', 'KOMU', '', NULL, '255763102500', '2018/0584', NULL, '1998-12-09', 1, NULL, 7, 58, NULL, NULL, NULL, NULL, '9a2a042f-f1a3-467c-b227-c7ada2b5ca81', '2023-09-18 12:54:55', '2023-09-18 12:54:55'),
(56, 'MIKE', 'SYLIVESTER', 'SINGAELI', NULL, '255766618879', '2015/1375', NULL, '1993-03-28', 1, NULL, 7, 58, NULL, NULL, NULL, NULL, '9a2a042f-f2c8-42ac-ab91-a631359be4af', '2023-09-18 12:54:55', '2023-09-18 12:54:55'),
(57, 'MIKE', 'SYLIVESTER', 'SINGAELI', NULL, '255766618879', '2015/1375', NULL, '1993-03-28', 1, NULL, 7, 58, NULL, NULL, NULL, NULL, '9a2a042f-f3e1-458e-b507-ae16249508da', '2023-09-18 12:54:55', '2023-09-18 12:54:55'),
(58, 'EDMUND', 'MAGAYANE', '', NULL, '255766970523', '2018/0605', NULL, '1998-11-30', 1, NULL, 7, 58, NULL, NULL, NULL, NULL, '9a2a042f-f4f7-4ad6-b09c-850392790632', '2023-09-18 12:54:55', '2023-09-18 12:54:55'),
(59, 'BARAKA ', 'TOTO', 'SULE', NULL, '255622004709', '2018/0964', NULL, '1996-04-25', 1, NULL, 7, 58, NULL, NULL, NULL, NULL, '9a2a042f-f60e-4b5b-806f-e09da1f69145', '2023-09-18 12:54:55', '2023-09-18 12:54:55'),
(60, 'REMIGIUS', 'HYERA', '', NULL, '255622325846', '2018/21714', NULL, '1988-10-25', 1, NULL, 7, 58, NULL, NULL, NULL, NULL, '9a2a042f-f728-40e5-8f8d-784818800a7b', '2023-09-18 12:54:55', '2023-09-18 12:54:55'),
(61, 'AMOS', 'MAGEMBE', 'NDAMO', NULL, '255752554531', '2018/20021', NULL, '1998-12-07', 1, NULL, 7, 58, NULL, NULL, NULL, NULL, '9a2a042f-f841-419d-8a65-d8101a8e5e88', '2023-09-18 12:54:55', '2023-09-18 12:54:55'),
(62, 'GERVAS', 'GIBUYI', '', NULL, '255673807306', '2018/0885', NULL, '1998-06-19', 1, NULL, 7, 58, NULL, NULL, NULL, NULL, '9a2a0466-3bd7-4126-bd68-9904a80fad40', '2023-09-18 12:55:31', '2023-09-18 12:55:31'),
(63, 'KWANGULIJA', 'JAMES', 'GEBU', NULL, '255756999478', '2016/0579', NULL, '1992-12-03', 1, NULL, 7, 58, NULL, NULL, NULL, NULL, '9a2a0466-3fe2-4c99-9ee6-6036c1c5f76f', '2023-09-18 12:55:31', '2023-09-18 12:55:31'),
(64, 'VICKY', 'PHABIAN', '', NULL, '255743630902', '2018/20390', NULL, '1998-02-06', 1, NULL, 7, 58, NULL, NULL, NULL, NULL, '9a2a0466-4110-463e-a161-3ce58b7be5ae', '2023-09-18 12:55:31', '2023-09-18 12:55:31'),
(65, 'NKURUNZWA', 'MARTIN', 'RUHETA', NULL, '255676344710', '2018/0077', NULL, '2019-09-14', 1, NULL, 7, 58, NULL, NULL, NULL, NULL, '9a2a0466-4234-4fc4-b887-cfff83b8b485', '2023-09-18 12:55:31', '2023-09-18 12:55:31'),
(66, 'Amina ', 'bakari', '', NULL, '255688068774', '', NULL, '2000-01-01', 2, NULL, 7, 58, NULL, NULL, NULL, NULL, '9a2a0466-434c-4230-808d-f6f1c2c67036', '2023-09-18 12:55:31', '2023-09-18 12:55:31'),
(67, 'JOHN ', 'ZAIT', '', NULL, '255714943684', '2018/0981', NULL, '1990-06-13', 1, NULL, 7, 58, NULL, NULL, NULL, NULL, '9a2a0466-446a-4576-80dc-e600141e09e8', '2023-09-18 12:55:31', '2023-09-18 12:55:31'),
(68, 'AMOS', 'MAGEMBE', 'NDAMO', NULL, '255752554531', '2018/20021', NULL, '1998-12-07', 1, NULL, 7, 58, NULL, NULL, NULL, NULL, '9a2a0466-4586-4553-b916-c3e4b99f2eaa', '2023-09-18 12:55:31', '2023-09-18 12:55:31'),
(69, 'RICHARD', 'KOMU', '', NULL, '255763102500', '2018/0584', NULL, '1998-12-09', 1, NULL, 7, 58, NULL, NULL, NULL, NULL, '9a2a0466-469f-4ec9-9369-79d48ea3d72f', '2023-09-18 12:55:31', '2023-09-18 12:55:31'),
(70, 'MIKE', 'SYLIVESTER', 'SINGAELI', NULL, '255766618879', '2015/1375', NULL, '1993-03-28', 1, NULL, 7, 58, NULL, NULL, NULL, NULL, '9a2a0466-47c3-40f9-ac97-3b079e5ad582', '2023-09-18 12:55:31', '2023-09-18 12:55:31'),
(71, 'MIKE', 'SYLIVESTER', 'SINGAELI', NULL, '255766618879', '2015/1375', NULL, '1993-03-28', 1, NULL, 7, 58, NULL, NULL, NULL, NULL, '9a2a0466-48dc-44bf-b5e4-993e1a76039a', '2023-09-18 12:55:31', '2023-09-18 12:55:31'),
(72, 'EDMUND', 'MAGAYANE', '', NULL, '255766970523', '2018/0605', NULL, '1998-11-30', 1, NULL, 7, 58, NULL, NULL, NULL, NULL, '9a2a0466-49f5-4cfc-aa02-d9c4c0faa626', '2023-09-18 12:55:31', '2023-09-18 12:55:31'),
(73, 'BARAKA ', 'TOTO', 'SULE', NULL, '255622004709', '2018/0964', NULL, '1996-04-25', 1, NULL, 7, 58, NULL, NULL, NULL, NULL, '9a2a0466-4b14-415c-9d1a-bd38c96e070e', '2023-09-18 12:55:31', '2023-09-18 12:55:31'),
(74, 'REMIGIUS', 'HYERA', '', NULL, '255622325846', '2018/21714', NULL, '1988-10-25', 1, NULL, 7, 58, NULL, NULL, NULL, NULL, '9a2a0466-4c2e-4578-acc0-694f6287bf91', '2023-09-18 12:55:31', '2023-09-18 12:55:31'),
(75, 'AMOS', 'MAGEMBE', 'NDAMO', NULL, '255752554531', '2018/20021', NULL, '1998-12-07', 1, NULL, 7, 58, NULL, NULL, NULL, NULL, '9a2a0466-4d46-49a1-9fa9-7a2e062e9f61', '2023-09-18 12:55:31', '2023-09-18 12:55:31'),
(76, 'ABDUL', 'HARITHA', 'KOMUNGOMA', NULL, '255656040007', '2018/1014', NULL, '1999-03-15', 1, NULL, 7, 58, NULL, NULL, NULL, NULL, '9a2a0466-4e5f-4b0d-a0a8-287aaeecc1b6', '2023-09-18 12:55:31', '2023-09-18 12:55:31'),
(77, 'Amina ', 'bakari', '', NULL, '255688068774', '', NULL, '2000-01-01', 2, NULL, 7, 58, NULL, NULL, NULL, NULL, '9a2a0466-4f6e-4672-afc2-612afd0db89c', '2023-09-18 12:55:31', '2023-09-18 12:55:31'),
(78, 'MIKE', 'SYLIVESTER', 'SINGAELI', NULL, '255766618879', '2015/1375', NULL, '1993-03-28', 1, NULL, 7, 58, NULL, NULL, NULL, NULL, '9a2a0466-5088-453e-a1ed-339127889347', '2023-09-18 12:55:31', '2023-09-18 12:55:31'),
(79, 'KWANGULIJA', 'JAMES', 'GEBU', NULL, '255756999478', '2016/0579', NULL, '1992-12-03', 1, NULL, 7, 58, NULL, NULL, NULL, NULL, '9a2a0466-51a4-47f6-8386-d4e58bf85039', '2023-09-18 12:55:31', '2023-09-18 12:55:31'),
(80, 'ANASTAZIA', 'MUSSA', 'DANIEL', NULL, '255657385182', '2018/0061', NULL, '1998-10-05', 2, NULL, 7, 58, NULL, NULL, NULL, NULL, '9a2a0466-52be-4bdd-8765-0d5b7f842383', '2023-09-18 12:55:31', '2023-09-18 12:55:31'),
(81, 'ABDALLAH', 'ATHUMANI', '', NULL, '255766889720', '2018/0779', NULL, '1996-08-14', 1, NULL, 7, 58, NULL, NULL, NULL, NULL, '9a2a0466-53d3-4c3f-a25c-db72bdd655e7', '2023-09-18 12:55:31', '2023-09-18 12:55:31'),
(82, 'GERVAS', 'GIBUYI', '', NULL, '255673807306', '2018/0885', NULL, '1998-06-19', 1, NULL, 7, 58, NULL, NULL, NULL, NULL, '9a2a048f-bf95-4daf-ad9d-7ba988ab94b5', '2023-09-18 12:55:58', '2023-09-18 12:55:58'),
(83, 'GERVAS', 'GIBUYI', '', NULL, '255673807306', '2018/0885', NULL, '1998-06-19', 1, NULL, 7, 58, NULL, NULL, NULL, NULL, '9a2a0ab5-edf8-4a4f-b36a-c58a3af7ff80', '2023-09-18 13:13:09', '2023-09-18 13:13:09'),
(84, 'GERVAS', 'GIBUYI', '', NULL, '255673807306', '2018/0885', NULL, '1998-06-19', 1, NULL, 7, 58, NULL, NULL, NULL, NULL, '9a2a0ad4-da43-497c-ae71-7fb259848293', '2023-09-18 13:13:30', '2023-09-18 13:13:30'),
(85, 'GERVAS', 'GIBUYI', '', NULL, '255673807306', '2018/0885', NULL, '1998-06-19', 1, NULL, 7, 58, NULL, NULL, NULL, NULL, '9a2a0c5f-fdf5-429d-a3ba-3a1c03925680', '2023-09-18 13:17:49', '2023-09-18 13:17:49'),
(86, 'KWANGULIJA', 'JAMES', 'GEBU', NULL, '255756999478', '2016/0579', NULL, '1992-12-03', 1, NULL, 7, 58, NULL, NULL, NULL, NULL, '9a2a0c60-027d-465c-9c94-7d31f2a136c4', '2023-09-18 13:17:49', '2023-09-18 13:17:49'),
(87, 'VICKY', 'PHABIAN', '', NULL, '255743630902', '2018/20390', NULL, '1998-02-06', 1, NULL, 7, 58, NULL, NULL, NULL, NULL, '9a2a0c60-03b1-4c82-9195-1cfd32c703ee', '2023-09-18 13:17:49', '2023-09-18 13:17:49'),
(88, 'NKURUNZWA', 'MARTIN', 'RUHETA', NULL, '255676344710', '2018/0077', NULL, '2019-09-14', 1, NULL, 7, 58, NULL, NULL, NULL, NULL, '9a2a0c60-04df-477a-abd3-98ac9b29a1a4', '2023-09-18 13:17:49', '2023-09-18 13:17:49'),
(89, 'Amina ', 'bakari', '', NULL, '255688068774', '', NULL, '2000-01-01', 2, NULL, 7, 58, NULL, NULL, NULL, NULL, '9a2a0c60-0601-4667-a5a8-9eee8bd0aad9', '2023-09-18 13:17:49', '2023-09-18 13:17:49'),
(90, 'JOHN ', 'ZAIT', '', NULL, '255714943684', '2018/0981', NULL, '1990-06-13', 1, NULL, 7, 58, NULL, NULL, NULL, NULL, '9a2a0c60-071e-4ac9-97fe-658b4435d83a', '2023-09-18 13:17:49', '2023-09-18 13:17:49'),
(91, 'AMOS', 'MAGEMBE', 'NDAMO', NULL, '255752554531', '2018/20021', NULL, '1998-12-07', 1, NULL, 7, 58, NULL, NULL, NULL, NULL, '9a2a0c60-083d-465e-818f-301b75bc3c1b', '2023-09-18 13:17:49', '2023-09-18 13:17:49'),
(92, 'RICHARD', 'KOMU', '', NULL, '255763102500', '2018/0584', NULL, '1998-12-09', 1, NULL, 7, 58, NULL, NULL, NULL, NULL, '9a2a0c60-096c-4b8f-b73a-e0072124ab5d', '2023-09-18 13:17:49', '2023-09-18 13:17:49'),
(93, 'MIKE', 'SYLIVESTER', 'SINGAELI', NULL, '255766618879', '2015/1375', NULL, '1993-03-28', 1, NULL, 7, 58, NULL, NULL, NULL, NULL, '9a2a0c60-0aa9-46bb-b956-01f1fefe76a2', '2023-09-18 13:17:49', '2023-09-18 13:17:49'),
(94, 'MIKE', 'SYLIVESTER', 'SINGAELI', NULL, '255766618879', '2015/1375', NULL, '1993-03-28', 1, NULL, 7, 58, NULL, NULL, NULL, NULL, '9a2a0c60-0bd0-4ebb-b6ff-4453e1ee4a8d', '2023-09-18 13:17:49', '2023-09-18 13:17:49'),
(95, 'EDMUND', 'MAGAYANE', '', NULL, '255766970523', '2018/0605', NULL, '1998-11-30', 1, NULL, 7, 58, NULL, NULL, NULL, NULL, '9a2a0c60-0cee-48e4-93ce-c229b92fabca', '2023-09-18 13:17:49', '2023-09-18 13:17:49'),
(96, 'BARAKA ', 'TOTO', 'SULE', NULL, '255622004709', '2018/0964', NULL, '1996-04-25', 1, NULL, 7, 58, NULL, NULL, NULL, NULL, '9a2a0c60-0e79-4ef4-91d1-84edeae4dc9b', '2023-09-18 13:17:49', '2023-09-18 13:17:49'),
(97, 'REMIGIUS', 'HYERA', '', NULL, '255622325846', '2018/21714', NULL, '1988-10-25', 1, NULL, 7, 58, NULL, NULL, NULL, NULL, '9a2a0c60-105f-468c-b928-7d29f14cf828', '2023-09-18 13:17:49', '2023-09-18 13:17:49'),
(98, 'AMOS', 'MAGEMBE', 'NDAMO', NULL, '255752554531', '2018/20021', NULL, '1998-12-07', 1, NULL, 7, 58, NULL, NULL, NULL, NULL, '9a2a0c60-1185-4b6b-bac1-771c3fd475cd', '2023-09-18 13:17:49', '2023-09-18 13:17:49'),
(99, 'ABDUL', 'HARITHA', 'KOMUNGOMA', NULL, '255656040007', '2018/1014', NULL, '1999-03-15', 1, NULL, 7, 58, NULL, NULL, NULL, NULL, '9a2a0c60-12bb-4658-a4c0-3ec0b09cdb04', '2023-09-18 13:17:49', '2023-09-18 13:17:49'),
(100, 'Amina ', 'bakari', '', NULL, '255688068774', '', NULL, '2000-01-01', 2, NULL, 7, 58, NULL, NULL, NULL, NULL, '9a2a0c60-13ed-4a5a-a359-930a2449a624', '2023-09-18 13:17:49', '2023-09-18 13:17:49'),
(101, 'MIKE', 'SYLIVESTER', 'SINGAELI', NULL, '255766618879', '2015/1375', NULL, '1993-03-28', 1, NULL, 7, 58, NULL, NULL, NULL, NULL, '9a2a0c60-150c-4724-82a0-3a94b6559082', '2023-09-18 13:17:49', '2023-09-18 13:17:49'),
(102, 'KWANGULIJA', 'JAMES', 'GEBU', NULL, '255756999478', '2016/0579', NULL, '1992-12-03', 1, NULL, 7, 58, NULL, NULL, NULL, NULL, '9a2a0c60-1629-46f5-8a76-fb901a75a135', '2023-09-18 13:17:49', '2023-09-18 13:17:49'),
(103, 'ANASTAZIA', 'MUSSA', 'DANIEL', NULL, '255657385182', '2018/0061', NULL, '1998-10-05', 2, NULL, 7, 58, NULL, NULL, NULL, NULL, '9a2a0c60-1746-4d70-881a-bb860b90c574', '2023-09-18 13:17:49', '2023-09-18 13:17:49'),
(104, 'ABDALLAH', 'ATHUMANI', '', NULL, '255766889720', '2018/0779', NULL, '1996-08-14', 1, NULL, 7, 58, NULL, NULL, NULL, NULL, '9a2a0c60-1861-4945-808f-d551f00b6bc7', '2023-09-18 13:17:49', '2023-09-18 13:17:49'),
(105, 'GERVAS', 'GIBUYI', '', NULL, '255673807306', '2018/0885', NULL, '1998-06-19', 1, NULL, 7, 58, NULL, NULL, NULL, NULL, '9a2a0dfa-ce2b-4d77-a38b-8655a35da3b1', '2023-09-18 13:22:18', '2023-09-18 13:22:18'),
(106, 'GERVAS', 'GIBUYI', '', NULL, '255673807306', '2018/0885', NULL, '1998-06-19', 1, NULL, 7, 58, NULL, NULL, NULL, NULL, '9a2a0e1c-e62d-4be1-bd97-d8d6f3983aab', '2023-09-18 13:22:40', '2023-09-18 13:22:40'),
(107, 'GERVAS', 'GIBUYI', '', NULL, '255673807306', '2018/0885', NULL, '1998-06-19', 1, NULL, 7, 58, NULL, NULL, NULL, NULL, '9a2a0e8d-0fc0-45fb-84d5-64022efc7b5d', '2023-09-18 13:23:54', '2023-09-18 13:23:54'),
(108, 'GERVAS', 'GIBUYI', '', NULL, '255673807306', '2018/0885', NULL, '1998-06-19', 1, NULL, 7, 58, NULL, NULL, NULL, NULL, '9a2a0eb6-4652-42e9-b1b6-a4a674f509a2', '2023-09-18 13:24:21', '2023-09-18 13:24:21'),
(109, 'GERVAS', 'GIBUYI', '', NULL, '255673807306', '2018/0885', NULL, '1998-06-19', 1, NULL, 7, 58, NULL, NULL, NULL, NULL, '9a2a13fd-b147-400a-8158-14f793319801', '2023-09-18 13:39:06', '2023-09-18 13:39:06'),
(110, 'GERVAS', 'GIBUYI', '', NULL, '255673807306', '2018/0885', NULL, '1998-06-19', 1, NULL, 7, 58, NULL, NULL, NULL, NULL, '9a2a145c-1fa5-426f-8879-03b71893b11f', '2023-09-18 13:40:08', '2023-09-18 13:40:08'),
(111, 'KWANGULIJA', 'JAMES', 'GEBU', NULL, '255756999478', '2016/0579', NULL, '1992-12-03', 1, NULL, 7, 58, NULL, NULL, NULL, NULL, '9a2a145c-2605-4412-8b64-aef40bf47c97', '2023-09-18 13:40:08', '2023-09-18 13:40:08'),
(112, 'VICKY', 'PHABIAN', '', NULL, '255743630902', '2018/20390', NULL, '1998-02-06', 1, NULL, 7, 58, NULL, NULL, NULL, NULL, '9a2a145c-2867-4af2-ad69-1b7c3d31a71c', '2023-09-18 13:40:08', '2023-09-18 13:40:08'),
(113, 'NKURUNZWA', 'MARTIN', 'RUHETA', NULL, '255676344710', '2018/0077', NULL, '2019-09-14', 1, NULL, 7, 58, NULL, NULL, NULL, NULL, '9a2a145c-2a91-4c30-b42c-a72b6814a75e', '2023-09-18 13:40:08', '2023-09-18 13:40:08'),
(114, 'Amina ', 'bakari', '', NULL, '255688068774', '', NULL, '2000-01-01', 2, NULL, 7, 58, NULL, NULL, NULL, NULL, '9a2a145c-2cae-4cbe-ab4e-e8869617434c', '2023-09-18 13:40:08', '2023-09-18 13:40:08'),
(115, 'JOHN ', 'ZAIT', '', NULL, '255714943684', '2018/0981', NULL, '1990-06-13', 1, NULL, 7, 58, NULL, NULL, NULL, NULL, '9a2a145c-2ecb-40e0-9d86-06c24e4f9642', '2023-09-18 13:40:08', '2023-09-18 13:40:08'),
(116, 'AMOS', 'MAGEMBE', 'NDAMO', NULL, '255752554531', '2018/20021', NULL, '1998-12-07', 1, NULL, 7, 58, NULL, NULL, NULL, NULL, '9a2a145c-30ff-4121-b2e9-bf3594ae622f', '2023-09-18 13:40:08', '2023-09-18 13:40:08'),
(117, 'RICHARD', 'KOMU', '', NULL, '255763102500', '2018/0584', NULL, '1998-12-09', 1, NULL, 7, 58, NULL, NULL, NULL, NULL, '9a2a145c-3312-48a4-b942-179146b99edf', '2023-09-18 13:40:08', '2023-09-18 13:40:08'),
(118, 'MIKE', 'SYLIVESTER', 'SINGAELI', NULL, '255766618879', '2015/1375', NULL, '1993-03-28', 1, NULL, 7, 58, NULL, NULL, NULL, NULL, '9a2a145c-352e-4858-90b6-a6c7658ac711', '2023-09-18 13:40:08', '2023-09-18 13:40:08'),
(119, 'MIKE', 'SYLIVESTER', 'SINGAELI', NULL, '255766618879', '2015/1375', NULL, '1993-03-28', 1, NULL, 7, 58, NULL, NULL, NULL, NULL, '9a2a145c-37ac-4a6b-a60a-9d75e427d363', '2023-09-18 13:40:08', '2023-09-18 13:40:08'),
(120, 'EDMUND', 'MAGAYANE', '', NULL, '255766970523', '2018/0605', NULL, '1998-11-30', 1, NULL, 7, 58, NULL, NULL, NULL, NULL, '9a2a145c-39c7-43c7-a238-d3ce7ad9a0dc', '2023-09-18 13:40:08', '2023-09-18 13:40:08'),
(121, 'BARAKA ', 'TOTO', 'SULE', NULL, '255622004709', '2018/0964', NULL, '1996-04-25', 1, NULL, 7, 58, NULL, NULL, NULL, NULL, '9a2a145c-3bef-4642-b233-9405b4f3fead', '2023-09-18 13:40:08', '2023-09-18 13:40:08'),
(122, 'REMIGIUS', 'HYERA', '', NULL, '255622325846', '2018/21714', NULL, '1988-10-25', 1, NULL, 7, 58, NULL, NULL, NULL, NULL, '9a2a145c-3e19-4f43-bdbf-63e39fe55212', '2023-09-18 13:40:08', '2023-09-18 13:40:08'),
(123, 'AMOS', 'MAGEMBE', 'NDAMO', NULL, '255752554531', '2018/20021', NULL, '1998-12-07', 1, NULL, 7, 58, NULL, NULL, NULL, NULL, '9a2a145c-402a-429f-ba82-7d00e76cdd01', '2023-09-18 13:40:08', '2023-09-18 13:40:08'),
(124, 'ABDUL', 'HARITHA', 'KOMUNGOMA', NULL, '255656040007', '2018/1014', NULL, '1999-03-15', 1, NULL, 7, 58, NULL, NULL, NULL, NULL, '9a2a145c-4243-4fd0-8cfd-cba32eb61f75', '2023-09-18 13:40:08', '2023-09-18 13:40:08'),
(125, 'Amina ', 'bakari', '', NULL, '255688068774', '', NULL, '2000-01-01', 2, NULL, 7, 58, NULL, NULL, NULL, NULL, '9a2a145c-4454-4e19-bc6f-78e95425de99', '2023-09-18 13:40:08', '2023-09-18 13:40:08'),
(126, 'MIKE', 'SYLIVESTER', 'SINGAELI', NULL, '255766618879', '2015/1375', NULL, '1993-03-28', 1, NULL, 7, 58, NULL, NULL, NULL, NULL, '9a2a145c-4667-407e-887c-1519ef56df5c', '2023-09-18 13:40:08', '2023-09-18 13:40:08'),
(127, 'KWANGULIJA', 'JAMES', 'GEBU', NULL, '255756999478', '2016/0579', NULL, '1992-12-03', 1, NULL, 7, 58, NULL, NULL, NULL, NULL, '9a2a145c-487e-4243-9050-4f6f7058de51', '2023-09-18 13:40:08', '2023-09-18 13:40:08'),
(128, 'ANASTAZIA', 'MUSSA', 'DANIEL', NULL, '255657385182', '2018/0061', NULL, '1998-10-05', 2, NULL, 7, 58, NULL, NULL, NULL, NULL, '9a2a145c-4ab9-4663-92b6-c70b3788a216', '2023-09-18 13:40:08', '2023-09-18 13:40:08'),
(129, 'ABDALLAH', 'ATHUMANI', '', NULL, '255766889720', '2018/0779', NULL, '1996-08-14', 1, NULL, 7, 58, NULL, NULL, NULL, NULL, '9a2a145c-4ccc-4d45-8061-c66ac3cc5a47', '2023-09-18 13:40:08', '2023-09-18 13:40:08');

-- --------------------------------------------------------

--
-- Table structure for table `disbursment_payments`
--

CREATE TABLE `disbursment_payments` (
  `id` int(11) NOT NULL,
  `loan_contract_id` int(11) NOT NULL,
  `loan_application_id` int(11) NOT NULL,
  `payment_reference` varchar(100) NOT NULL,
  `paid_amount` float NOT NULL,
  `payment_date` date NOT NULL,
  `remark` varchar(100) DEFAULT NULL,
  `payment_channel` varchar(50) NOT NULL,
  `payment_method` varchar(50) NOT NULL,
  `created_by` int(11) NOT NULL,
  `uuid` varchar(100) NOT NULL,
  `created_at` timestamp NOT NULL DEFAULT CURRENT_TIMESTAMP,
  `updated_at` timestamp NOT NULL DEFAULT CURRENT_TIMESTAMP ON UPDATE CURRENT_TIMESTAMP
) ENGINE=InnoDB DEFAULT CHARSET=utf8;

--
-- Dumping data for table `disbursment_payments`
--

INSERT INTO `disbursment_payments` (`id`, `loan_contract_id`, `loan_application_id`, `payment_reference`, `paid_amount`, `payment_date`, `remark`, `payment_channel`, `payment_method`, `created_by`, `uuid`, `created_at`, `updated_at`) VALUES
(4, 6, 7, 'ddddd', 100000, '2023-06-08', NULL, 'NMB', 'Bank', 1, '995d6dfb-6a2c-4c21-b16d-aeff51c88b85', '2023-06-08 20:06:02', '2023-06-08 20:06:02'),
(5, 7, 18, 'Yhsttsvsgts890998', 200000, '2023-08-05', NULL, 'NMB', 'Bank', 1, '99d197a1-ee73-472a-9c0f-a514f9fe16db', '2023-08-05 13:58:31', '2023-08-05 13:58:31'),
(6, 8, 113, 'EL8CEI23', 50000, '2019-05-13', NULL, 'NMB', 'BANK', 1, '9a2a145c-245c-4066-92d4-7409409a6415', '2023-09-18 13:40:08', '2023-09-18 13:40:08'),
(7, 9, 114, 'EL5I4223', 150000, '2019-06-13', NULL, 'NMB', 'BANK', 1, '9a2a145c-2771-4d41-9a8f-e2d390a3d9de', '2023-09-18 13:40:08', '2023-09-18 13:40:08'),
(8, 10, 115, 'EL6N2723', 50000, '2019-07-13', NULL, 'NMB', 'BANK', 1, '9a2a145c-29b3-4ec5-983f-7a67e89ddfb2', '2023-09-18 13:40:08', '2023-09-18 13:40:08'),
(9, 11, 116, 'EL252323', 100000, '2019-09-14', NULL, 'NMB', 'BANK', 1, '9a2a145c-2bde-4b43-97c9-b4f04eb613ed', '2023-09-18 13:40:08', '2023-09-18 13:40:08'),
(10, 12, 117, 'EL80N023', 200000, '2019-09-14', NULL, 'NMB', 'BANK', 1, '9a2a145c-2df0-4a8d-bce9-ed31f3b9f8cb', '2023-09-18 13:40:08', '2023-09-18 13:40:08'),
(11, 13, 118, 'EL5I1223', 220000, '2019-09-14', NULL, 'NMB', 'BANK', 1, '9a2a145c-3017-477a-aaa0-894ecf891100', '2023-09-18 13:40:08', '2023-09-18 13:40:08'),
(12, 14, 119, 'EL517323', 300000, '2019-09-14', NULL, 'NMB', 'BANK', 1, '9a2a145c-3240-4f7a-ba7f-cb5fc1c9b41f', '2023-09-18 13:40:08', '2023-09-18 13:40:08'),
(13, 15, 120, 'ELNN7223', 100000, '2019-09-14', NULL, 'NMB', 'BANK', 1, '9a2a145c-3459-44f9-80dc-96b51bbc0f4e', '2023-09-18 13:40:08', '2023-09-18 13:40:08'),
(14, 16, 121, 'EL695423', 180000, '2019-09-14', NULL, 'NMB', 'BANK', 1, '9a2a145c-36d7-4496-8445-ad91504f7b0b', '2023-09-18 13:40:08', '2023-09-18 13:40:08'),
(15, 17, 122, 'ELZD9823', 100000, '2019-09-14', NULL, 'NMB', 'BANK', 1, '9a2a145c-38f4-4f6c-8531-a2fbdb7e9985', '2023-09-18 13:40:08', '2023-09-18 13:40:08'),
(16, 18, 123, 'EL832Z23', 50000, '2019-09-14', NULL, 'NMB', 'BANK', 1, '9a2a145c-3b1c-4be8-8eb2-9276a8ecb4ad', '2023-09-18 13:40:08', '2023-09-18 13:40:08'),
(17, 19, 124, 'EL552423', 100000, '2019-10-14', NULL, 'NMB', 'BANK', 1, '9a2a145c-3d45-4621-8c5f-478d7b68c81e', '2023-09-18 13:40:08', '2023-09-18 13:40:08'),
(18, 20, 125, 'EL09D523', 100000, '2019-07-26', NULL, 'NMB', 'BANK', 1, '9a2a145c-3f55-4f14-840d-6877bd6842f2', '2023-09-18 13:40:08', '2023-09-18 13:40:08'),
(19, 21, 126, 'EL553223', 300000, '2019-07-26', NULL, 'NMB', 'BANK', 1, '9a2a145c-416c-4fdc-a215-11cbddf99822', '2023-09-18 13:40:08', '2023-09-18 13:40:08'),
(20, 22, 127, 'EL266N23', 500000, '2019-06-27', NULL, 'NMB', 'BANK', 1, '9a2a145c-4385-4852-92cd-feb8c9f0df91', '2023-09-18 13:40:08', '2023-09-18 13:40:08'),
(21, 23, 128, 'EL180123', 150000, '2019-07-27', NULL, 'NMB', 'BANK', 1, '9a2a145c-4593-4f3c-bb8d-4fb796c8adb6', '2023-09-18 13:40:08', '2023-09-18 13:40:08'),
(22, 24, 129, 'EL2Z4223', 150000, '2019-07-27', NULL, 'NMB', 'BANK', 1, '9a2a145c-47a7-48d0-b7af-ed6d079fe0f6', '2023-09-18 13:40:08', '2023-09-18 13:40:08'),
(23, 25, 130, 'EL2II123', 80000, '2019-06-28', NULL, 'NMB', 'BANK', 1, '9a2a145c-49e4-40b2-84c7-6e9eb7adae2c', '2023-09-18 13:40:08', '2023-09-18 13:40:08'),
(24, 26, 131, 'ELCR7823', 100000, '2019-07-28', NULL, 'NMB', 'BANK', 1, '9a2a145c-4bf9-4c2f-83f6-2c39a15c4228', '2023-09-18 13:40:08', '2023-09-18 13:40:08'),
(25, 27, 132, 'EL91E923', 100000, '2019-05-29', NULL, 'NMB', 'BANK', 1, '9a2a145c-4e08-412d-a1df-2671e74a9fc2', '2023-09-18 13:40:08', '2023-09-18 13:40:08');

-- --------------------------------------------------------

--
-- Table structure for table `districts`
--

CREATE TABLE `districts` (
  `id` int(11) NOT NULL,
  `name` varchar(100) COLLATE utf8mb4_unicode_ci NOT NULL,
  `region_id` int(11) NOT NULL
) ENGINE=InnoDB DEFAULT CHARSET=utf8mb4 COLLATE=utf8mb4_unicode_ci;

--
-- Dumping data for table `districts`
--

INSERT INTO `districts` (`id`, `name`, `region_id`) VALUES
(1, 'Bagamoyo', 9),
(3, 'Kibaha DC', 9),
(5, 'Kibiti', 9),
(6, 'Kilwa', 2),
(7, 'Kisarawe', 9),
(8, 'Korogwe DC', 3),
(12, 'Liwale', 2),
(16, 'Mbinga DC', 4),
(17, 'Mkinga', 3),
(18, 'Mkuranga', 9),
(19, 'Mtwara DC', 1),
(21, 'Muheza', 3),
(22, 'Nachingwea', 2),
(23, 'Namtumbo', 4),
(25, 'Nanyumbu', 1),
(26, 'Newala DC', 1),
(27, 'Nyasa', 4),
(28, 'Pangani', 3),
(29, 'Ruangwa', 2),
(30, 'Rufiji', 9),
(32, 'Tandahimba', 1),
(33, 'Tanga CC', 3),
(34, 'Tunduru', 4),
(36, 'Handeni DC', 3),
(37, 'Mafia', 9),
(39, 'Kilindi', 3),
(40, 'Morogoro DC', 10),
(41, 'Malinyi', 10),
(42, 'Kilosa', 10),
(43, 'Ulanga', 10),
(44, 'Mvomero', 10),
(45, 'Gairo', 10),
(47, 'Kyela dc', 12),
(48, 'Chunya dc', 12),
(49, 'Mbarali dc', 12),
(50, 'Iringa MC', 11),
(52, 'Mpwapwa', 7),
(53, 'Kongwa', 7),
(54, 'Bahi', 7),
(55, 'Kondoa DC', 7),
(57, 'Chamwino', 7),
(58, 'Dodoma CC', 7),
(59, 'Chemba', 7),
(60, 'Mkalama DC', 6),
(61, 'Itigi', 6),
(62, 'Manyoni', 6),
(63, 'Singida MC', 6),
(64, 'Ikungi', 6),
(65, 'Singida DC', 6),
(66, 'Iramba', 6),
(67, 'Ludewa', 13),
(68, 'Makete', 13),
(69, 'Igunga', 8),
(70, 'Kaliua', 8),
(71, 'Nzega DC', 8),
(73, 'Sikonge', 8),
(74, 'Tabora MC', 8),
(75, 'Urambo', 8),
(76, 'Uyui', 8),
(77, 'Hai', 14),
(79, 'Mwanga', 14),
(80, 'Rombo', 14),
(81, 'Siha', 14),
(82, 'Same', 14),
(90, 'Uvinza', 18),
(91, 'Rungwe', 5),
(97, 'Meru', 21),
(98, 'Arusha CC', 21),
(99, 'Monduli', 21),
(100, 'Lushoto', 3),
(126, 'Moshi DC', 14),
(127, 'Mbozi DC', 15),
(128, 'Ngara', 23),
(130, 'Bukoba MC', 23),
(131, 'Muleba', 23),
(132, 'Missenyi', 23),
(133, 'Karagwe', 23),
(135, 'Biharamulo', 23),
(141, 'Ileje DC', 15),
(144, 'Geita DC', 24),
(145, 'Bukombe', 24),
(146, 'Mbogwe', 24),
(148, 'Chato', 24),
(149, 'Nyang\'hwale', 24),
(150, 'Butiama', 25),
(151, 'Bunda DC', 25),
(153, 'Sengerema', 26),
(154, 'Magu', 26),
(158, 'Kwimba', 26),
(159, 'Misungwi', 26),
(180, 'Shinyanga MC', 17),
(187, 'Meatu', 31),
(188, 'Shinyanga DC', 17),
(191, 'Kishapu', 17),
(193, 'Maswa', 31),
(195, 'Njombe DC', 13),
(197, 'Wanging\'ombe', 13),
(199, 'Mufindi', 11),
(200, 'Iringa DC', 11),
(202, 'Hanang', 20),
(208, 'Ifakara TC', 10),
(222, 'Nsimbo DC', 16),
(223, 'Mlele DC', 16),
(224, 'Chunya', 5),
(225, 'Mbeya DC', 5),
(229, 'Farmers district', 27),
(231, 'Buhigwe', 18),
(232, 'Kibondo', 18),
(234, 'Tarime DC', 25),
(235, 'Kigoma dc', 28),
(239, 'Mbeya dc', 29),
(242, 'Bukoba DC', 23),
(249, 'Mbeya CC', 5),
(250, 'Arusha DC', 21),
(251, 'Karatu', 21),
(252, 'Kigoma MC', 18),
(253, 'Kasulu DC', 18),
(255, 'Moshi MC', 14),
(259, 'Njombe TC', 13),
(260, 'Songea DC', 4),
(261, 'Songea MC', 4),
(263, 'Ilemela MC', 26),
(264, 'Ukerewe', 26),
(265, 'Busokelo', 5),
(266, 'Mbarali', 5),
(267, 'Longido', 21),
(268, 'Kigoma DC', 18),
(269, 'Kakonko', 18),
(271, 'Makambako TC', 13),
(274, 'Rorya DC', 25),
(275, 'Serengeti', 25),
(277, 'Kiteto', 20),
(278, 'Simanjiro', 20),
(279, 'Mafinga TC', 11),
(281, 'Dar es Salaam CC', 30),
(282, 'Kinondoni MC', 30),
(283, 'Temeke MC', 30),
(284, 'Ubungo MC', 30),
(285, 'Kigamboni MC', 30),
(286, 'Bariadi DC', 31),
(287, 'Busega', 31),
(288, 'Itilima', 31),
(291, 'Kalambo', 32),
(292, 'Sumbawanga MC', 32),
(293, 'Nkasi', 32),
(294, 'Sumbawanga DC', 32),
(295, 'Kahama MC', 17),
(297, 'Morogoro MC', 10),
(302, 'Ushetu', 17),
(303, 'Buchosa', 26),
(304, 'Chalinze', 9),
(305, 'Kyela DC', 5),
(306, 'Mtwara MC', 1),
(307, 'Babati DC', 20),
(308, 'Babati TC', 20),
(310, 'Mbulu DC', 20),
(311, 'Mbulu TC', 20),
(313, 'Nanyamba TC', 1),
(315, 'Kyerwa', 23),
(318, 'Bumbuli', 3),
(319, 'Madaba', 4),
(321, 'Msalala', 17),
(324, 'Kilolo', 11),
(330, 'Korogwe TC', 3),
(337, 'Nzega TC', 8),
(338, 'Kasulu TC', 18),
(339, 'Mtama DC', 2),
(340, 'Lindi MC', 2),
(341, 'Musoma DC', 25),
(343, 'Musoma MC', 25),
(344, 'Mwanza CC', 26),
(345, 'Mbinga TC', 4),
(346, 'Bunda TC', 25),
(348, 'Masasi TC', 1),
(349, 'Masasi DC', 1),
(350, 'Newala TC', 1),
(351, 'Handeni TC', 3),
(352, 'Bariadi TC', 31),
(353, 'Tanganyika', 16),
(354, 'Mpanda MC', 16),
(355, 'Kondoa TC', 7),
(356, 'Mpimbwe DC', 16),
(358, 'Tarime TC', 25),
(360, 'Geita TC', 24),
(361, 'Mlimba DC', 10),
(363, 'Tunduma TC', 15),
(367, 'Songwe DC', 15),
(368, 'Momba DC', 15),
(441, 'Kibaha TC', 9),
(476, 'MKALAMA dc', 6);

-- --------------------------------------------------------

--
-- Table structure for table `failed_jobs`
--

CREATE TABLE `failed_jobs` (
  `id` bigint(20) UNSIGNED NOT NULL,
  `uuid` varchar(255) COLLATE utf8mb4_unicode_ci NOT NULL,
  `connection` text COLLATE utf8mb4_unicode_ci NOT NULL,
  `queue` text COLLATE utf8mb4_unicode_ci NOT NULL,
  `payload` longtext COLLATE utf8mb4_unicode_ci NOT NULL,
  `exception` longtext COLLATE utf8mb4_unicode_ci NOT NULL,
  `failed_at` timestamp NOT NULL DEFAULT CURRENT_TIMESTAMP
) ENGINE=InnoDB DEFAULT CHARSET=utf8mb4 COLLATE=utf8mb4_unicode_ci;

-- --------------------------------------------------------

--
-- Table structure for table `genders`
--

CREATE TABLE `genders` (
  `id` int(11) NOT NULL,
  `name` varchar(20) NOT NULL
) ENGINE=InnoDB DEFAULT CHARSET=utf8;

--
-- Dumping data for table `genders`
--

INSERT INTO `genders` (`id`, `name`) VALUES
(1, 'Male'),
(2, 'Female');

-- --------------------------------------------------------

--
-- Table structure for table `guarantors`
--

CREATE TABLE `guarantors` (
  `id` int(11) NOT NULL,
  `customer_id` int(11) NOT NULL,
  `loan_application_id` int(11) NOT NULL,
  `full_name` varchar(255) NOT NULL,
  `relationship` varchar(100) NOT NULL,
  `region_id` int(11) DEFAULT NULL,
  `district_id` int(11) DEFAULT NULL,
  `ward_id` int(11) DEFAULT NULL,
  `street` varchar(255) DEFAULT NULL,
  `phone_number` varchar(20) NOT NULL,
  `work` varchar(100) DEFAULT NULL,
  `office_name` varchar(100) DEFAULT NULL,
  `office_location_description` varchar(255) DEFAULT NULL,
  `uuid` varchar(100) NOT NULL,
  `created_at` timestamp NOT NULL DEFAULT CURRENT_TIMESTAMP,
  `updated_at` timestamp NOT NULL DEFAULT CURRENT_TIMESTAMP
) ENGINE=InnoDB DEFAULT CHARSET=utf8;

--
-- Dumping data for table `guarantors`
--

INSERT INTO `guarantors` (`id`, `customer_id`, `loan_application_id`, `full_name`, `relationship`, `region_id`, `district_id`, `ward_id`, `street`, `phone_number`, `work`, `office_name`, `office_location_description`, `uuid`, `created_at`, `updated_at`) VALUES
(1, 3, 12, 'Juma Khan', 'Father', NULL, NULL, NULL, NULL, '0683130185', NULL, NULL, NULL, '99c0a900-8324-40a0-9152-4226536a3e4f', '2023-07-28 03:58:01', '2023-07-28 03:58:01'),
(2, 3, 12, 'Hamisi Jameson', 'Brother', NULL, NULL, NULL, NULL, '0683130185', NULL, NULL, NULL, '99c0a900-8397-4e69-b0ea-fe52ea40f3c5', '2023-07-28 03:58:01', '2023-07-28 03:58:01'),
(3, 3, 13, 'Tahiti hayuma', 'Baba', NULL, NULL, NULL, NULL, '0683130185', NULL, NULL, NULL, '99c0b051-10d6-4f34-a145-a52d7314d4ab', '2023-07-28 04:18:28', '2023-07-28 04:18:28'),
(4, 3, 13, 'Tons haini', 'Brother', NULL, NULL, NULL, NULL, '0653190260', NULL, NULL, NULL, '99c0b051-1182-4dc0-9ca6-7c9f8eb92c10', '2023-07-28 04:18:28', '2023-07-28 04:18:28'),
(5, 3, 14, 'Tahiti hayuma', 'Baba', NULL, NULL, NULL, NULL, '0683130185', NULL, NULL, NULL, '99c0b080-3458-43fd-82d6-c76998c65bdf', '2023-07-28 04:18:59', '2023-07-28 04:18:59'),
(6, 3, 14, 'Tons haini', 'Brother', NULL, NULL, NULL, NULL, '0653190260', NULL, NULL, NULL, '99c0b080-34ae-4473-8ab0-03684d7086b6', '2023-07-28 04:18:59', '2023-07-28 04:18:59'),
(7, 3, 15, 'Maliafale kajuna', 'Brother', NULL, NULL, NULL, NULL, '0673130189', NULL, NULL, NULL, '99c0b1c3-499e-41c7-b780-7681266481c1', '2023-07-28 04:22:31', '2023-07-28 04:22:31'),
(8, 3, 15, 'Kajuna D', 'Sister', NULL, NULL, NULL, NULL, '0675123123', NULL, NULL, NULL, '99c0b1c3-4b19-465f-920e-a107f430a0e0', '2023-07-28 04:22:31', '2023-07-28 04:22:31'),
(9, 3, 16, 'Hamisi juma', 'Hamisi ali', NULL, NULL, NULL, NULL, '5555', NULL, NULL, NULL, '99c2f6f3-efec-4a3a-a512-78f0c7ed8f29', '2023-07-29 07:27:38', '2023-07-29 07:27:38'),
(10, 3, 16, 'HHhhhh', 'Ddddd', NULL, NULL, NULL, NULL, 'Hhhhhh', NULL, NULL, NULL, '99c2f6f3-f04b-459e-8cb0-42b6b34891ea', '2023-07-29 07:27:38', '2023-07-29 07:27:38'),
(11, 10, 17, 'Lupenza Juma', 'Brother', NULL, NULL, NULL, NULL, '0783130189', NULL, NULL, NULL, '99cef747-ccd7-4552-a5e1-f13484e2ae25', '2023-08-04 06:38:29', '2023-08-04 06:38:29'),
(12, 10, 17, 'Braydon Laizer', 'Brother', NULL, NULL, NULL, NULL, '0786123123', NULL, NULL, NULL, '99cef747-cdda-4923-b1ce-9eaa8ad4fed9', '2023-08-04 06:38:29', '2023-08-04 06:38:29'),
(13, 13, 18, 'Yohana laizer', 'Brother', NULL, NULL, NULL, NULL, '255683130185', NULL, NULL, NULL, '99d192ba-3c83-4fdb-960a-76ff481c899c', '2023-08-05 13:44:48', '2023-08-05 13:44:48'),
(14, 13, 18, 'Asnati Laizer', 'Sister', NULL, NULL, NULL, NULL, '255678789789', NULL, NULL, NULL, '99d192ba-3dc5-48c0-a511-96c4d8d67ca3', '2023-08-05 13:44:48', '2023-08-05 13:44:48');

-- --------------------------------------------------------

--
-- Table structure for table `installments`
--

CREATE TABLE `installments` (
  `id` int(11) NOT NULL,
  `loan_contract_id` int(11) NOT NULL,
  `installment_order` int(11) NOT NULL,
  `total_amount` float NOT NULL,
  `current_balance` float NOT NULL DEFAULT '0',
  `outstanding_amount` float NOT NULL DEFAULT '0',
  `payment_type` varchar(50) COLLATE utf8_unicode_ci DEFAULT NULL,
  `payment_date` date NOT NULL,
  `due_days` int(11) NOT NULL DEFAULT '0',
  `past_due_amount` float DEFAULT '0',
  `penalt_amount` float NOT NULL DEFAULT '0',
  `penalt_amount_paid` float NOT NULL DEFAULT '0',
  `last_paid_amount` float NOT NULL,
  `status` varchar(20) COLLATE utf8_unicode_ci NOT NULL,
  `uuid` varchar(100) COLLATE utf8_unicode_ci DEFAULT NULL,
  `created_at` timestamp NOT NULL DEFAULT CURRENT_TIMESTAMP,
  `updated_at` timestamp NOT NULL DEFAULT CURRENT_TIMESTAMP ON UPDATE CURRENT_TIMESTAMP
) ENGINE=InnoDB DEFAULT CHARSET=utf8 COLLATE=utf8_unicode_ci;

--
-- Dumping data for table `installments`
--

INSERT INTO `installments` (`id`, `loan_contract_id`, `installment_order`, `total_amount`, `current_balance`, `outstanding_amount`, `payment_type`, `payment_date`, `due_days`, `past_due_amount`, `penalt_amount`, `penalt_amount_paid`, `last_paid_amount`, `status`, `uuid`, `created_at`, `updated_at`) VALUES
(2, 6, 1, 125000, 25000, 100000, 'Installment Amount', '2023-07-08', 0, 0, 0, 0, 25000, 'OPEN', '995d6dfb-69d8-4bfe-918b-2c2505e5f26e', '2023-06-08 20:06:02', '2023-07-31 10:29:00'),
(3, 7, 1, 250000, 250000, 0, 'Installment Amount', '2023-09-05', 0, 0, 0, 0, 200000, 'CLOSED', '99d197a1-ece7-48f4-b52d-12fb4e57958d', '2023-08-05 13:58:31', '2023-08-05 14:20:56'),
(4, 8, 1, 62500, 62500, 0, 'Installment Amount', '2019-06-13', 0, 0, 0, 0, 62500, 'CLOSED', '9a2a145c-23f3-4563-b449-ffc964851b06', '2023-09-18 13:40:08', '2023-09-18 13:40:08'),
(5, 9, 1, 187500, 187500, 0, 'Installment Amount', '2019-07-13', 0, 0, 0, 0, 187500, 'CLOSED', '9a2a145c-273e-40c1-b08f-9351fcd71842', '2023-09-18 13:40:08', '2023-09-18 13:40:08'),
(6, 10, 1, 62500, 62500, 0, 'Installment Amount', '2019-08-13', 0, 0, 0, 0, 62500, 'CLOSED', '9a2a145c-2984-45ee-89f9-d0f0d5cc8c27', '2023-09-18 13:40:08', '2023-09-18 13:40:08'),
(7, 11, 1, 125000, 125000, 0, 'Installment Amount', '2019-10-14', 0, 0, 0, 0, 125000, 'CLOSED', '9a2a145c-2bab-46fb-9a8a-85a74a0761d4', '2023-09-18 13:40:08', '2023-09-18 13:40:08'),
(8, 12, 1, 250000, 250000, 0, 'Installment Amount', '2019-10-14', 0, 0, 0, 0, 250000, 'CLOSED', '9a2a145c-2dc0-409b-a5b5-7c22dab41891', '2023-09-18 13:40:08', '2023-09-18 13:40:08'),
(9, 13, 1, 275000, 275000, 0, 'Installment Amount', '2019-10-14', 0, 0, 0, 0, 275000, 'CLOSED', '9a2a145c-2fe8-4be9-b725-8509d2dc939c', '2023-09-18 13:40:08', '2023-09-18 13:40:08'),
(10, 14, 1, 375000, 375000, 0, 'Installment Amount', '2019-10-14', 0, 0, 0, 0, 375000, 'CLOSED', '9a2a145c-3213-49dc-9b53-f3811aab8733', '2023-09-18 13:40:08', '2023-09-18 13:40:08'),
(11, 15, 1, 125000, 125000, 0, 'Installment Amount', '2019-10-14', 0, 0, 0, 0, 125000, 'CLOSED', '9a2a145c-3429-4e3e-a857-99a0dfda6be2', '2023-09-18 13:40:08', '2023-09-18 13:40:08'),
(12, 16, 1, 225000, 225000, 0, 'Installment Amount', '2019-10-14', 0, 0, 0, 0, 225000, 'CLOSED', '9a2a145c-36a8-4ba2-bf15-c45bcdb62975', '2023-09-18 13:40:08', '2023-09-18 13:40:08'),
(13, 17, 1, 125000, 125000, 0, 'Installment Amount', '2019-10-14', 0, 0, 0, 0, 125000, 'CLOSED', '9a2a145c-38c3-4d29-a387-effe8c5921b0', '2023-09-18 13:40:08', '2023-09-18 13:40:08'),
(14, 18, 1, 62500, 62500, 0, 'Installment Amount', '2019-10-14', 0, 0, 0, 0, 62500, 'CLOSED', '9a2a145c-3aed-4272-a994-871cbf53876a', '2023-09-18 13:40:08', '2023-09-18 13:40:08'),
(15, 19, 1, 125000, 125000, 0, 'Installment Amount', '2019-11-14', 0, 0, 0, 0, 125000, 'CLOSED', '9a2a145c-3d18-4c7b-b267-b65af6401da8', '2023-09-18 13:40:08', '2023-09-18 13:40:08'),
(16, 20, 1, 125000, 125000, 0, 'Installment Amount', '2019-08-26', 0, 0, 0, 0, 125000, 'CLOSED', '9a2a145c-3f28-464e-8bb5-fb28dd113325', '2023-09-18 13:40:08', '2023-09-18 13:40:08'),
(17, 21, 1, 375000, 375000, 0, 'Installment Amount', '2019-08-26', 0, 0, 0, 0, 375000, 'CLOSED', '9a2a145c-413e-434b-9b64-2fd24a377984', '2023-09-18 13:40:08', '2023-09-18 13:40:08'),
(18, 22, 1, 625000, 625000, 0, 'Installment Amount', '2019-07-27', 0, 0, 0, 0, 625000, 'CLOSED', '9a2a145c-4357-495d-a594-077ac4917162', '2023-09-18 13:40:08', '2023-09-18 13:40:08'),
(19, 23, 1, 187500, 187500, 0, 'Installment Amount', '2019-08-27', 0, 0, 0, 0, 187500, 'CLOSED', '9a2a145c-4565-45c8-8ce0-f735dd04b87c', '2023-09-18 13:40:08', '2023-09-18 13:40:08'),
(20, 24, 1, 187500, 187500, 0, 'Installment Amount', '2019-08-27', 0, 0, 0, 0, 187500, 'CLOSED', '9a2a145c-4777-4f44-9d8a-b1a000c39220', '2023-09-18 13:40:08', '2023-09-18 13:40:08'),
(21, 25, 1, 100000, 100000, 0, 'Installment Amount', '2019-07-28', 0, 0, 0, 0, 100000, 'CLOSED', '9a2a145c-49b6-457b-bb60-bf0af471d22d', '2023-09-18 13:40:08', '2023-09-18 13:40:08'),
(22, 26, 1, 125000, 125000, 0, 'Installment Amount', '2019-08-28', 0, 0, 0, 0, 125000, 'CLOSED', '9a2a145c-4bcd-4b90-ba45-bc14c0fd2fdb', '2023-09-18 13:40:08', '2023-09-18 13:40:08'),
(23, 27, 1, 125000, 125000, 0, 'Installment Amount', '2019-06-29', 0, 0, 0, 0, 125000, 'CLOSED', '9a2a145c-4ddb-4030-a3b3-0d7b3f04be0c', '2023-09-18 13:40:08', '2023-09-18 13:40:08');

-- --------------------------------------------------------

--
-- Table structure for table `loan_applications`
--

CREATE TABLE `loan_applications` (
  `id` int(11) NOT NULL,
  `customer_id` int(11) NOT NULL,
  `amount` float NOT NULL,
  `loan_amount` float NOT NULL,
  `plan` int(11) NOT NULL,
  `installment_amount` float DEFAULT NULL,
  `interest_rate` varchar(10) DEFAULT NULL,
  `interest_amount` float DEFAULT NULL,
  `fees_amount` float DEFAULT NULL,
  `level` varchar(20) DEFAULT NULL,
  `remark` varchar(255) DEFAULT NULL,
  `attended_by` varchar(255) DEFAULT NULL,
  `attended_date` date DEFAULT NULL,
  `loan_code` varchar(20) DEFAULT NULL,
  `uuid` varchar(255) NOT NULL,
  `start_date` date DEFAULT NULL,
  `created_at` timestamp NULL DEFAULT CURRENT_TIMESTAMP,
  `updated_at` timestamp NULL DEFAULT CURRENT_TIMESTAMP ON UPDATE CURRENT_TIMESTAMP
) ENGINE=InnoDB DEFAULT CHARSET=utf8;

--
-- Dumping data for table `loan_applications`
--

INSERT INTO `loan_applications` (`id`, `customer_id`, `amount`, `loan_amount`, `plan`, `installment_amount`, `interest_rate`, `interest_amount`, `fees_amount`, `level`, `remark`, `attended_by`, `attended_date`, `loan_code`, `uuid`, `start_date`, `created_at`, `updated_at`) VALUES
(1, 3, 100000, 125000, 1, 125000, '0.25', 25000, NULL, 'Canceled', NULL, NULL, NULL, 'ELCIA423', '9956be5c-7bf2-47c3-9426-e71c97f109e1', NULL, '2023-06-05 12:19:59', '2023-06-05 12:33:45'),
(2, 3, 100000, 125000, 1, 125000, '0.25', 25000, NULL, 'Canceled', NULL, NULL, NULL, 'EL436523', '9956bed1-8f01-4912-a62b-6c2c22e4d79a', NULL, '2023-06-05 12:21:16', '2023-06-05 12:33:45'),
(3, 3, 100000, 125000, 1, 125000, '0.25', 25000, NULL, 'Canceled', NULL, NULL, NULL, 'EL2N4323', '9956bf2a-f36b-475e-aa90-893fe43e26a6', NULL, '2023-06-05 12:22:15', '2023-06-05 12:33:45'),
(4, 3, 100000, 125000, 1, 125000, '0.25', 25000, NULL, 'Canceled', NULL, NULL, NULL, 'EL802N23', '9956bf74-49b1-4351-b18f-7b54a35707bf', NULL, '2023-06-05 12:23:03', '2023-06-05 12:33:45'),
(5, 3, 100000, 125000, 1, 125000, '0.25', 25000, NULL, 'Canceled', NULL, NULL, NULL, 'EL94C323', '9956c348-3967-4915-acca-a055891327de', NULL, '2023-06-05 12:33:45', '2023-06-05 12:38:26'),
(6, 3, 100000, 125000, 1, 125000, '0.25', 25000, NULL, 'Canceled', NULL, NULL, NULL, 'EL345E23', '9956c4f5-4c7a-4e00-801a-206d32cc1e45', NULL, '2023-06-05 12:38:26', '2023-06-05 13:57:58'),
(7, 3, 100000, 125000, 1, 125000, '0.25', 25000, NULL, 'GRANTED', 'Not int', '1', NULL, 'EL57C423', '9956e167-8fac-4ec8-b7c3-c69f68fc64ef', NULL, '2023-06-05 13:57:58', '2023-06-08 20:03:32'),
(8, 3, 10000, 12500, 1, 12500, '0.25', 2500, NULL, 'Canceled', NULL, NULL, NULL, 'EL5FI923', '99c09d04-7750-4d55-bf36-c7b72207bd60', NULL, '2023-07-28 03:24:30', '2023-07-28 03:29:37'),
(9, 3, 100000, 125000, 1, 125000, '0.25', 25000, NULL, 'Canceled', NULL, NULL, NULL, 'EL4F8E23', '99c09ed8-381d-4ce2-94d3-39c8b2755233', NULL, '2023-07-28 03:29:37', '2023-07-28 03:30:25'),
(10, 3, 100000, 125000, 1, 125000, '0.25', 25000, NULL, 'Canceled', NULL, NULL, NULL, 'ELERN323', '99c09f22-607f-49b0-9257-350be952da8b', NULL, '2023-07-28 03:30:26', '2023-07-28 03:45:01'),
(11, 3, 40000, 50000, 1, 50000, '0.25', 10000, NULL, 'Canceled', NULL, NULL, NULL, 'ELNA2823', '99c0a45a-abea-494a-80cd-4f2a8f620d7d', NULL, '2023-07-28 03:45:01', '2023-07-28 03:58:01'),
(12, 3, 40000, 50000, 1, 50000, '0.25', 10000, NULL, 'Canceled', NULL, NULL, NULL, 'EL478123', '99c0a900-804c-4912-972b-b5e0e253814c', NULL, '2023-07-28 03:58:01', '2023-07-28 04:18:28'),
(13, 3, 40000, 50000, 1, 50000, '0.25', 10000, NULL, 'Canceled', NULL, NULL, NULL, 'EL297423', '99c0b051-0dcd-459b-aee3-b93a77306559', NULL, '2023-07-28 04:18:28', '2023-07-28 04:18:59'),
(14, 3, 40000, 50000, 1, 50000, '0.25', 10000, NULL, 'Canceled', NULL, NULL, NULL, 'ELNF0A23', '99c0b080-322b-4cb5-a50a-509f6e4f311b', NULL, '2023-07-28 04:18:59', '2023-07-28 04:22:31'),
(15, 3, 40000, 50000, 1, 50000, '0.25', 10000, NULL, 'Canceled', NULL, NULL, NULL, 'EL3L3D23', '99c0b1c3-4732-465a-8dd3-49c22ad87490', NULL, '2023-07-28 04:22:31', '2023-07-29 07:27:38'),
(16, 3, 40000, 50000, 1, 50000, '0.25', 10000, NULL, 'Canceled', NULL, NULL, NULL, 'EL8L5023', '99c2f6f3-ec61-4305-b6e4-cf22e6f8cb85', NULL, '2023-07-29 07:27:38', '2023-08-03 07:02:59'),
(17, 10, 180000, 225000, 1, 225000, '0.25', 45000, NULL, 'Initiated', NULL, NULL, NULL, 'EL833223', '99cef747-c7da-4f87-b01d-9adfae090230', NULL, '2023-08-04 06:38:29', '2023-08-04 06:38:29'),
(18, 13, 200000, 250000, 1, 250000, '0.25', 50000, NULL, 'CLOSED', NULL, NULL, NULL, 'EL384N23', '99d192ba-372f-406a-9bcc-3c2a0bd78461', NULL, '2023-08-05 13:44:48', '2023-08-05 14:20:56'),
(19, 14, 50000, 62500, 1, 62500, '0.25', 12500, NULL, 'CLOSED', NULL, NULL, NULL, 'EL635123', '9a29f080-8fca-45ed-908c-4c22419b32fa', NULL, '2023-09-18 11:59:52', '2023-09-18 11:59:52'),
(20, 15, 50000, 62500, 1, 62500, '0.25', 12500, NULL, 'CLOSED', NULL, NULL, NULL, 'EL6E2223', '9a29f0fe-fd67-4613-82a5-9bc465f129fb', NULL, '2023-09-18 12:01:15', '2023-09-18 12:01:15'),
(21, 16, 50000, 62500, 1, 62500, '0.25', 12500, NULL, 'CLOSED', NULL, NULL, NULL, 'ELI00R23', '9a29fa6a-ad66-4315-b259-bdb049563d74', NULL, '2023-09-18 12:27:36', '2023-09-18 12:27:36'),
(22, 17, 50000, 62500, 1, 62500, '0.25', 12500, NULL, 'CLOSED', NULL, NULL, NULL, 'EL591R23', '9a29fbd5-3e2b-4737-a80f-14806ab701bb', '2019-05-13', '2023-09-18 12:31:33', '2023-09-18 12:31:33'),
(23, 18, 50000, 62500, 1, 62500, '0.25', 12500, NULL, 'CLOSED', NULL, NULL, NULL, 'ELCNLN23', '9a29fcb2-bb4c-43ee-b875-3e9ed7a0fca1', '2019-05-13', '2023-09-18 12:33:59', '2023-09-18 12:33:59'),
(24, 19, 150000, 187500, 1, 187500, '0.25', 37500, NULL, 'CLOSED', NULL, NULL, NULL, 'EL487A23', '9a29fcb2-bc95-48ed-b34e-2219cdbd229e', '2019-06-13', '2023-09-18 12:33:59', '2023-09-18 12:33:59'),
(25, 20, 50000, 62500, 1, 62500, '0.25', 12500, NULL, 'CLOSED', NULL, NULL, NULL, 'EL7EZ423', '9a29fcb2-bdb6-4cb2-a2bc-7f3450e96b51', '2019-07-13', '2023-09-18 12:33:59', '2023-09-18 12:33:59'),
(26, 21, 100000, 125000, 1, 125000, '0.25', 25000, NULL, 'CLOSED', NULL, NULL, NULL, 'EL23I423', '9a29fcb2-beef-4a3c-89b7-c041183a3e90', '2019-09-14', '2023-09-18 12:33:59', '2023-09-18 12:33:59'),
(27, 22, 50000, 62500, 1, 62500, '0.25', 12500, NULL, 'CLOSED', NULL, NULL, NULL, 'EL455323', '9a29fd27-4774-44f7-ba7b-428bd3fa8744', '2019-05-13', '2023-09-18 12:35:15', '2023-09-18 12:35:15'),
(28, 23, 150000, 187500, 1, 187500, '0.25', 37500, NULL, 'CLOSED', NULL, NULL, NULL, 'EL34ZR23', '9a29fd27-48b3-419b-8e91-0105880dcfe1', '2019-06-13', '2023-09-18 12:35:15', '2023-09-18 12:35:15'),
(29, 24, 50000, 62500, 1, 62500, '0.25', 12500, NULL, 'CLOSED', NULL, NULL, NULL, 'ELE07R23', '9a29fd27-49d8-496e-af90-8b08b74ada8d', '2019-07-13', '2023-09-18 12:35:15', '2023-09-18 12:35:15'),
(30, 25, 100000, 125000, 1, 125000, '0.25', 25000, NULL, 'CLOSED', NULL, NULL, NULL, 'EL122N23', '9a29fd27-4b02-4158-b6d1-d1e5e300e4ee', '2019-09-14', '2023-09-18 12:35:15', '2023-09-18 12:35:15'),
(31, 26, 50000, 62500, 1, 62500, '0.25', 12500, NULL, 'CLOSED', NULL, NULL, NULL, 'ELEC4C23', '9a29fdbd-96b8-4793-bd20-1db98950eead', '2019-05-13', '2023-09-18 12:36:53', '2023-09-18 12:36:53'),
(32, 27, 150000, 187500, 1, 187500, '0.25', 37500, NULL, 'CLOSED', NULL, NULL, NULL, 'EL0NI823', '9a29fdbd-97f6-47ed-8c63-4f6ada1b8f13', '2019-06-13', '2023-09-18 12:36:53', '2023-09-18 12:36:53'),
(33, 28, 50000, 62500, 1, 62500, '0.25', 12500, NULL, 'CLOSED', NULL, NULL, NULL, 'EL758023', '9a29fdbd-9928-4318-8df7-e1850f277bac', '2019-07-13', '2023-09-18 12:36:53', '2023-09-18 12:36:53'),
(34, 29, 100000, 125000, 1, 125000, '0.25', 25000, NULL, 'CLOSED', NULL, NULL, NULL, 'ELD6R923', '9a29fdbd-9a4b-4f59-a703-ad046c949011', '2019-09-14', '2023-09-18 12:36:53', '2023-09-18 12:36:53'),
(35, 30, 50000, 62500, 1, 62500, '0.25', 12500, NULL, 'CLOSED', NULL, NULL, NULL, 'ELRCE023', '9a29fe16-0c1b-4f54-948e-4f193d412450', '2019-05-13', '2023-09-18 12:37:51', '2023-09-18 12:37:51'),
(36, 31, 150000, 187500, 1, 187500, '0.25', 37500, NULL, 'CLOSED', NULL, NULL, NULL, 'EL3Z8223', '9a29fe16-0d58-4f2a-8b20-3b53896d74a0', '2019-06-13', '2023-09-18 12:37:51', '2023-09-18 12:37:51'),
(37, 32, 50000, 62500, 1, 62500, '0.25', 12500, NULL, 'CLOSED', NULL, NULL, NULL, 'EL8CC523', '9a29fe16-0e8b-4339-9660-6d5483af98e2', '2019-07-13', '2023-09-18 12:37:51', '2023-09-18 12:37:51'),
(38, 33, 100000, 125000, 1, 125000, '0.25', 25000, NULL, 'CLOSED', NULL, NULL, NULL, 'ELRI9L23', '9a29fe16-0faf-4673-a81f-b50b0fac00eb', '2019-09-14', '2023-09-18 12:37:51', '2023-09-18 12:37:51'),
(39, 34, 50000, 62500, 1, 62500, '0.25', 12500, NULL, 'CLOSED', NULL, NULL, NULL, 'ELRA5N23', '9a29fef9-9d20-40f6-8452-3a43cbe2e147', '2019-05-13', '2023-09-18 12:40:21', '2023-09-18 12:40:21'),
(40, 35, 150000, 187500, 1, 187500, '0.25', 37500, NULL, 'CLOSED', NULL, NULL, NULL, 'ELN3N423', '9a29fef9-9e72-4206-99f0-a31308fa2e68', '2019-06-13', '2023-09-18 12:40:21', '2023-09-18 12:40:21'),
(41, 36, 50000, 62500, 1, 62500, '0.25', 12500, NULL, 'CLOSED', NULL, NULL, NULL, 'EL654923', '9a29fef9-9f97-489a-85ad-db60e87c0761', '2019-07-13', '2023-09-18 12:40:21', '2023-09-18 12:40:21'),
(42, 37, 100000, 125000, 1, 125000, '0.25', 25000, NULL, 'CLOSED', NULL, NULL, NULL, 'ELI63523', '9a29fef9-a0c3-4ba5-a4ea-a82747ee1d3a', '2019-09-14', '2023-09-18 12:40:21', '2023-09-18 12:40:21'),
(43, 38, 200000, 250000, 1, 250000, '0.25', 50000, NULL, 'CLOSED', NULL, NULL, NULL, 'EL424823', '9a29fef9-a1de-44d7-aa66-72b97a346e40', '2019-09-14', '2023-09-18 12:40:21', '2023-09-18 12:40:21'),
(44, 39, 220000, 275000, 1, 275000, '0.25', 55000, NULL, 'CLOSED', NULL, NULL, NULL, 'ELAE2L23', '9a29fef9-a2f3-4e06-a43e-2ab194130da6', '2019-09-14', '2023-09-18 12:40:21', '2023-09-18 12:40:21'),
(45, 40, 300000, 375000, 1, 375000, '0.25', 75000, NULL, 'CLOSED', NULL, NULL, NULL, 'EL288323', '9a29fef9-a410-4af3-b473-2adbf27e4754', '2019-09-14', '2023-09-18 12:40:21', '2023-09-18 12:40:21'),
(46, 41, 100000, 125000, 1, 125000, '0.25', 25000, NULL, 'CLOSED', NULL, NULL, NULL, 'EL372323', '9a29fef9-a53a-47e4-b189-0fc7ed78c884', '2019-09-14', '2023-09-18 12:40:21', '2023-09-18 12:40:21'),
(47, 42, 180000, 225000, 1, 225000, '0.25', 45000, NULL, 'CLOSED', NULL, NULL, NULL, 'EL56R923', '9a29fef9-a650-4f62-9e45-2f106dec6582', '2019-09-14', '2023-09-18 12:40:21', '2023-09-18 12:40:21'),
(48, 43, 100000, 125000, 1, 125000, '0.25', 25000, NULL, 'CLOSED', NULL, NULL, NULL, 'EL8EE223', '9a29fef9-a769-4057-a43f-7e3f9345e5ad', '2019-09-14', '2023-09-18 12:40:21', '2023-09-18 12:40:21'),
(49, 44, 50000, 62500, 1, 62500, '0.25', 12500, NULL, 'CLOSED', NULL, NULL, NULL, 'ELE82423', '9a29fef9-a889-4dce-ba76-bd931c771eda', '2019-09-14', '2023-09-18 12:40:21', '2023-09-18 12:40:21'),
(50, 45, 100000, 125000, 1, 125000, '0.25', 25000, NULL, 'CLOSED', NULL, NULL, NULL, 'EL34N323', '9a29fef9-a9a8-48a1-8a98-2132542ee196', '2019-10-14', '2023-09-18 12:40:21', '2023-09-18 12:40:21'),
(51, 46, 100000, 125000, 1, 125000, '0.25', 25000, NULL, 'CLOSED', NULL, NULL, NULL, 'ELEN5323', '9a29fef9-aac6-4b56-86e8-c2c79fc9a62b', '2019-07-26', '2023-09-18 12:40:21', '2023-09-18 12:40:21'),
(52, 48, 50000, 62500, 1, 62500, '0.25', 12500, NULL, 'CLOSED', NULL, NULL, NULL, 'ELI58023', '9a2a042f-ea36-467e-8fbe-7f5c66699d26', '2019-05-13', '2023-09-18 12:54:55', '2023-09-18 12:54:55'),
(53, 49, 150000, 187500, 1, 187500, '0.25', 37500, NULL, 'CLOSED', NULL, NULL, NULL, 'EL6AE023', '9a2a042f-eb73-4a21-8f7a-7ea9bc467354', '2019-06-13', '2023-09-18 12:54:55', '2023-09-18 12:54:55'),
(54, 50, 50000, 62500, 1, 62500, '0.25', 12500, NULL, 'CLOSED', NULL, NULL, NULL, 'ELIER123', '9a2a042f-ec95-4bd8-9c02-4c6c33a925da', '2019-07-13', '2023-09-18 12:54:55', '2023-09-18 12:54:55'),
(55, 51, 100000, 125000, 1, 125000, '0.25', 25000, NULL, 'CLOSED', NULL, NULL, NULL, 'EL834423', '9a2a042f-edb7-46bf-85e3-fe65e6aaf224', '2019-09-14', '2023-09-18 12:54:55', '2023-09-18 12:54:55'),
(56, 52, 200000, 250000, 1, 250000, '0.25', 50000, NULL, 'CLOSED', NULL, NULL, NULL, 'ELFL5L23', '9a2a042f-eecd-4a49-b60d-1f2b0452967e', '2019-09-14', '2023-09-18 12:54:55', '2023-09-18 12:54:55'),
(57, 53, 220000, 275000, 1, 275000, '0.25', 55000, NULL, 'CLOSED', NULL, NULL, NULL, 'ELAE4A23', '9a2a042f-eff3-42d1-b781-4d459cd2ca5c', '2019-09-14', '2023-09-18 12:54:55', '2023-09-18 12:54:55'),
(58, 54, 300000, 375000, 1, 375000, '0.25', 75000, NULL, 'CLOSED', NULL, NULL, NULL, 'EL2NC923', '9a2a042f-f126-44c4-bde0-480ff2f4aa01', '2019-09-14', '2023-09-18 12:54:55', '2023-09-18 12:54:55'),
(59, 55, 100000, 125000, 1, 125000, '0.25', 25000, NULL, 'CLOSED', NULL, NULL, NULL, 'EL4E3323', '9a2a042f-f24e-49e8-8d23-0105d370db89', '2019-09-14', '2023-09-18 12:54:55', '2023-09-18 12:54:55'),
(60, 56, 180000, 225000, 1, 225000, '0.25', 45000, NULL, 'CLOSED', NULL, NULL, NULL, 'EL5F8023', '9a2a042f-f36b-4dbb-bc43-bea90bdbeb4a', '2019-09-14', '2023-09-18 12:54:55', '2023-09-18 12:54:55'),
(61, 57, 100000, 125000, 1, 125000, '0.25', 25000, NULL, 'CLOSED', NULL, NULL, NULL, 'EL4D9A23', '9a2a042f-f482-40d0-9616-333cec65128e', '2019-09-14', '2023-09-18 12:54:55', '2023-09-18 12:54:55'),
(62, 58, 50000, 62500, 1, 62500, '0.25', 12500, NULL, 'CLOSED', NULL, NULL, NULL, 'EL71E323', '9a2a042f-f599-4faf-a240-1cfa83325c66', '2019-09-14', '2023-09-18 12:54:55', '2023-09-18 12:54:55'),
(63, 59, 100000, 125000, 1, 125000, '0.25', 25000, NULL, 'CLOSED', NULL, NULL, NULL, 'EL5F6523', '9a2a042f-f6b2-4c51-bee0-d63c927d1473', '2019-10-14', '2023-09-18 12:54:55', '2023-09-18 12:54:55'),
(64, 60, 100000, 125000, 1, 125000, '0.25', 25000, NULL, 'CLOSED', NULL, NULL, NULL, 'ELN8F123', '9a2a042f-f7cc-434a-8542-aae3227d3298', '2019-07-26', '2023-09-18 12:54:55', '2023-09-18 12:54:55'),
(65, 62, 50000, 62500, 1, 62500, '0.25', 12500, NULL, 'CLOSED', NULL, NULL, NULL, 'EL304623', '9a2a0466-3f5a-4850-a297-579bd9e495cb', '2019-05-13', '2023-09-18 12:55:31', '2023-09-18 12:55:31'),
(66, 63, 150000, 187500, 1, 187500, '0.25', 37500, NULL, 'CLOSED', NULL, NULL, NULL, 'EL9L7E23', '9a2a0466-4098-4bb5-a5ae-8e7207684fc8', '2019-06-13', '2023-09-18 12:55:31', '2023-09-18 12:55:31'),
(67, 64, 50000, 62500, 1, 62500, '0.25', 12500, NULL, 'CLOSED', NULL, NULL, NULL, 'ELA66323', '9a2a0466-41b7-4edb-a347-cb10ce5969e3', '2019-07-13', '2023-09-18 12:55:31', '2023-09-18 12:55:31'),
(68, 65, 100000, 125000, 1, 125000, '0.25', 25000, NULL, 'CLOSED', NULL, NULL, NULL, 'EL532823', '9a2a0466-42d9-4b12-aabf-9cc745b48746', '2019-09-14', '2023-09-18 12:55:31', '2023-09-18 12:55:31'),
(69, 66, 200000, 250000, 1, 250000, '0.25', 50000, NULL, 'CLOSED', NULL, NULL, NULL, 'EL4RN123', '9a2a0466-43f0-4da8-aa59-22ef2f0a13e0', '2019-09-14', '2023-09-18 12:55:31', '2023-09-18 12:55:31'),
(70, 67, 220000, 275000, 1, 275000, '0.25', 55000, NULL, 'CLOSED', NULL, NULL, NULL, 'EL35E223', '9a2a0466-450c-4e2a-ae24-f728dc69e1ba', '2019-09-14', '2023-09-18 12:55:31', '2023-09-18 12:55:31'),
(71, 68, 300000, 375000, 1, 375000, '0.25', 75000, NULL, 'CLOSED', NULL, NULL, NULL, 'ELL3Z823', '9a2a0466-4629-4637-a567-a1c305f9f335', '2019-09-14', '2023-09-18 12:55:31', '2023-09-18 12:55:31'),
(72, 69, 100000, 125000, 1, 125000, '0.25', 25000, NULL, 'CLOSED', NULL, NULL, NULL, 'EL033423', '9a2a0466-4749-4643-9f53-fbe671ccf33e', '2019-09-14', '2023-09-18 12:55:31', '2023-09-18 12:55:31'),
(73, 70, 180000, 225000, 1, 225000, '0.25', 45000, NULL, 'CLOSED', NULL, NULL, NULL, 'EL472523', '9a2a0466-4866-4032-b641-176df9d3f29f', '2019-09-14', '2023-09-18 12:55:31', '2023-09-18 12:55:31'),
(74, 71, 100000, 125000, 1, 125000, '0.25', 25000, NULL, 'CLOSED', NULL, NULL, NULL, 'EL463N23', '9a2a0466-497e-4a79-930d-c43c7e36a0dd', '2019-09-14', '2023-09-18 12:55:31', '2023-09-18 12:55:31'),
(75, 72, 50000, 62500, 1, 62500, '0.25', 12500, NULL, 'CLOSED', NULL, NULL, NULL, 'EL433323', '9a2a0466-4a97-4257-9044-71130b780f73', '2019-09-14', '2023-09-18 12:55:31', '2023-09-18 12:55:31'),
(76, 73, 100000, 125000, 1, 125000, '0.25', 25000, NULL, 'CLOSED', NULL, NULL, NULL, 'ELIF5423', '9a2a0466-4bb9-4d71-9777-fc5867af0eca', '2019-10-14', '2023-09-18 12:55:31', '2023-09-18 12:55:31'),
(77, 74, 100000, 125000, 1, 125000, '0.25', 25000, NULL, 'CLOSED', NULL, NULL, NULL, 'ELE4F523', '9a2a0466-4ccf-4328-9c0e-36617f9f76ee', '2019-07-26', '2023-09-18 12:55:31', '2023-09-18 12:55:31'),
(78, 75, 300000, 375000, 1, 375000, '0.25', 75000, NULL, 'CLOSED', NULL, NULL, NULL, 'EL655223', '9a2a0466-4dea-4a00-a4a6-b9c198815ab0', '2019-07-26', '2023-09-18 12:55:31', '2023-09-18 12:55:31'),
(79, 76, 500000, 625000, 1, 625000, '0.25', 125000, NULL, 'CLOSED', NULL, NULL, NULL, 'EL0EE823', '9a2a0466-4eff-417d-893c-106e4ae6e194', '2019-06-27', '2023-09-18 12:55:31', '2023-09-18 12:55:31'),
(80, 77, 150000, 187500, 1, 187500, '0.25', 37500, NULL, 'CLOSED', NULL, NULL, NULL, 'EL6R2223', '9a2a0466-5010-42e3-a618-842a6d8b4ec6', '2019-07-27', '2023-09-18 12:55:31', '2023-09-18 12:55:31'),
(81, 78, 150000, 187500, 1, 187500, '0.25', 37500, NULL, 'CLOSED', NULL, NULL, NULL, 'EL14RL23', '9a2a0466-512b-4a9b-bb9d-737611750e0f', '2019-07-27', '2023-09-18 12:55:31', '2023-09-18 12:55:31'),
(82, 79, 80000, 100000, 1, 100000, '0.25', 20000, NULL, 'CLOSED', NULL, NULL, NULL, 'EL65ZN23', '9a2a0466-5245-4c63-980b-39f78dcebffa', '2019-06-28', '2023-09-18 12:55:31', '2023-09-18 12:55:31'),
(83, 80, 100000, 125000, 1, 125000, '0.25', 25000, NULL, 'CLOSED', NULL, NULL, NULL, 'EL97EE23', '9a2a0466-535f-4269-b8d1-2fb46fc9bd90', '2019-07-28', '2023-09-18 12:55:31', '2023-09-18 12:55:31'),
(84, 81, 100000, 125000, 1, 125000, '0.25', 25000, NULL, 'CLOSED', NULL, NULL, NULL, 'ELL88223', '9a2a0466-5473-467b-8d7a-b7f328ba8e8f', '2019-05-29', '2023-09-18 12:55:31', '2023-09-18 12:55:31'),
(85, 82, 50000, 62500, 1, 62500, '0.25', 12500, NULL, 'CLOSED', NULL, NULL, NULL, 'EL346023', '9a2a048f-c350-43f4-ac3e-c33458cfa389', '2019-05-13', '2023-09-18 12:55:58', '2023-09-18 12:55:58'),
(86, 83, 50000, 62500, 1, 62500, '0.25', 12500, NULL, 'CLOSED', NULL, NULL, NULL, 'EL3C4023', '9a2a0ab5-f1d2-452e-9bc9-9e3b0f3dd70b', '2019-05-13', '2023-09-18 13:13:10', '2023-09-18 13:13:10'),
(87, 84, 50000, 62500, 1, 62500, '0.25', 12500, NULL, 'CLOSED', NULL, NULL, NULL, 'ELC8L423', '9a2a0ad4-ddb6-4851-867c-2ba3e9741819', '2019-05-13', '2023-09-18 13:13:30', '2023-09-18 13:13:30'),
(88, 85, 50000, 62500, 1, 62500, '0.25', 12500, NULL, 'CLOSED', NULL, NULL, NULL, 'EL4ER423', '9a2a0c60-01ef-4489-87d8-0f2864ecae5f', '2019-05-13', '2023-09-18 13:17:49', '2023-09-18 13:17:49'),
(89, 86, 150000, 187500, 1, 187500, '0.25', 37500, NULL, 'CLOSED', NULL, NULL, NULL, 'EL3D8223', '9a2a0c60-0335-4888-86d9-bac6576af41c', '2019-06-13', '2023-09-18 13:17:49', '2023-09-18 13:17:49'),
(90, 87, 50000, 62500, 1, 62500, '0.25', 12500, NULL, 'CLOSED', NULL, NULL, NULL, 'EL5R3823', '9a2a0c60-045b-4ca0-a377-20394c7ea366', '2019-07-13', '2023-09-18 13:17:49', '2023-09-18 13:17:49'),
(91, 88, 100000, 125000, 1, 125000, '0.25', 25000, NULL, 'CLOSED', NULL, NULL, NULL, 'EL55RZ23', '9a2a0c60-058b-44b8-ba4a-9e2ff7bef1b9', '2019-09-14', '2023-09-18 13:17:49', '2023-09-18 13:17:49'),
(92, 89, 200000, 250000, 1, 250000, '0.25', 50000, NULL, 'CLOSED', NULL, NULL, NULL, 'EL922723', '9a2a0c60-06a9-4a09-829a-7db21c2fd854', '2019-09-14', '2023-09-18 13:17:49', '2023-09-18 13:17:49'),
(93, 90, 220000, 275000, 1, 275000, '0.25', 55000, NULL, 'CLOSED', NULL, NULL, NULL, 'EL55F523', '9a2a0c60-07c4-4793-91ea-5b6abcc9e98d', '2019-09-14', '2023-09-18 13:17:49', '2023-09-18 13:17:49'),
(94, 91, 300000, 375000, 1, 375000, '0.25', 75000, NULL, 'CLOSED', NULL, NULL, NULL, 'EL58NR23', '9a2a0c60-08f6-4736-a634-cc6931974fe9', '2019-09-14', '2023-09-18 13:17:49', '2023-09-18 13:17:49'),
(95, 92, 100000, 125000, 1, 125000, '0.25', 25000, NULL, 'CLOSED', NULL, NULL, NULL, 'EL3N4023', '9a2a0c60-0a25-4030-8e68-e8bc0309584d', '2019-09-14', '2023-09-18 13:17:49', '2023-09-18 13:17:49'),
(96, 93, 180000, 225000, 1, 225000, '0.25', 45000, NULL, 'CLOSED', NULL, NULL, NULL, 'EL581D23', '9a2a0c60-0b56-4cb8-bff2-320be0819985', '2019-09-14', '2023-09-18 13:17:49', '2023-09-18 13:17:49'),
(97, 94, 100000, 125000, 1, 125000, '0.25', 25000, NULL, 'CLOSED', NULL, NULL, NULL, 'ELRR8823', '9a2a0c60-0c77-4e39-8fc8-de14e7d4f102', '2019-09-14', '2023-09-18 13:17:49', '2023-09-18 13:17:49'),
(98, 95, 50000, 62500, 1, 62500, '0.25', 12500, NULL, 'CLOSED', NULL, NULL, NULL, 'EL3C3823', '9a2a0c60-0de6-45d9-aed4-df60d15400cf', '2019-09-14', '2023-09-18 13:17:49', '2023-09-18 13:17:49'),
(99, 96, 100000, 125000, 1, 125000, '0.25', 25000, NULL, 'CLOSED', NULL, NULL, NULL, 'EL8L7623', '9a2a0c60-0f6e-4079-8702-cbc56d9cf2af', '2019-10-14', '2023-09-18 13:17:49', '2023-09-18 13:17:49'),
(100, 97, 100000, 125000, 1, 125000, '0.25', 25000, NULL, 'CLOSED', NULL, NULL, NULL, 'ELA87423', '9a2a0c60-110d-4500-a08f-ef09dc022448', '2019-07-26', '2023-09-18 13:17:49', '2023-09-18 13:17:49'),
(101, 98, 300000, 375000, 1, 375000, '0.25', 75000, NULL, 'CLOSED', NULL, NULL, NULL, 'ELEILC23', '9a2a0c60-123c-479f-9b2e-539b7f3f045a', '2019-07-26', '2023-09-18 13:17:49', '2023-09-18 13:17:49'),
(102, 99, 500000, 625000, 1, 625000, '0.25', 125000, NULL, 'CLOSED', NULL, NULL, NULL, 'ELDC2523', '9a2a0c60-1379-489b-9dc3-30061d85514c', '2019-06-27', '2023-09-18 13:17:49', '2023-09-18 13:17:49'),
(103, 100, 150000, 187500, 1, 187500, '0.25', 37500, NULL, 'CLOSED', NULL, NULL, NULL, 'EL4ERN23', '9a2a0c60-1494-4b3e-abc7-0361b5863ca9', '2019-07-27', '2023-09-18 13:17:49', '2023-09-18 13:17:49'),
(104, 101, 150000, 187500, 1, 187500, '0.25', 37500, NULL, 'CLOSED', NULL, NULL, NULL, 'ELN83I23', '9a2a0c60-15b0-4d42-90d1-252c76e3ca58', '2019-07-27', '2023-09-18 13:17:49', '2023-09-18 13:17:49'),
(105, 102, 80000, 100000, 1, 100000, '0.25', 20000, NULL, 'CLOSED', NULL, NULL, NULL, 'EL03E323', '9a2a0c60-16cc-4bd9-b72b-100ac9a4c4d2', '2019-06-28', '2023-09-18 13:17:49', '2023-09-18 13:17:49'),
(106, 103, 100000, 125000, 1, 125000, '0.25', 25000, NULL, 'CLOSED', NULL, NULL, NULL, 'EL7I4523', '9a2a0c60-17eb-4aa8-aa50-c8582309a534', '2019-07-28', '2023-09-18 13:17:49', '2023-09-18 13:17:49'),
(107, 104, 100000, 125000, 1, 125000, '0.25', 25000, NULL, 'CLOSED', NULL, NULL, NULL, 'ELC5IA23', '9a2a0c60-1907-46f7-8a2a-aabdf3bde83e', '2019-05-29', '2023-09-18 13:17:49', '2023-09-18 13:17:49'),
(108, 105, 50000, 62500, 1, 62500, '0.25', 12500, NULL, 'CLOSED', NULL, NULL, NULL, 'ELC12523', '9a2a0dfa-d217-45b1-bd96-527cd8c3f81f', '2019-05-13', '2023-09-18 13:22:18', '2023-09-18 13:22:18'),
(109, 106, 50000, 62500, 1, 62500, '0.25', 12500, NULL, 'CLOSED', NULL, NULL, NULL, 'EL3A7F23', '9a2a0e1c-e9a4-4ca8-9c72-2471f1164b63', '2019-05-13', '2023-09-18 13:22:40', '2023-09-18 13:22:40'),
(110, 107, 50000, 62500, 1, 62500, '0.25', 12500, NULL, 'CLOSED', NULL, NULL, NULL, 'ELE2I023', '9a2a0e8d-1343-4e6e-b773-ab1139d3d850', '2019-05-13', '2023-09-18 13:23:54', '2023-09-18 13:23:54'),
(111, 108, 50000, 62500, 1, 62500, '0.25', 12500, NULL, 'CLOSED', NULL, NULL, NULL, 'ELR58623', '9a2a0eb6-4a11-4fc9-b2c9-11dcbdbc0591', '2019-05-13', '2023-09-18 13:24:21', '2023-09-18 13:24:21'),
(112, 109, 50000, 62500, 1, 62500, '0.25', 12500, NULL, 'CLOSED', NULL, NULL, NULL, 'ELI23323', '9a2a13fd-b61b-4856-a6df-33fff295d259', '2019-05-13', '2023-09-18 13:39:06', '2023-09-18 13:39:06'),
(113, 110, 50000, 62500, 1, 62500, '0.25', 12500, NULL, 'CLOSED', NULL, NULL, NULL, 'EL8CEI23', '9a2a145c-2359-4e07-ad95-93d3fbd0fc37', '2019-05-13', '2023-09-18 13:40:08', '2023-09-18 13:40:08'),
(114, 111, 150000, 187500, 1, 187500, '0.25', 37500, NULL, 'CLOSED', NULL, NULL, NULL, 'EL5I4223', '9a2a145c-26bd-4890-a1a8-4c0215ded20f', '2019-06-13', '2023-09-18 13:40:08', '2023-09-18 13:40:08'),
(115, 112, 50000, 62500, 1, 62500, '0.25', 12500, NULL, 'CLOSED', NULL, NULL, NULL, 'EL6N2723', '9a2a145c-2914-49fd-8ab3-4e626ba6e533', '2019-07-13', '2023-09-18 13:40:08', '2023-09-18 13:40:08'),
(116, 113, 100000, 125000, 1, 125000, '0.25', 25000, NULL, 'CLOSED', NULL, NULL, NULL, 'EL252323', '9a2a145c-2b3e-42da-b2b9-7ea111543c34', '2019-09-14', '2023-09-18 13:40:08', '2023-09-18 13:40:08'),
(117, 114, 200000, 250000, 1, 250000, '0.25', 50000, NULL, 'CLOSED', NULL, NULL, NULL, 'EL80N023', '9a2a145c-2d55-474f-89d0-f67646595779', '2019-09-14', '2023-09-18 13:40:08', '2023-09-18 13:40:08'),
(118, 115, 220000, 275000, 1, 275000, '0.25', 55000, NULL, 'CLOSED', NULL, NULL, NULL, 'EL5I1223', '9a2a145c-2f77-4abe-817a-276e25a6fe5e', '2019-09-14', '2023-09-18 13:40:08', '2023-09-18 13:40:08'),
(119, 116, 300000, 375000, 1, 375000, '0.25', 75000, NULL, 'CLOSED', NULL, NULL, NULL, 'EL517323', '9a2a145c-31a7-4a9c-8fd6-a2bc56839d7d', '2019-09-14', '2023-09-18 13:40:08', '2023-09-18 13:40:08'),
(120, 117, 100000, 125000, 1, 125000, '0.25', 25000, NULL, 'CLOSED', NULL, NULL, NULL, 'ELNN7223', '9a2a145c-33bc-4833-8519-31feb02b517a', '2019-09-14', '2023-09-18 13:40:08', '2023-09-18 13:40:08'),
(121, 118, 180000, 225000, 1, 225000, '0.25', 45000, NULL, 'CLOSED', NULL, NULL, NULL, 'EL695423', '9a2a145c-3638-4f9c-ad45-adb13ab2b931', '2019-09-14', '2023-09-18 13:40:08', '2023-09-18 13:40:08'),
(122, 119, 100000, 125000, 1, 125000, '0.25', 25000, NULL, 'CLOSED', NULL, NULL, NULL, 'ELZD9823', '9a2a145c-3858-4b15-9fae-77fc8c9ed637', '2019-09-14', '2023-09-18 13:40:08', '2023-09-18 13:40:08'),
(123, 120, 50000, 62500, 1, 62500, '0.25', 12500, NULL, 'CLOSED', NULL, NULL, NULL, 'EL832Z23', '9a2a145c-3a6e-45d1-8bcc-b3cb68bd96a8', '2019-09-14', '2023-09-18 13:40:08', '2023-09-18 13:40:08'),
(124, 121, 100000, 125000, 1, 125000, '0.25', 25000, NULL, 'CLOSED', NULL, NULL, NULL, 'EL552423', '9a2a145c-3caa-4b4f-be30-f13364656039', '2019-10-14', '2023-09-18 13:40:08', '2023-09-18 13:40:08'),
(125, 122, 100000, 125000, 1, 125000, '0.25', 25000, NULL, 'CLOSED', NULL, NULL, NULL, 'EL09D523', '9a2a145c-3ebd-4575-bfd1-98d6a6d63fc5', '2019-07-26', '2023-09-18 13:40:08', '2023-09-18 13:40:08'),
(126, 123, 300000, 375000, 1, 375000, '0.25', 75000, NULL, 'CLOSED', NULL, NULL, NULL, 'EL553223', '9a2a145c-40d4-4213-8e72-4af63b3f8e92', '2019-07-26', '2023-09-18 13:40:08', '2023-09-18 13:40:08'),
(127, 124, 500000, 625000, 1, 625000, '0.25', 125000, NULL, 'CLOSED', NULL, NULL, NULL, 'EL266N23', '9a2a145c-42ec-4e5b-964d-d22610ad9e2e', '2019-06-27', '2023-09-18 13:40:08', '2023-09-18 13:40:08'),
(128, 125, 150000, 187500, 1, 187500, '0.25', 37500, NULL, 'CLOSED', NULL, NULL, NULL, 'EL180123', '9a2a145c-44fa-4355-93bc-c1f385ad380e', '2019-07-27', '2023-09-18 13:40:08', '2023-09-18 13:40:08'),
(129, 126, 150000, 187500, 1, 187500, '0.25', 37500, NULL, 'CLOSED', NULL, NULL, NULL, 'EL2Z4223', '9a2a145c-470c-420f-a817-987d06f5e553', '2019-07-27', '2023-09-18 13:40:08', '2023-09-18 13:40:08'),
(130, 127, 80000, 100000, 1, 100000, '0.25', 20000, NULL, 'CLOSED', NULL, NULL, NULL, 'EL2II123', '9a2a145c-4921-462d-bf7b-ef5fef5b119a', '2019-06-28', '2023-09-18 13:40:08', '2023-09-18 13:40:08'),
(131, 128, 100000, 125000, 1, 125000, '0.25', 25000, NULL, 'CLOSED', NULL, NULL, NULL, 'ELCR7823', '9a2a145c-4b63-4121-85de-07fa571bc368', '2019-07-28', '2023-09-18 13:40:08', '2023-09-18 13:40:08'),
(132, 129, 100000, 125000, 1, 125000, '0.25', 25000, NULL, 'CLOSED', NULL, NULL, NULL, 'EL91E923', '9a2a145c-4d70-43f7-88dd-3a7ca6ad8de6', '2019-05-29', '2023-09-18 13:40:08', '2023-09-18 13:40:08');

-- --------------------------------------------------------

--
-- Table structure for table `loan_approvals`
--

CREATE TABLE `loan_approvals` (
  `id` int(11) NOT NULL,
  `loan_application_id` int(11) NOT NULL,
  `agent_id` int(11) NOT NULL,
  `status` varchar(20) NOT NULL DEFAULT 'Pending',
  `remark` varchar(255) DEFAULT NULL,
  `view_status` int(11) NOT NULL DEFAULT '0',
  `uuid` varchar(100) NOT NULL,
  `attended_date` date DEFAULT NULL,
  `created_at` timestamp NOT NULL DEFAULT CURRENT_TIMESTAMP,
  `updated_at` timestamp NOT NULL DEFAULT CURRENT_TIMESTAMP ON UPDATE CURRENT_TIMESTAMP
) ENGINE=InnoDB DEFAULT CHARSET=utf8;

--
-- Dumping data for table `loan_approvals`
--

INSERT INTO `loan_approvals` (`id`, `loan_application_id`, `agent_id`, `status`, `remark`, `view_status`, `uuid`, `attended_date`, `created_at`, `updated_at`) VALUES
(1, 1, 1, 'Pending', NULL, 0, '9956be5c-7fbf-4f6b-8b5d-230ced2e0976', NULL, '2023-06-05 12:19:59', '2023-06-05 12:19:59'),
(2, 2, 1, 'Pending', NULL, 0, '9956bed1-9145-48f5-961d-c8271cb56129', NULL, '2023-06-05 12:21:16', '2023-06-05 12:21:16'),
(3, 3, 1, 'Pending', NULL, 0, '9956bf2a-f59f-499f-9974-eda32d5f1680', NULL, '2023-06-05 12:22:15', '2023-06-05 12:22:15'),
(4, 4, 1, 'Pending', NULL, 0, '9956bf74-4bd4-451c-8cab-06cc39ae27f9', NULL, '2023-06-05 12:23:03', '2023-06-05 12:23:03'),
(5, 5, 1, 'Canceled', NULL, 0, '9956c348-3be4-4277-9689-e91810f46c52', NULL, '2023-06-05 12:33:45', '2023-06-05 12:38:26'),
(6, 6, 1, 'Canceled', NULL, 0, '9956c4f5-4ea4-4c25-b3c1-d5558073c661', NULL, '2023-06-05 12:38:26', '2023-06-05 13:57:58'),
(7, 7, 1, 'Pending', NULL, 0, '9956e167-91b8-4a0f-b355-00b8c8cf3439', NULL, '2023-06-05 13:57:58', '2023-06-05 13:57:58'),
(8, 8, 1, 'Canceled', NULL, 0, '99c09d04-7be2-4507-bcb9-ce639546e154', NULL, '2023-07-28 03:24:30', '2023-07-28 03:29:37'),
(9, 9, 1, 'Canceled', NULL, 0, '99c09ed8-3aeb-4b19-8eda-3e68eb7b13e3', NULL, '2023-07-28 03:29:37', '2023-07-28 03:30:25'),
(10, 10, 1, 'Canceled', NULL, 0, '99c09f22-6311-49e7-9613-0f57e75b3b0e', NULL, '2023-07-28 03:30:26', '2023-07-28 03:45:01'),
(11, 11, 1, 'Canceled', NULL, 0, '99c0a45a-ae2a-4ca1-a93e-102382e3ef75', NULL, '2023-07-28 03:45:01', '2023-07-28 03:58:01'),
(12, 12, 1, 'Canceled', NULL, 0, '99c0a900-82c6-41b8-a7d9-6b48f8b35b2e', NULL, '2023-07-28 03:58:01', '2023-07-28 04:18:28'),
(13, 13, 1, 'Canceled', NULL, 0, '99c0b051-1067-4fce-a9b4-b46cdae48c0c', NULL, '2023-07-28 04:18:28', '2023-07-28 04:18:59'),
(14, 14, 1, 'Canceled', NULL, 0, '99c0b080-3402-4d83-b2cf-099293524090', NULL, '2023-07-28 04:18:59', '2023-07-28 04:22:31'),
(15, 15, 1, 'Canceled', NULL, 0, '99c0b1c3-4947-4ef5-a46e-ed1ecd1bae5b', NULL, '2023-07-28 04:22:31', '2023-07-29 07:27:38'),
(16, 16, 1, 'Canceled', NULL, 0, '99c2f6f3-ef1f-4a16-8617-568438a186e8', NULL, '2023-07-29 07:27:38', '2023-08-03 07:02:59'),
(17, 17, 4, 'Pending', NULL, 0, '99cef747-cb8a-4d49-85f4-2de3eb26a6f7', NULL, '2023-08-04 06:38:29', '2023-08-04 06:38:29'),
(18, 18, 4, 'Pending', NULL, 0, '99d192ba-3b66-4852-ad44-819f1a22463e', NULL, '2023-08-05 13:44:48', '2023-08-05 13:44:48');

-- --------------------------------------------------------

--
-- Table structure for table `loan_contracts`
--

CREATE TABLE `loan_contracts` (
  `id` int(11) NOT NULL,
  `customer_id` int(11) NOT NULL,
  `college_id` int(11) NOT NULL,
  `loan_application_id` int(11) NOT NULL,
  `amount` float NOT NULL,
  `loan_amount` float NOT NULL,
  `installment_amount` float NOT NULL,
  `plan` int(11) NOT NULL,
  `status` varchar(20) NOT NULL,
  `current_balance` float NOT NULL,
  `outstanding_amount` float NOT NULL,
  `interest_rate` varchar(10) DEFAULT NULL,
  `interest_amount` float DEFAULT NULL,
  `fees_amount` float DEFAULT NULL,
  `contract_code` varchar(20) NOT NULL,
  `start_date` date DEFAULT NULL,
  `expected_end_date` date DEFAULT NULL,
  `past_due_days` int(11) NOT NULL DEFAULT '0',
  `past_due_amount` float NOT NULL DEFAULT '0',
  `penalt_amount` float DEFAULT NULL,
  `penalt_amount_paid` float DEFAULT NULL,
  `date_of_last_payment` date DEFAULT NULL,
  `last_payment_amount` float DEFAULT NULL,
  `next_payment_date` date DEFAULT NULL,
  `excess_amount` float DEFAULT NULL,
  `created_by` int(11) NOT NULL,
  `uuid` varchar(100) NOT NULL,
  `created_at` timestamp NOT NULL DEFAULT CURRENT_TIMESTAMP,
  `updated_at` timestamp NOT NULL DEFAULT CURRENT_TIMESTAMP ON UPDATE CURRENT_TIMESTAMP
) ENGINE=InnoDB DEFAULT CHARSET=utf8;

--
-- Dumping data for table `loan_contracts`
--

INSERT INTO `loan_contracts` (`id`, `customer_id`, `college_id`, `loan_application_id`, `amount`, `loan_amount`, `installment_amount`, `plan`, `status`, `current_balance`, `outstanding_amount`, `interest_rate`, `interest_amount`, `fees_amount`, `contract_code`, `start_date`, `expected_end_date`, `past_due_days`, `past_due_amount`, `penalt_amount`, `penalt_amount_paid`, `date_of_last_payment`, `last_payment_amount`, `next_payment_date`, `excess_amount`, `created_by`, `uuid`, `created_at`, `updated_at`) VALUES
(1, 3, 0, 7, 100000, 125000, 125000, 1, 'CLOSED', 0, 125000, '0.25', 25000, NULL, 'EL57C423', '2023-06-08', '2023-07-08', 0, 0, NULL, NULL, NULL, NULL, NULL, NULL, 1, '995d6afe-f5a8-470e-a883-164306ae0e15', '2023-06-08 19:57:41', '2023-06-08 23:00:41'),
(6, 3, 0, 7, 100000, 125000, 125000, 1, 'GRANTED', 25000, 100000, '0.25', 25000, NULL, 'EL57C423', '2023-06-08', '2023-07-08', 0, 0, 0, 0, '2023-07-31', 25000, '2023-07-08', 0, 1, '995d6dfb-67e6-44ed-80d4-8d151bcee5a0', '2023-06-08 20:06:02', '2023-07-31 10:29:00'),
(7, 13, 0, 18, 200000, 250000, 250000, 1, 'CLOSED', 250000, 0, '0.25', 50000, NULL, 'EL384N23', '2023-08-05', '2023-09-05', 0, 0, 0, 0, '2023-08-05', 210000, '2023-08-05', 10000, 1, '99d197a1-e8ff-47fb-b180-a0df6a9e97d9', '2023-08-05 13:58:31', '2023-08-05 14:20:56'),
(8, 110, 0, 113, 50000, 62500, 62500, 1, 'CLOSED', 62500, 0, '0.25', 12500, NULL, 'EL8CEI23', '2019-05-13', '2019-06-13', 0, 0, NULL, NULL, NULL, NULL, NULL, NULL, 1, '9a2a145c-23a1-4c0b-bef3-08de5c456745', '2023-09-18 13:40:08', '2023-09-18 13:40:08'),
(9, 111, 0, 114, 150000, 187500, 187500, 1, 'CLOSED', 187500, 0, '0.25', 37500, NULL, 'EL5I4223', '2019-06-13', '2019-07-13', 0, 0, NULL, NULL, NULL, NULL, NULL, NULL, 1, '9a2a145c-2703-4f33-b96a-9aa39de8780b', '2023-09-18 13:40:08', '2023-09-18 13:40:08'),
(10, 112, 0, 115, 50000, 62500, 62500, 1, 'CLOSED', 62500, 0, '0.25', 12500, NULL, 'EL6N2723', '2019-07-13', '2019-08-13', 0, 0, NULL, NULL, NULL, NULL, NULL, NULL, 1, '9a2a145c-2949-44bb-98f6-48e4fb919834', '2023-09-18 13:40:08', '2023-09-18 13:40:08'),
(11, 113, 0, 116, 100000, 125000, 125000, 1, 'CLOSED', 125000, 0, '0.25', 25000, NULL, 'EL252323', '2019-09-14', '2019-10-14', 0, 0, NULL, NULL, NULL, NULL, NULL, NULL, 1, '9a2a145c-2b70-4d05-ab53-7a65c1b3fa47', '2023-09-18 13:40:08', '2023-09-18 13:40:08'),
(12, 114, 0, 117, 200000, 250000, 250000, 1, 'CLOSED', 250000, 0, '0.25', 50000, NULL, 'EL80N023', '2019-09-14', '2019-10-14', 0, 0, NULL, NULL, NULL, NULL, NULL, NULL, 1, '9a2a145c-2d87-4876-a4d0-fb6b9ab3d848', '2023-09-18 13:40:08', '2023-09-18 13:40:08'),
(13, 115, 0, 118, 220000, 275000, 275000, 1, 'CLOSED', 275000, 0, '0.25', 55000, NULL, 'EL5I1223', '2019-09-14', '2019-10-14', 0, 0, NULL, NULL, NULL, NULL, NULL, NULL, 1, '9a2a145c-2fac-45ba-ad4a-5c86ec91d111', '2023-09-18 13:40:08', '2023-09-18 13:40:08'),
(14, 116, 0, 119, 300000, 375000, 375000, 1, 'CLOSED', 375000, 0, '0.25', 75000, NULL, 'EL517323', '2019-09-14', '2019-10-14', 0, 0, NULL, NULL, NULL, NULL, NULL, NULL, 1, '9a2a145c-31d9-489c-98f3-d1683e8d70d9', '2023-09-18 13:40:08', '2023-09-18 13:40:08'),
(15, 117, 0, 120, 100000, 125000, 125000, 1, 'CLOSED', 125000, 0, '0.25', 25000, NULL, 'ELNN7223', '2019-09-14', '2019-10-14', 0, 0, NULL, NULL, NULL, NULL, NULL, NULL, 1, '9a2a145c-33f0-4585-a749-b6b8883ffac6', '2023-09-18 13:40:08', '2023-09-18 13:40:08'),
(16, 118, 0, 121, 180000, 225000, 225000, 1, 'CLOSED', 225000, 0, '0.25', 45000, NULL, 'EL695423', '2019-09-14', '2019-10-14', 0, 0, NULL, NULL, NULL, NULL, NULL, NULL, 1, '9a2a145c-366d-4ce2-a91e-1b67a3836273', '2023-09-18 13:40:08', '2023-09-18 13:40:08'),
(17, 119, 0, 122, 100000, 125000, 125000, 1, 'CLOSED', 125000, 0, '0.25', 25000, NULL, 'ELZD9823', '2019-09-14', '2019-10-14', 0, 0, NULL, NULL, NULL, NULL, NULL, NULL, 1, '9a2a145c-388a-4e0b-a508-9de9e23c5e8a', '2023-09-18 13:40:08', '2023-09-18 13:40:08'),
(18, 120, 0, 123, 50000, 62500, 62500, 1, 'CLOSED', 62500, 0, '0.25', 12500, NULL, 'EL832Z23', '2019-09-14', '2019-10-14', 0, 0, NULL, NULL, NULL, NULL, NULL, NULL, 1, '9a2a145c-3aa2-4c33-b6b2-35882d8d09f2', '2023-09-18 13:40:08', '2023-09-18 13:40:08'),
(19, 121, 0, 124, 100000, 125000, 125000, 1, 'CLOSED', 125000, 0, '0.25', 25000, NULL, 'EL552423', '2019-10-14', '2019-11-14', 0, 0, NULL, NULL, NULL, NULL, NULL, NULL, 1, '9a2a145c-3cdf-45a2-aba9-0feb833e7877', '2023-09-18 13:40:08', '2023-09-18 13:40:08'),
(20, 122, 0, 125, 100000, 125000, 125000, 1, 'CLOSED', 125000, 0, '0.25', 25000, NULL, 'EL09D523', '2019-07-26', '2019-08-26', 0, 0, NULL, NULL, NULL, NULL, NULL, NULL, 1, '9a2a145c-3eef-4c77-b53d-fac934d6a82a', '2023-09-18 13:40:08', '2023-09-18 13:40:08'),
(21, 123, 0, 126, 300000, 375000, 375000, 1, 'CLOSED', 375000, 0, '0.25', 75000, NULL, 'EL553223', '2019-07-26', '2019-08-26', 0, 0, NULL, NULL, NULL, NULL, NULL, NULL, 1, '9a2a145c-4106-43a9-8460-d73bb423876d', '2023-09-18 13:40:08', '2023-09-18 13:40:08'),
(22, 124, 0, 127, 500000, 625000, 625000, 1, 'CLOSED', 625000, 0, '0.25', 125000, NULL, 'EL266N23', '2019-06-27', '2019-07-27', 0, 0, NULL, NULL, NULL, NULL, NULL, NULL, 1, '9a2a145c-431f-4f80-8453-da93d3656e9a', '2023-09-18 13:40:08', '2023-09-18 13:40:08'),
(23, 125, 0, 128, 150000, 187500, 187500, 1, 'CLOSED', 187500, 0, '0.25', 37500, NULL, 'EL180123', '2019-07-27', '2019-08-27', 0, 0, NULL, NULL, NULL, NULL, NULL, NULL, 1, '9a2a145c-452c-4435-85c6-fca1c2a738b3', '2023-09-18 13:40:08', '2023-09-18 13:40:08'),
(24, 126, 0, 129, 150000, 187500, 187500, 1, 'CLOSED', 187500, 0, '0.25', 37500, NULL, 'EL2Z4223', '2019-07-27', '2019-08-27', 0, 0, NULL, NULL, NULL, NULL, NULL, NULL, 1, '9a2a145c-473e-4425-9357-077d4f650c35', '2023-09-18 13:40:08', '2023-09-18 13:40:08'),
(25, 127, 0, 130, 80000, 100000, 100000, 1, 'CLOSED', 100000, 0, '0.25', 20000, NULL, 'EL2II123', '2019-06-28', '2019-07-28', 0, 0, NULL, NULL, NULL, NULL, NULL, NULL, 1, '9a2a145c-497e-435c-a36c-da504e7fca0c', '2023-09-18 13:40:08', '2023-09-18 13:40:08'),
(26, 128, 0, 131, 100000, 125000, 125000, 1, 'CLOSED', 125000, 0, '0.25', 25000, NULL, 'ELCR7823', '2019-07-28', '2019-08-28', 0, 0, NULL, NULL, NULL, NULL, NULL, NULL, 1, '9a2a145c-4b95-4f99-a0ff-956800d71387', '2023-09-18 13:40:08', '2023-09-18 13:40:08'),
(27, 129, 0, 132, 100000, 125000, 125000, 1, 'CLOSED', 125000, 0, '0.25', 25000, NULL, 'EL91E923', '2019-05-29', '2019-06-29', 0, 0, NULL, NULL, NULL, NULL, NULL, NULL, 1, '9a2a145c-4da2-450d-ad59-b2bab6cf45cb', '2023-09-18 13:40:08', '2023-09-18 13:40:08');

-- --------------------------------------------------------

--
-- Table structure for table `marital_status`
--

CREATE TABLE `marital_status` (
  `id` int(11) NOT NULL,
  `name` varchar(20) NOT NULL
) ENGINE=InnoDB DEFAULT CHARSET=utf8;

--
-- Dumping data for table `marital_status`
--

INSERT INTO `marital_status` (`id`, `name`) VALUES
(1, 'Single'),
(2, 'Married'),
(3, 'Divorced');

-- --------------------------------------------------------

--
-- Table structure for table `migrations`
--

CREATE TABLE `migrations` (
  `id` int(10) UNSIGNED NOT NULL,
  `migration` varchar(255) COLLATE utf8mb4_unicode_ci NOT NULL,
  `batch` int(11) NOT NULL
) ENGINE=InnoDB DEFAULT CHARSET=utf8mb4 COLLATE=utf8mb4_unicode_ci;

--
-- Dumping data for table `migrations`
--

INSERT INTO `migrations` (`id`, `migration`, `batch`) VALUES
(7, '2014_10_12_000000_create_users_table', 1),
(8, '2014_10_12_100000_create_password_reset_tokens_table', 1),
(9, '2014_10_12_100000_create_password_resets_table', 1),
(10, '2019_08_19_000000_create_failed_jobs_table', 1),
(11, '2019_12_14_000001_create_personal_access_tokens_table', 1),
(12, '2023_05_15_215023_create_permission_tables', 1),
(13, '2016_06_01_000001_create_oauth_auth_codes_table', 2),
(14, '2016_06_01_000002_create_oauth_access_tokens_table', 2),
(15, '2016_06_01_000003_create_oauth_refresh_tokens_table', 2),
(16, '2016_06_01_000004_create_oauth_clients_table', 2),
(17, '2016_06_01_000005_create_oauth_personal_access_clients_table', 2);

-- --------------------------------------------------------

--
-- Table structure for table `model_has_permissions`
--

CREATE TABLE `model_has_permissions` (
  `permission_id` bigint(20) UNSIGNED NOT NULL,
  `model_type` varchar(255) COLLATE utf8mb4_unicode_ci NOT NULL,
  `model_id` bigint(20) UNSIGNED NOT NULL
) ENGINE=InnoDB DEFAULT CHARSET=utf8mb4 COLLATE=utf8mb4_unicode_ci;

-- --------------------------------------------------------

--
-- Table structure for table `model_has_roles`
--

CREATE TABLE `model_has_roles` (
  `role_id` bigint(20) UNSIGNED NOT NULL,
  `model_type` varchar(255) COLLATE utf8mb4_unicode_ci NOT NULL,
  `model_id` bigint(20) UNSIGNED NOT NULL
) ENGINE=InnoDB DEFAULT CHARSET=utf8mb4 COLLATE=utf8mb4_unicode_ci;

--
-- Dumping data for table `model_has_roles`
--

INSERT INTO `model_has_roles` (`role_id`, `model_type`, `model_id`) VALUES
(1, 'App\\Models\\User', 1),
(2, 'App\\Models\\User', 1),
(3, 'App\\Models\\User', 4),
(4, 'App\\Models\\User', 5),
(4, 'App\\Models\\User', 6),
(4, 'App\\Models\\User', 7),
(4, 'App\\Models\\User', 8),
(4, 'App\\Models\\User', 9),
(1, 'App\\Models\\User', 11),
(1, 'App\\Models\\User', 12),
(4, 'App\\Models\\User', 13),
(4, 'App\\Models\\User', 14),
(4, 'App\\Models\\User', 15),
(4, 'App\\Models\\User', 16),
(4, 'App\\Models\\User', 17);

-- --------------------------------------------------------

--
-- Table structure for table `oauth_access_tokens`
--

CREATE TABLE `oauth_access_tokens` (
  `id` varchar(100) COLLATE utf8mb4_unicode_ci NOT NULL,
  `user_id` bigint(20) UNSIGNED DEFAULT NULL,
  `client_id` bigint(20) UNSIGNED NOT NULL,
  `name` varchar(255) COLLATE utf8mb4_unicode_ci DEFAULT NULL,
  `scopes` text COLLATE utf8mb4_unicode_ci,
  `revoked` tinyint(1) NOT NULL,
  `created_at` timestamp NULL DEFAULT NULL,
  `updated_at` timestamp NULL DEFAULT NULL,
  `expires_at` datetime DEFAULT NULL
) ENGINE=InnoDB DEFAULT CHARSET=utf8mb4 COLLATE=utf8mb4_unicode_ci;

--
-- Dumping data for table `oauth_access_tokens`
--

INSERT INTO `oauth_access_tokens` (`id`, `user_id`, `client_id`, `name`, `scopes`, `revoked`, `created_at`, `updated_at`, `expires_at`) VALUES
('06f2036d20f74de275b2b7a762d387ed1c5c38389ae43d95cca907f125251620c4842359028bb99a', 1, 1, 'admin@gmail.com', '[]', 0, '2023-07-20 06:10:32', '2023-07-20 06:10:32', '2024-07-20 09:10:32'),
('1018a87f5babd3968242f2cccbae5a45a2310f5dfc4156e2ffa0575ae65e5efc02d2c01110b82218', 1, 1, 'admin@gmail.com', '[]', 0, '2023-08-01 10:26:28', '2023-08-01 10:26:28', '2024-08-01 13:26:28'),
('162e03dd5dbf609f2ff0c8ccf1400de4383d01cd269f0e7e8076ee0284f31b053bb6606957b88b70', 5, 1, 'luhaboy@gmail.com', '[]', 0, '2023-08-01 10:56:55', '2023-08-01 10:56:55', '2024-08-01 13:56:55'),
('280c327bd0b110db57f32417dd3a8dadaa03f63a95bfbb0cef46ecd0657b2d6e312883edf3306966', 1, 1, 'admin@gmail.com', '[]', 0, '2023-08-05 05:11:52', '2023-08-05 05:11:52', '2024-08-05 08:11:52'),
('29994327642fd45e500e850818a9adf46cdadaae53051100dd6e4435e6a80883031b5282aba20abf', 1, 1, 'admin@gmail.com', '[]', 0, '2023-07-28 09:09:28', '2023-07-28 09:09:28', '2024-07-28 12:09:28'),
('32d4005343f816a4ebfbf096cb477456b77446c775ca6ce62d2c3599f0a5b2735f064ba7703273e5', 17, 1, 'elibarikidavid23@gmail.com', '[]', 0, '2023-08-05 13:39:39', '2023-08-05 13:39:39', '2024-08-05 16:39:39'),
('37b9b98db2146db089ed91d04da8dfe4d987e247c2be93453d1db0e37f2939d75a36808b55e76c67', 1, 1, 'admin@gmail.com', '[]', 0, '2023-07-20 06:46:21', '2023-07-20 06:46:21', '2024-07-20 09:46:21'),
('3e3229e8a3ea27d83f2193a6e49f5a89876c15943a23581ab700d60f1d58146d902baee30d236371', 1, 1, 'admin@gmail.com', '[]', 0, '2023-07-20 05:58:50', '2023-07-20 05:58:50', '2024-07-20 08:58:50'),
('423ce95161def983a30cba197b665c800055f82394c18dc830926c1bd97907c3ca7e90e51b943eee', 1, 1, 'admin@gmail.com', '[]', 0, '2023-07-26 09:59:28', '2023-07-26 09:59:28', '2024-07-26 12:59:28'),
('44f6ea72e8c8243bdaba264cfed7f7d0bfff327e03e1eb2435604b43b27c6dd9beefeacbe6611a38', 1, 1, 'admin@gmail.com', '[]', 0, '2023-07-20 09:58:21', '2023-07-20 09:58:21', '2024-07-20 12:58:21'),
('45485346c5cefb3f06b1b4c200fed0475c681a13d74a2c79658050c7826656ebfdd4bd4d49176b97', 1, 1, 'admin@gmail.com', '[]', 0, '2023-07-26 16:21:46', '2023-07-26 16:21:46', '2024-07-26 19:21:46'),
('4b22bc5e14fcc80ce17dd8283c86abea161779ec8bbcd3c637af94deb65f96c27711f78d78e5a44e', 1, 1, 'admin@gmail.com', '[]', 0, '2023-07-28 09:04:21', '2023-07-28 09:04:21', '2024-07-28 12:04:21'),
('4c9eb123de5277c4216f4f127789987b03627ff021c834f820f2e9dac064540828b0bb3331ed43e7', 1, 1, 'admin@gmail.com', '[]', 0, '2023-07-20 09:49:13', '2023-07-20 09:49:13', '2024-07-20 12:49:13'),
('4de76d5dec44fd27ef5affb984deb7b2b55fd7dbaff188519e9fdecb6bfe774de7c6cdac006e7328', 1, 1, 'admin@gmail.com', '[]', 0, '2023-08-04 12:35:54', '2023-08-04 12:35:54', '2024-08-04 15:35:54'),
('4f42a0d3673793d5a02efb0b79e3c0f7faa3246f8662a5bc615028fe2767fe30e52478df27659108', 1, 1, 'admin@gmail.com', '[]', 0, '2023-08-01 10:55:22', '2023-08-01 10:55:22', '2024-08-01 13:55:22'),
('58e0bce5f7376cba53b83aab70f2540f9d700ccbf9e0484d3cae54f82537990ed659bf65899d7223', 1, 1, 'admin@gmail.com', '[]', 0, '2023-08-03 09:04:15', '2023-08-03 09:04:15', '2024-08-03 12:04:15'),
('62a591fd0bc6b562fa43dd52a74c6d9a673da8fbe16cd17ea6b4ec40c38052e29cc195319a059f65', 1, 1, 'admin@gmail.com', '[]', 0, '2023-08-03 06:58:54', '2023-08-03 06:58:54', '2024-08-03 09:58:54'),
('65744a30a74f053f8cd3b77961d987dec004678d8b9c12007f6fa9c6b810e3ec506f6881a07031a1', 17, 1, 'elibarikidavid23@gmail.com', '[]', 0, '2023-08-05 14:24:12', '2023-08-05 14:24:12', '2024-08-05 17:24:12'),
('66d60ff03ef9a5dd0f72ea7f7cf806d3833bafb400d81c25c35500688adbe6d1b607eb4a8b0be880', 1, 1, 'admin@gmail.com', '[]', 0, '2023-08-01 10:52:00', '2023-08-01 10:52:00', '2024-08-01 13:52:00'),
('6711ea34cb6471286caedcfbea2ea382f3c5ce0d62bb8e0c1a0f7c6ea3407bdc03a4359bf9f4446b', 1, 1, 'admin@gmail.com', '[]', 0, '2023-07-27 08:01:14', '2023-07-27 08:01:14', '2024-07-27 11:01:14'),
('706d4346b7a04bbe5b506b7cb022b0d82af37cd8061f4dfe943095175c903a65280cc2c306a90aba', 1, 1, 'admin@gmail.com', '[]', 0, '2023-08-05 07:02:13', '2023-08-05 07:02:13', '2024-08-05 10:02:13'),
('7acf2eb1936c96e0fbde92fe7de0eab556ee03dedc2f5123ed0de3db9ef0ac6c336fd1affdc29b80', 14, 1, 'Lupena@gsafria.co.tz', '[]', 0, '2023-08-04 06:37:16', '2023-08-04 06:37:16', '2024-08-04 09:37:16'),
('94cab5a80b3ce18c2373d53ebfb4967651ebeae62c504777685eb7ccddc66a07fb451910d8194008', 1, 1, 'admin@gmail.com', '[]', 0, '2023-08-05 06:09:07', '2023-08-05 06:09:07', '2024-08-05 09:09:07'),
('9a8d6f2a8b04d83826c42daf0191d91ab85c394773650f24c2ecf75bb709e07420409ebc0d405e78', 1, 1, 'admin@gmail.com', '[]', 0, '2023-07-19 19:57:23', '2023-07-19 19:57:23', '2024-07-19 22:57:23'),
('9bf8cc738b1c8771dbb74e61c768d62e8ced8f49b81133666f26327f43cc31990efcdc4182983185', 1, 1, 'admin@gmail.com', '[]', 0, '2023-07-19 19:57:42', '2023-07-19 19:57:42', '2024-07-19 22:57:42'),
('9c528a37c6c509ca60ccd9070c68ab84a7db16b56d9226ffca1599ec5a1a09fc9a5b77c6b1cadf64', 1, 1, 'admin@gmail.com', '[]', 0, '2023-07-20 09:56:03', '2023-07-20 09:56:03', '2024-07-20 12:56:03'),
('a8d0991d74204c3a07b4ad3c1ddbdc18e6b46a5ae47c87e3b8df1d049e0335ffe7ed127f0a4eb86c', 1, 1, 'admin@gmail.com', '[]', 0, '2023-08-03 10:58:51', '2023-08-03 10:58:51', '2024-08-03 13:58:51'),
('a92a084ae62548844f8451baa434c5abfaae3b297ac1ccf18337ff33e02d2bce4bdd93afe80bccbe', 1, 1, 'admin@gmail.com', '[]', 0, '2023-07-19 19:57:45', '2023-07-19 19:57:45', '2024-07-19 22:57:45'),
('ad79d732189f4631482b3cb7d4ed10061eb498d062391700271259297c6c909246f01a3e30bb1b03', 1, 1, 'admin@gmail.com', '[]', 0, '2023-07-28 09:07:41', '2023-07-28 09:07:41', '2024-07-28 12:07:41'),
('b301a8ba31e1a514f4711fc0454f3520e893e1809e8fe88d6525120081091a94560b8bb01d359094', 1, 1, 'admin@gmail.com', '[]', 0, '2023-08-05 05:32:21', '2023-08-05 05:32:21', '2024-08-05 08:32:21'),
('b740ca7c9e0836835a7b113a3148f4e0cf410c0e818b3662f43b040b7adf7b45445c25e3adb87475', 1, 1, 'admin@gmail.com', '[]', 0, '2023-07-20 06:10:45', '2023-07-20 06:10:45', '2024-07-20 09:10:45'),
('baf0ba8d28b6814c63427baf9584dc79eecebb39e7af0dd22cba4843b76361e9baa84b1d54a29d46', 1, 1, 'admin@gmail.com', '[]', 0, '2023-07-20 06:10:41', '2023-07-20 06:10:41', '2024-07-20 09:10:41'),
('c400c64475860a64370f9ff29602572d43796a80c81efdfdae971e0d01f00da23ffd7c34948c66d4', 1, 1, 'admin@gmail.com', '[]', 0, '2023-07-25 19:32:02', '2023-07-25 19:32:02', '2024-07-25 22:32:02'),
('c88b032dbbfdfaa0376afc97fa6f076b0eccf0c062b9f9ad70815fb5fcd388d74bcb5ef715a6f858', 1, 1, 'admin@gmail.com', '[]', 0, '2023-07-19 19:40:13', '2023-07-19 19:40:13', '2024-07-19 22:40:13'),
('c98fb7e9485fb781fd7160c1c6c52fc2bc446d3556fdcad41134ca9cc19a3e2fce3a6de41229ec57', 1, 1, 'admin@gmail.com', '[]', 0, '2023-07-20 05:59:09', '2023-07-20 05:59:09', '2024-07-20 08:59:09'),
('cca617609af396950522b21d8d045c3a00070caef401ebfb0336c2be62448cb02eb0924fd7dbce45', 1, 1, 'admin@gmail.com', '[]', 0, '2023-07-27 19:20:39', '2023-07-27 19:20:39', '2024-07-27 22:20:39'),
('d22470a0fc0c7156b6a1974e1f8b78ad344f0eaa35d88e80ab8da132b0e83a2156fc778367b65884', 1, 1, 'admin@gmail.com', '[]', 0, '2023-07-27 19:16:33', '2023-07-27 19:16:33', '2024-07-27 22:16:33'),
('db1d9dafdfa658b48178cca97ef7ccdb89141a2d2e975ef651647334f7da5c782914e138664ae70f', 17, 1, 'elibarikidavid23@gmail.com', '[]', 0, '2023-08-05 14:19:49', '2023-08-05 14:19:49', '2024-08-05 17:19:49'),
('db60e43a2a6c9cf370539d47ce80c4d29d28a6469a379e58c43f2122395259486b34e5fe48aa436d', 17, 1, 'elibarikidavid23@gmail.com', '[]', 0, '2023-08-05 14:14:19', '2023-08-05 14:14:19', '2024-08-05 17:14:19'),
('dd20253043a4cdf19e724f8b0c600a7f71fdbe1e3e573ea35fdbb17322d4ee79d8ea948f9692e077', 1, 1, 'admin@gmail.com', '[]', 0, '2023-07-20 16:50:00', '2023-07-20 16:50:00', '2024-07-20 19:50:00'),
('f08a7cb307d2d1097841497a5a11180f4dbbfc0823d4580692ac62393bee3828b808bf03d2596fb3', 1, 1, 'admin@gmail.com', '[]', 0, '2023-07-20 05:54:39', '2023-07-20 05:54:39', '2024-07-20 08:54:39'),
('f1fccd2ce36f80acb563204f0426326d9986a9cdba15d0e7c882e99be80598ca31025e5f0a01d327', 1, 1, 'admin@gmail.com', '[]', 0, '2023-08-01 10:44:16', '2023-08-01 10:44:16', '2024-08-01 13:44:16'),
('f36aaf35a29365c7e2108bcf70da4ea6667fd73494d5848fe8ad079ffe6b647905b80f241dd11bc6', 1, 1, 'admin@gmail.com', '[]', 0, '2023-08-01 10:36:17', '2023-08-01 10:36:17', '2024-08-01 13:36:17'),
('f845416dff1feb7dc3eeaaf6e2e476f959444b86e4a35d3c63b30b710a16ff8e79ff7c3c6ebe4025', 1, 1, 'admin@gmail.com', '[]', 0, '2023-07-27 19:24:47', '2023-07-27 19:24:47', '2024-07-27 22:24:47');

-- --------------------------------------------------------

--
-- Table structure for table `oauth_auth_codes`
--

CREATE TABLE `oauth_auth_codes` (
  `id` varchar(100) COLLATE utf8mb4_unicode_ci NOT NULL,
  `user_id` bigint(20) UNSIGNED NOT NULL,
  `client_id` bigint(20) UNSIGNED NOT NULL,
  `scopes` text COLLATE utf8mb4_unicode_ci,
  `revoked` tinyint(1) NOT NULL,
  `expires_at` datetime DEFAULT NULL
) ENGINE=InnoDB DEFAULT CHARSET=utf8mb4 COLLATE=utf8mb4_unicode_ci;

-- --------------------------------------------------------

--
-- Table structure for table `oauth_clients`
--

CREATE TABLE `oauth_clients` (
  `id` bigint(20) UNSIGNED NOT NULL,
  `user_id` bigint(20) UNSIGNED DEFAULT NULL,
  `name` varchar(255) COLLATE utf8mb4_unicode_ci NOT NULL,
  `secret` varchar(100) COLLATE utf8mb4_unicode_ci DEFAULT NULL,
  `provider` varchar(255) COLLATE utf8mb4_unicode_ci DEFAULT NULL,
  `redirect` text COLLATE utf8mb4_unicode_ci NOT NULL,
  `personal_access_client` tinyint(1) NOT NULL,
  `password_client` tinyint(1) NOT NULL,
  `revoked` tinyint(1) NOT NULL,
  `created_at` timestamp NULL DEFAULT NULL,
  `updated_at` timestamp NULL DEFAULT NULL
) ENGINE=InnoDB DEFAULT CHARSET=utf8mb4 COLLATE=utf8mb4_unicode_ci;

--
-- Dumping data for table `oauth_clients`
--

INSERT INTO `oauth_clients` (`id`, `user_id`, `name`, `secret`, `provider`, `redirect`, `personal_access_client`, `password_client`, `revoked`, `created_at`, `updated_at`) VALUES
(1, NULL, 'Laravel Personal Access Client', 'RdtLItEzpU4EnqAV4C7Oy3RxItDPLcUD7b2M037n', NULL, 'http://localhost', 1, 0, 0, '2023-07-19 19:38:08', '2023-07-19 19:38:08'),
(2, NULL, 'Laravel Password Grant Client', 'KYj4hpkHDW5NgIUwoaE5RfBviKoLmS2ApVSKaYH8', 'users', 'http://localhost', 0, 1, 0, '2023-07-19 19:38:08', '2023-07-19 19:38:08');

-- --------------------------------------------------------

--
-- Table structure for table `oauth_personal_access_clients`
--

CREATE TABLE `oauth_personal_access_clients` (
  `id` bigint(20) UNSIGNED NOT NULL,
  `client_id` bigint(20) UNSIGNED NOT NULL,
  `created_at` timestamp NULL DEFAULT NULL,
  `updated_at` timestamp NULL DEFAULT NULL
) ENGINE=InnoDB DEFAULT CHARSET=utf8mb4 COLLATE=utf8mb4_unicode_ci;

--
-- Dumping data for table `oauth_personal_access_clients`
--

INSERT INTO `oauth_personal_access_clients` (`id`, `client_id`, `created_at`, `updated_at`) VALUES
(1, 1, '2023-07-19 19:38:08', '2023-07-19 19:38:08');

-- --------------------------------------------------------

--
-- Table structure for table `oauth_refresh_tokens`
--

CREATE TABLE `oauth_refresh_tokens` (
  `id` varchar(100) COLLATE utf8mb4_unicode_ci NOT NULL,
  `access_token_id` varchar(100) COLLATE utf8mb4_unicode_ci NOT NULL,
  `revoked` tinyint(1) NOT NULL,
  `expires_at` datetime DEFAULT NULL
) ENGINE=InnoDB DEFAULT CHARSET=utf8mb4 COLLATE=utf8mb4_unicode_ci;

-- --------------------------------------------------------

--
-- Table structure for table `password_resets`
--

CREATE TABLE `password_resets` (
  `email` varchar(255) COLLATE utf8mb4_unicode_ci NOT NULL,
  `token` varchar(255) COLLATE utf8mb4_unicode_ci NOT NULL,
  `created_at` timestamp NULL DEFAULT NULL
) ENGINE=InnoDB DEFAULT CHARSET=utf8mb4 COLLATE=utf8mb4_unicode_ci;

-- --------------------------------------------------------

--
-- Table structure for table `password_reset_tokens`
--

CREATE TABLE `password_reset_tokens` (
  `email` varchar(255) COLLATE utf8mb4_unicode_ci NOT NULL,
  `token` varchar(255) COLLATE utf8mb4_unicode_ci NOT NULL,
  `created_at` timestamp NULL DEFAULT NULL
) ENGINE=InnoDB DEFAULT CHARSET=utf8mb4 COLLATE=utf8mb4_unicode_ci;

-- --------------------------------------------------------

--
-- Table structure for table `payments`
--

CREATE TABLE `payments` (
  `id` int(11) NOT NULL,
  `phone_number` varchar(20) COLLATE utf8_unicode_ci NOT NULL,
  `amount` float NOT NULL,
  `payment_reference` varchar(255) COLLATE utf8_unicode_ci NOT NULL,
  `payment_method` varchar(255) COLLATE utf8_unicode_ci NOT NULL,
  `payment_channel` varchar(255) COLLATE utf8_unicode_ci NOT NULL,
  `loan_contract_id` int(11) DEFAULT NULL,
  `customer_id` int(11) NOT NULL,
  `remarks` varchar(128) COLLATE utf8_unicode_ci DEFAULT NULL,
  `status` varchar(20) COLLATE utf8_unicode_ci NOT NULL,
  `added_by` int(11) NOT NULL,
  `uuid` varchar(100) COLLATE utf8_unicode_ci DEFAULT NULL,
  `payment_date` date NOT NULL,
  `created_at` datetime NOT NULL DEFAULT CURRENT_TIMESTAMP,
  `updated_at` datetime NOT NULL DEFAULT CURRENT_TIMESTAMP ON UPDATE CURRENT_TIMESTAMP
) ENGINE=InnoDB DEFAULT CHARSET=utf8 COLLATE=utf8_unicode_ci;

--
-- Dumping data for table `payments`
--

INSERT INTO `payments` (`id`, `phone_number`, `amount`, `payment_reference`, `payment_method`, `payment_channel`, `loan_contract_id`, `customer_id`, `remarks`, `status`, `added_by`, `uuid`, `payment_date`, `created_at`, `updated_at`) VALUES
(1, '255683130185', 25000, 'dfdreleff', 'Mobile Money', 'Airtel Money', 6, 3, 'Loan Repayment', 'Success', 1, '99c73dc7-c4e2-4f3f-bd6f-96d6d7138a65', '2023-07-31', '2023-07-31 13:29:00', '2023-07-31 13:29:00'),
(2, '255787971971', 50000, 'gtdd c776677', 'Mobile Money', 'Halo pesa', 7, 13, 'Loan Repayment', 'Success', 1, '99d19e3e-4de1-4d8a-9327-3f0172c7c6b4', '2023-08-05', '2023-08-05 17:17:00', '2023-08-05 17:17:00'),
(3, '255787971971', 210000, 'dfere3436724233', 'Mobile Money', 'M-pesa', 7, 13, 'Loan Repayment', 'Success', 1, '99d19fa5-4737-48aa-9d43-4560fcf23547', '2023-08-05', '2023-08-05 17:20:56', '2023-08-05 17:20:56'),
(4, '255673807306', 62500, 'EL8CEI23', 'BANK', 'NMB', 8, 110, NULL, 'Successfully', 1, '9a2a145c-2577-41b3-9f7e-42fa202cb145', '2019-06-13', '2023-09-18 16:40:08', '2023-09-18 16:40:08'),
(5, '255756999478', 187500, 'EL5I4223', 'BANK', 'NMB', 9, 111, NULL, 'Successfully', 1, '9a2a145c-27d1-4c8c-b49e-12d72cd38629', '2019-07-13', '2023-09-18 16:40:08', '2023-09-18 16:40:08'),
(6, '255743630902', 62500, 'EL6N2723', 'BANK', 'NMB', 10, 112, NULL, 'Successfully', 1, '9a2a145c-2a0c-4d51-b628-5e9b669b6c2e', '2019-08-13', '2023-09-18 16:40:08', '2023-09-18 16:40:08'),
(7, '255676344710', 125000, 'EL252323', 'BANK', 'NMB', 11, 113, NULL, 'Successfully', 1, '9a2a145c-2c33-4ebf-a6ac-4ecaf88b7e72', '2019-10-14', '2023-09-18 16:40:08', '2023-09-18 16:40:08'),
(8, '255688068774', 250000, 'EL80N023', 'BANK', 'NMB', 12, 114, NULL, 'Successfully', 1, '9a2a145c-2e4c-4db6-a9d0-f29e0f3045be', '2019-10-14', '2023-09-18 16:40:08', '2023-09-18 16:40:08'),
(9, '255714943684', 275000, 'EL5I1223', 'BANK', 'NMB', 13, 115, NULL, 'Successfully', 1, '9a2a145c-3078-4305-9277-df62ce02f4a3', '2019-10-14', '2023-09-18 16:40:08', '2023-09-18 16:40:08'),
(10, '255752554531', 375000, 'EL517323', 'BANK', 'NMB', 14, 116, NULL, 'Successfully', 1, '9a2a145c-3293-45f1-867f-f8099a0fc490', '2019-10-14', '2023-09-18 16:40:08', '2023-09-18 16:40:08'),
(11, '255763102500', 125000, 'ELNN7223', 'BANK', 'NMB', 15, 117, NULL, 'Successfully', 1, '9a2a145c-34ac-4021-a31a-57ab65eeaa93', '2019-10-14', '2023-09-18 16:40:08', '2023-09-18 16:40:08'),
(12, '255766618879', 225000, 'EL695423', 'BANK', 'NMB', 16, 118, NULL, 'Successfully', 1, '9a2a145c-372a-4c13-a901-94a2d1fac524', '2019-10-14', '2023-09-18 16:40:08', '2023-09-18 16:40:08'),
(13, '255766618879', 125000, 'ELZD9823', 'BANK', 'NMB', 17, 119, NULL, 'Successfully', 1, '9a2a145c-3947-49f1-aa00-2c255590a241', '2019-10-14', '2023-09-18 16:40:08', '2023-09-18 16:40:08'),
(14, '255766970523', 62500, 'EL832Z23', 'BANK', 'NMB', 18, 120, NULL, 'Successfully', 1, '9a2a145c-3b71-4788-895e-ea2f1f366252', '2019-10-14', '2023-09-18 16:40:08', '2023-09-18 16:40:08'),
(15, '255622004709', 125000, 'EL552423', 'BANK', 'NMB', 19, 121, NULL, 'Successfully', 1, '9a2a145c-3d98-45d6-bc99-8cabb08d5c0f', '2019-11-14', '2023-09-18 16:40:08', '2023-09-18 16:40:08'),
(16, '255622325846', 125000, 'EL09D523', 'BANK', 'NMB', 20, 122, NULL, 'Successfully', 1, '9a2a145c-3fa9-43ed-b29e-c09acc33c889', '2019-08-26', '2023-09-18 16:40:08', '2023-09-18 16:40:08'),
(17, '255752554531', 375000, 'EL553223', 'BANK', 'NMB', 21, 123, NULL, 'Successfully', 1, '9a2a145c-41c2-4bcb-b958-6db03151582a', '2019-08-26', '2023-09-18 16:40:08', '2023-09-18 16:40:08'),
(18, '255656040007', 625000, 'EL266N23', 'BANK', 'NMB', 22, 124, NULL, 'Successfully', 1, '9a2a145c-43dc-42c1-8c92-1148c0440158', '2019-07-27', '2023-09-18 16:40:08', '2023-09-18 16:40:08'),
(19, '255688068774', 187500, 'EL180123', 'BANK', 'NMB', 23, 125, NULL, 'Successfully', 1, '9a2a145c-45e7-4d05-950c-14b076824e55', '2019-08-27', '2023-09-18 16:40:08', '2023-09-18 16:40:08'),
(20, '255766618879', 187500, 'EL2Z4223', 'BANK', 'NMB', 24, 126, NULL, 'Successfully', 1, '9a2a145c-47fd-442d-8a46-e9875293153a', '2019-08-27', '2023-09-18 16:40:08', '2023-09-18 16:40:08'),
(21, '255756999478', 100000, 'EL2II123', 'BANK', 'NMB', 25, 127, NULL, 'Successfully', 1, '9a2a145c-4a36-46a3-a05c-57be281c6a65', '2019-07-28', '2023-09-18 16:40:08', '2023-09-18 16:40:08'),
(22, '255657385182', 125000, 'ELCR7823', 'BANK', 'NMB', 26, 128, NULL, 'Successfully', 1, '9a2a145c-4c4d-432d-9154-066c7596cc21', '2019-08-28', '2023-09-18 16:40:08', '2023-09-18 16:40:08'),
(23, '255766889720', 125000, 'EL91E923', 'BANK', 'NMB', 27, 129, NULL, 'Successfully', 1, '9a2a145c-4e5a-4493-8e80-243a990ffac1', '2019-06-29', '2023-09-18 16:40:08', '2023-09-18 16:40:08');

-- --------------------------------------------------------

--
-- Table structure for table `permissions`
--

CREATE TABLE `permissions` (
  `id` bigint(20) UNSIGNED NOT NULL,
  `name` varchar(255) COLLATE utf8mb4_unicode_ci NOT NULL,
  `guard_name` varchar(255) COLLATE utf8mb4_unicode_ci NOT NULL,
  `created_at` timestamp NULL DEFAULT NULL,
  `updated_at` timestamp NULL DEFAULT NULL
) ENGINE=InnoDB DEFAULT CHARSET=utf8mb4 COLLATE=utf8mb4_unicode_ci;

-- --------------------------------------------------------

--
-- Table structure for table `personal_access_tokens`
--

CREATE TABLE `personal_access_tokens` (
  `id` bigint(20) UNSIGNED NOT NULL,
  `tokenable_type` varchar(255) COLLATE utf8mb4_unicode_ci NOT NULL,
  `tokenable_id` bigint(20) UNSIGNED NOT NULL,
  `name` varchar(255) COLLATE utf8mb4_unicode_ci NOT NULL,
  `token` varchar(64) COLLATE utf8mb4_unicode_ci NOT NULL,
  `abilities` text COLLATE utf8mb4_unicode_ci,
  `last_used_at` timestamp NULL DEFAULT NULL,
  `expires_at` timestamp NULL DEFAULT NULL,
  `created_at` timestamp NULL DEFAULT NULL,
  `updated_at` timestamp NULL DEFAULT NULL
) ENGINE=InnoDB DEFAULT CHARSET=utf8mb4 COLLATE=utf8mb4_unicode_ci;

--
-- Dumping data for table `personal_access_tokens`
--

INSERT INTO `personal_access_tokens` (`id`, `tokenable_type`, `tokenable_id`, `name`, `token`, `abilities`, `last_used_at`, `expires_at`, `created_at`, `updated_at`) VALUES
(1, 'App\\Models\\User', 1, 'admin@gmail.com', '641c9050b77bcbfb0f9f3f93a259f4b899a608652f0f2947a632a0bbaf673230', '[\"*\"]', NULL, NULL, '2023-07-19 19:31:17', '2023-07-19 19:31:17');

-- --------------------------------------------------------

--
-- Table structure for table `regions`
--

CREATE TABLE `regions` (
  `id` int(11) NOT NULL,
  `name` varchar(50) COLLATE utf8_unicode_ci DEFAULT NULL,
  `code` varchar(10) COLLATE utf8_unicode_ci DEFAULT NULL
) ENGINE=InnoDB DEFAULT CHARSET=utf8 COLLATE=utf8_unicode_ci;

--
-- Dumping data for table `regions`
--

INSERT INTO `regions` (`id`, `name`, `code`) VALUES
(1, 'Mtwara', 'MT'),
(2, 'Lindi', 'LI'),
(3, 'Tanga', 'TN'),
(4, 'Ruvuma', 'RV'),
(5, 'Mbeya', 'MB'),
(6, 'Singida', 'SD'),
(7, 'Dodoma', 'DO'),
(8, 'Tabora', 'TB'),
(9, 'Pwani', 'PW'),
(10, 'Morogoro', 'MO'),
(11, 'Iringa', 'IG'),
(13, 'Njombe', 'NJ'),
(14, 'Kilimanjaro', 'KL'),
(15, 'Songwe', 'SN'),
(16, 'Katavi', 'KA'),
(17, 'Shinyanga', 'SY'),
(18, 'Kigoma', 'KM'),
(20, 'Manyara', 'MY'),
(21, 'Arusha', 'AR'),
(23, 'Kagera', 'KG'),
(24, 'Geita', 'GE'),
(25, 'Mara', 'MA'),
(26, 'Mwanza', 'MZ'),
(30, 'Dar es salaam', 'DS'),
(31, 'Simiyu', 'SI'),
(32, 'Rukwa', 'RU');

-- --------------------------------------------------------

--
-- Table structure for table `roles`
--

CREATE TABLE `roles` (
  `id` bigint(20) UNSIGNED NOT NULL,
  `name` varchar(255) COLLATE utf8mb4_unicode_ci NOT NULL,
  `guard_name` varchar(255) COLLATE utf8mb4_unicode_ci NOT NULL,
  `created_at` timestamp NULL DEFAULT NULL,
  `updated_at` timestamp NULL DEFAULT NULL
) ENGINE=InnoDB DEFAULT CHARSET=utf8mb4 COLLATE=utf8mb4_unicode_ci;

--
-- Dumping data for table `roles`
--

INSERT INTO `roles` (`id`, `name`, `guard_name`, `created_at`, `updated_at`) VALUES
(1, 'Admin', 'web', '2023-05-23 17:29:20', '2023-05-23 17:29:20'),
(2, 'Super Admin', 'web', '2023-05-23 17:29:29', '2023-05-23 17:29:29'),
(3, 'Agent', 'web', '2023-05-23 17:29:29', '2023-05-23 17:29:29'),
(4, 'Customer', 'web', '2023-05-23 17:29:29', '2023-05-23 17:29:29');

-- --------------------------------------------------------

--
-- Table structure for table `role_has_permissions`
--

CREATE TABLE `role_has_permissions` (
  `permission_id` bigint(20) UNSIGNED NOT NULL,
  `role_id` bigint(20) UNSIGNED NOT NULL
) ENGINE=InnoDB DEFAULT CHARSET=utf8mb4 COLLATE=utf8mb4_unicode_ci;

-- --------------------------------------------------------

--
-- Table structure for table `students`
--

CREATE TABLE `students` (
  `id` int(11) NOT NULL,
  `customer_id` int(11) NOT NULL,
  `college_id` int(11) NOT NULL,
  `position` varchar(100) DEFAULT NULL,
  `study_year` varchar(11) NOT NULL,
  `student_reg_id` varchar(100) NOT NULL,
  `heslb_status` varchar(20) NOT NULL,
  `course` varchar(100) NOT NULL,
  `uuid` varchar(100) NOT NULL,
  `created_at` timestamp NOT NULL DEFAULT CURRENT_TIMESTAMP,
  `updated_at` timestamp NOT NULL DEFAULT CURRENT_TIMESTAMP ON UPDATE CURRENT_TIMESTAMP
) ENGINE=InnoDB DEFAULT CHARSET=utf8;

--
-- Dumping data for table `students`
--

INSERT INTO `students` (`id`, `customer_id`, `college_id`, `position`, `study_year`, `student_reg_id`, `heslb_status`, `course`, `uuid`, `created_at`, `updated_at`) VALUES
(1, 3, 3, 'Student', '3', '33333', 'Yes', 'Beng', '9958303d-36c3-471a-a66e-b704543a81bd', '2023-06-06 05:34:14', '2023-08-01 11:54:58'),
(2, 8, 3, NULL, '1', 'Dsdsds', '1', 'Dsdsds', '99bbdf4e-8c58-4585-b7a3-c99523075403', '2023-07-25 18:50:44', '2023-07-25 18:50:44'),
(3, 9, 3, NULL, '2', '5535353553', '1', 'Computer engineer', '99cef026-09b7-4a79-9442-568950bacbc4', '2023-08-04 06:18:33', '2023-08-04 06:18:33'),
(4, 10, 3, NULL, '2', '65456666', '1', 'COmputer enginer', '99cef6aa-7d98-4285-a7a7-ec583674561a', '2023-08-04 06:36:46', '2023-08-04 06:36:46'),
(5, 11, 3, NULL, '2', '5663553533', '1', 'Computer engineer', '99cf7559-7eb6-4def-b272-d81ca0f00cae', '2023-08-04 12:31:00', '2023-08-04 12:31:00'),
(6, 12, 3, NULL, '2', '63636353535535333', '1', 'Computer engineer', '99cf76d1-6209-46df-a005-bcc94011dab7', '2023-08-04 12:35:07', '2023-08-04 12:35:07'),
(7, 13, 3, NULL, '4', '20180741', '1', 'Bachelor of pharmacy', '99d1905a-2330-40ce-82e4-368687d674f1', '2023-08-05 13:38:10', '2023-08-05 13:38:10'),
(8, 14, 5, NULL, '1', '2018/0885', 'YES', 'MEDICAL LABARATORY', '9a29f080-8e16-4b42-b57d-5345a4b6f7b9', '2023-09-18 11:59:52', '2023-09-18 11:59:52'),
(9, 15, 5, NULL, '1', '2018/0885', 'YES', 'MEDICAL LABARATORY', '9a29f0fe-fbfd-44ba-9469-6dfd392c6488', '2023-09-18 12:01:15', '2023-09-18 12:01:15'),
(10, 16, 5, NULL, '1', '2018/0885', 'YES', 'MEDICAL LABARATORY', '9a29fa6a-aae7-4dfb-82e5-dc84dcd57a04', '2023-09-18 12:27:36', '2023-09-18 12:27:36'),
(11, 17, 5, NULL, '1', '2018/0885', 'YES', 'MEDICAL LABARATORY', '9a29fbd5-3c7c-48ce-8fde-66b0046feb0b', '2023-09-18 12:31:33', '2023-09-18 12:31:33'),
(12, 18, 5, NULL, '1', '2018/0885', 'YES', 'MEDICAL LABARATORY', '9a29fcb2-b9a0-4cce-aba2-cdc8c8ab5557', '2023-09-18 12:33:59', '2023-09-18 12:33:59'),
(13, 19, 5, NULL, '2', '2016/0579', 'YES', 'B.EDUCATION', '9a29fcb2-bc43-4490-bdfd-1c0eda2911f2', '2023-09-18 12:33:59', '2023-09-18 12:33:59'),
(14, 20, 5, NULL, '2', '2018/20390', 'YES', 'B.PHARMACY', '9a29fcb2-bd69-46ec-92b7-fd90288d9233', '2023-09-18 12:33:59', '2023-09-18 12:33:59'),
(15, 21, 5, NULL, '1', '2018/0077', 'YES', 'B.PHARMACY', '9a29fcb2-bea6-4cb8-89b6-ecc7eda1f104', '2023-09-18 12:33:59', '2023-09-18 12:33:59'),
(16, 22, 5, NULL, '1', '2018/0885', 'YES', 'MEDICAL LABARATORY', '9a29fd27-45b5-4d2f-8db9-10c7968d576d', '2023-09-18 12:35:15', '2023-09-18 12:35:15'),
(17, 23, 5, NULL, '2', '2016/0579', 'YES', 'B.EDUCATION', '9a29fd27-485f-4dae-8424-2873dec1427d', '2023-09-18 12:35:15', '2023-09-18 12:35:15'),
(18, 24, 5, NULL, '2', '2018/20390', 'YES', 'B.PHARMACY', '9a29fd27-4985-419c-9763-54be3e9066ac', '2023-09-18 12:35:15', '2023-09-18 12:35:15'),
(19, 25, 5, NULL, '1', '2018/0077', 'YES', 'B.PHARMACY', '9a29fd27-4ab7-42ce-abf3-e54c0f0fceeb', '2023-09-18 12:35:15', '2023-09-18 12:35:15'),
(20, 26, 5, NULL, '1', '2018/0885', 'YES', 'MEDICAL LABARATORY', '9a29fdbd-9518-417f-a798-24118fc7df82', '2023-09-18 12:36:53', '2023-09-18 12:36:53'),
(21, 27, 5, NULL, '2', '2016/0579', 'YES', 'B.EDUCATION', '9a29fdbd-97a3-44f8-9e8e-d3fffee6bf48', '2023-09-18 12:36:53', '2023-09-18 12:36:53'),
(22, 28, 5, NULL, '2', '2018/20390', 'YES', 'B.PHARMACY', '9a29fdbd-98c7-4ed9-9c8f-2ea372d57e60', '2023-09-18 12:36:53', '2023-09-18 12:36:53'),
(23, 29, 5, NULL, '1', '2018/0077', 'YES', 'B.PHARMACY', '9a29fdbd-9a00-420d-a699-5442f5e1ffda', '2023-09-18 12:36:53', '2023-09-18 12:36:53'),
(24, 30, 5, NULL, '1', '2018/0885', 'YES', 'MEDICAL LABARATORY', '9a29fe16-0a7d-4dd0-a06c-d569c7fc4ac7', '2023-09-18 12:37:51', '2023-09-18 12:37:51'),
(25, 31, 5, NULL, '2', '2016/0579', 'YES', 'B.EDUCATION', '9a29fe16-0d05-414e-8121-0f9e1696f544', '2023-09-18 12:37:51', '2023-09-18 12:37:51'),
(26, 32, 5, NULL, '2', '2018/20390', 'YES', 'B.PHARMACY', '9a29fe16-0e2d-49d4-83ed-a53d187dae78', '2023-09-18 12:37:51', '2023-09-18 12:37:51'),
(27, 33, 5, NULL, '1', '2018/0077', 'YES', 'B.PHARMACY', '9a29fe16-0f64-4a6b-bf49-10dd8c2b55ec', '2023-09-18 12:37:51', '2023-09-18 12:37:51'),
(28, 34, 5, NULL, '1', '2018/0885', 'YES', 'MEDICAL LABARATORY', '9a29fef9-9b81-4984-9383-efc29ed05de2', '2023-09-18 12:40:21', '2023-09-18 12:40:21'),
(29, 35, 5, NULL, '2', '2016/0579', 'YES', 'B.EDUCATION', '9a29fef9-9e1c-4e6a-80b5-90a31baa64ec', '2023-09-18 12:40:21', '2023-09-18 12:40:21'),
(30, 36, 5, NULL, '2', '2018/20390', 'YES', 'B.PHARMACY', '9a29fef9-9f4a-4d4b-91eb-1e15369d53ff', '2023-09-18 12:40:21', '2023-09-18 12:40:21'),
(31, 37, 5, NULL, '1', '2018/0077', 'YES', 'B.PHARMACY', '9a29fef9-a074-4443-bebf-dc36bccc758f', '2023-09-18 12:40:21', '2023-09-18 12:40:21'),
(32, 38, 5, NULL, '2', '2017/1078', 'YES', 'B.EDUCATION', '9a29fef9-a193-451f-9be9-2c84750a7667', '2023-09-18 12:40:21', '2023-09-18 12:40:21'),
(33, 39, 5, NULL, '1', '2018/0981', 'YES', 'B.PHARMACY', '9a29fef9-a2ab-4f2e-b85f-0f8492d0c972', '2023-09-18 12:40:21', '2023-09-18 12:40:21'),
(34, 40, 5, NULL, '1', '2018/20021', 'YES', 'MEDICAL LABARATORY', '9a29fef9-a3c5-4830-922a-f240a9def35a', '2023-09-18 12:40:21', '2023-09-18 12:40:21'),
(35, 41, 5, NULL, '1', '2018/0584', 'YES', 'B.PHARMACY', '9a29fef9-a4f1-445d-87bc-4b7f5843eac2', '2023-09-18 12:40:21', '2023-09-18 12:40:21'),
(36, 42, 5, NULL, '2', '2015/1375', 'YES', 'B. COMMERCE WITH EDUCATION', '9a29fef9-a607-4c54-85c9-9ddab6de998c', '2023-09-18 12:40:21', '2023-09-18 12:40:21'),
(37, 43, 5, NULL, '2', '2015/1375', 'YES', 'B. COMMERCE WITH EDUCATION', '9a29fef9-a71d-4c80-845b-33826a42c7c7', '2023-09-18 12:40:21', '2023-09-18 12:40:21'),
(38, 44, 5, NULL, '1', '2018/0605', 'YES', 'B.PHARMACY', '9a29fef9-a83a-468e-a6e6-e16d0493d90b', '2023-09-18 12:40:21', '2023-09-18 12:40:21'),
(39, 45, 5, NULL, '1', '2018/0964', 'YES', 'B.PHARMACY', '9a29fef9-a95c-4992-a427-f7b18b453384', '2023-09-18 12:40:21', '2023-09-18 12:40:21'),
(40, 46, 5, NULL, '2', '2018/21714', 'YES', 'B.PHARMACY', '9a29fef9-aa7c-4759-a01b-fc2af83a2bd3', '2023-09-18 12:40:21', '2023-09-18 12:40:21'),
(41, 48, 5, NULL, '1', '2018/0885', 'YES', 'MEDICAL LABARATORY', '9a2a042f-e890-457c-a960-dfa9bb934f26', '2023-09-18 12:54:55', '2023-09-18 12:54:55'),
(42, 49, 5, NULL, '2', '2016/0579', 'YES', 'B.EDUCATION', '9a2a042f-eb20-4dae-a88e-808b7b6fef9c', '2023-09-18 12:54:55', '2023-09-18 12:54:55'),
(43, 50, 5, NULL, '2', '2018/20390', 'YES', 'B.PHARMACY', '9a2a042f-ec49-40e8-ac6c-a8939c8f1099', '2023-09-18 12:54:55', '2023-09-18 12:54:55'),
(44, 51, 5, NULL, '1', '2018/0077', 'YES', 'B.PHARMACY', '9a2a042f-ed6d-4138-9f6c-321360fade8d', '2023-09-18 12:54:55', '2023-09-18 12:54:55'),
(45, 52, 5, NULL, '2', '2017/1078', 'YES', 'B.EDUCATION', '9a2a042f-ee83-4314-89ee-cc2ca9e5c813', '2023-09-18 12:54:55', '2023-09-18 12:54:55'),
(46, 53, 5, NULL, '1', '2018/0981', 'YES', 'B.PHARMACY', '9a2a042f-ef99-4fe6-8b16-d57be7fcbc18', '2023-09-18 12:54:55', '2023-09-18 12:54:55'),
(47, 54, 5, NULL, '1', '2018/20021', 'YES', 'MEDICAL LABARATORY', '9a2a042f-f0d8-4b8b-9229-e6af058eb503', '2023-09-18 12:54:55', '2023-09-18 12:54:55'),
(48, 55, 5, NULL, '1', '2018/0584', 'YES', 'B.PHARMACY', '9a2a042f-f1fe-40e1-81ab-db2c387f9a53', '2023-09-18 12:54:55', '2023-09-18 12:54:55'),
(49, 56, 5, NULL, '2', '2015/1375', 'YES', 'B. COMMERCE WITH EDUCATION', '9a2a042f-f321-4ceb-92bb-bbc99216e481', '2023-09-18 12:54:55', '2023-09-18 12:54:55'),
(50, 57, 5, NULL, '2', '2015/1375', 'YES', 'B. COMMERCE WITH EDUCATION', '9a2a042f-f439-4883-8d3f-7f6b02a12fdc', '2023-09-18 12:54:55', '2023-09-18 12:54:55'),
(51, 58, 5, NULL, '1', '2018/0605', 'YES', 'B.PHARMACY', '9a2a042f-f54f-405c-b562-cb307cdb5457', '2023-09-18 12:54:55', '2023-09-18 12:54:55'),
(52, 59, 5, NULL, '1', '2018/0964', 'YES', 'B.PHARMACY', '9a2a042f-f668-4458-b4fe-1160540ec590', '2023-09-18 12:54:55', '2023-09-18 12:54:55'),
(53, 60, 5, NULL, '2', '2018/21714', 'YES', 'B.PHARMACY', '9a2a042f-f782-42ba-b293-e340c61850da', '2023-09-18 12:54:55', '2023-09-18 12:54:55'),
(54, 62, 5, NULL, '1', '2018/0885', 'YES', 'MEDICAL LABARATORY', '9a2a0466-3de2-4687-9b45-bcb8b99f6ac4', '2023-09-18 12:55:31', '2023-09-18 12:55:31'),
(55, 63, 5, NULL, '2', '2016/0579', 'YES', 'B.EDUCATION', '9a2a0466-4044-493e-ae95-7fdc4a75e9eb', '2023-09-18 12:55:31', '2023-09-18 12:55:31'),
(56, 64, 5, NULL, '2', '2018/20390', 'YES', 'B.PHARMACY', '9a2a0466-416b-44d7-aef0-9e9ccf6e2356', '2023-09-18 12:55:31', '2023-09-18 12:55:31'),
(57, 65, 5, NULL, '1', '2018/0077', 'YES', 'B.PHARMACY', '9a2a0466-428e-4105-9420-24fe940db84b', '2023-09-18 12:55:31', '2023-09-18 12:55:31'),
(58, 66, 5, NULL, '2', '2017/1078', 'YES', 'B.EDUCATION', '9a2a0466-43a6-4fae-a748-3b4a4987fbf4', '2023-09-18 12:55:31', '2023-09-18 12:55:31'),
(59, 67, 5, NULL, '1', '2018/0981', 'YES', 'B.PHARMACY', '9a2a0466-44c3-4840-ac21-73bab7500a5c', '2023-09-18 12:55:31', '2023-09-18 12:55:31'),
(60, 68, 5, NULL, '1', '2018/20021', 'YES', 'MEDICAL LABARATORY', '9a2a0466-45df-4cf7-899b-6701912aba5b', '2023-09-18 12:55:31', '2023-09-18 12:55:31'),
(61, 69, 5, NULL, '1', '2018/0584', 'YES', 'B.PHARMACY', '9a2a0466-46fd-4824-ab98-4d58141a61fa', '2023-09-18 12:55:31', '2023-09-18 12:55:31'),
(62, 70, 5, NULL, '2', '2015/1375', 'YES', 'B. COMMERCE WITH EDUCATION', '9a2a0466-481c-4d30-b08f-1612d909ae49', '2023-09-18 12:55:31', '2023-09-18 12:55:31'),
(63, 71, 5, NULL, '2', '2015/1375', 'YES', 'B. COMMERCE WITH EDUCATION', '9a2a0466-4934-40b0-88c4-5c321809bf55', '2023-09-18 12:55:31', '2023-09-18 12:55:31'),
(64, 72, 5, NULL, '1', '2018/0605', 'YES', 'B.PHARMACY', '9a2a0466-4a4c-422a-aa41-254f4e3e4a30', '2023-09-18 12:55:31', '2023-09-18 12:55:31'),
(65, 73, 5, NULL, '1', '2018/0964', 'YES', 'B.PHARMACY', '9a2a0466-4b6e-40f7-bcfa-adc6f87cd086', '2023-09-18 12:55:31', '2023-09-18 12:55:31'),
(66, 74, 5, NULL, '2', '2018/21714', 'YES', 'B.PHARMACY', '9a2a0466-4c85-4b27-98a5-ea4abf98d6d1', '2023-09-18 12:55:31', '2023-09-18 12:55:31'),
(67, 75, 5, NULL, '', '2018/20021', 'YES', 'MEDICAL LABARATORY', '9a2a0466-4d9f-4596-b7fd-a6251de9d03e', '2023-09-18 12:55:31', '2023-09-18 12:55:31'),
(68, 76, 5, NULL, '2', '2018/1014', 'YES', 'B.PHARMACY', '9a2a0466-4eb6-4f1b-ab43-44ce93289c9e', '2023-09-18 12:55:31', '2023-09-18 12:55:31'),
(69, 77, 5, NULL, '2', '', 'YES', 'B.EDUCATION', '9a2a0466-4fc6-4ea3-9fa6-cff4106481cf', '2023-09-18 12:55:31', '2023-09-18 12:55:31'),
(70, 78, 5, NULL, '2', '2015/1375', 'YES', 'B. COMMERCE WITH EDUCATION', '9a2a0466-50df-46b2-8518-43a6d981ac86', '2023-09-18 12:55:31', '2023-09-18 12:55:31'),
(71, 79, 5, NULL, '2', '2016/0579', 'YES', 'B.EDUCATION', '9a2a0466-51fc-422f-b042-642ec9e229cd', '2023-09-18 12:55:31', '2023-09-18 12:55:31'),
(72, 80, 5, NULL, '1', '2018/0061', 'YES', 'B.PHARMACY', '9a2a0466-5316-44b0-a75f-66932c768aa2', '2023-09-18 12:55:31', '2023-09-18 12:55:31'),
(73, 81, 5, NULL, '1', '2018/0779', 'YES', 'B.PHARMACY', '9a2a0466-5429-434e-ade9-a06420d5d386', '2023-09-18 12:55:31', '2023-09-18 12:55:31'),
(74, 82, 5, NULL, '1', '2018/0885', 'YES', 'MEDICAL LABARATORY', '9a2a048f-c1bb-4644-bc15-c6cd20a701d3', '2023-09-18 12:55:58', '2023-09-18 12:55:58'),
(75, 83, 5, NULL, '1', '2018/0885', 'YES', 'MEDICAL LABARATORY', '9a2a0ab5-f02c-46e2-b26b-476a2f15fe97', '2023-09-18 13:13:09', '2023-09-18 13:13:09'),
(76, 84, 5, NULL, '1', '2018/0885', 'YES', 'MEDICAL LABARATORY', '9a2a0ad4-dc43-46d8-bad1-b22cb7d2d906', '2023-09-18 13:13:30', '2023-09-18 13:13:30'),
(77, 85, 5, NULL, '1', '2018/0885', 'YES', 'MEDICAL LABARATORY', '9a2a0c60-0045-40ca-b4c0-7c2099c460f9', '2023-09-18 13:17:49', '2023-09-18 13:17:49'),
(78, 86, 5, NULL, '2', '2016/0579', 'YES', 'B.EDUCATION', '9a2a0c60-02e0-4d99-8d5b-ffd6af9c4bb0', '2023-09-18 13:17:49', '2023-09-18 13:17:49'),
(79, 87, 5, NULL, '2', '2018/20390', 'YES', 'B.PHARMACY', '9a2a0c60-040d-463e-a965-e5e54890539f', '2023-09-18 13:17:49', '2023-09-18 13:17:49'),
(80, 88, 5, NULL, '1', '2018/0077', 'YES', 'B.PHARMACY', '9a2a0c60-053f-44b9-a374-a633a4a8e609', '2023-09-18 13:17:49', '2023-09-18 13:17:49'),
(81, 89, 5, NULL, '2', '2017/1078', 'YES', 'B.EDUCATION', '9a2a0c60-065d-4daa-8be4-25d08591dddb', '2023-09-18 13:17:49', '2023-09-18 13:17:49'),
(82, 90, 5, NULL, '1', '2018/0981', 'YES', 'B.PHARMACY', '9a2a0c60-0778-44be-9ece-04509b3d908c', '2023-09-18 13:17:49', '2023-09-18 13:17:49'),
(83, 91, 5, NULL, '1', '2018/20021', 'YES', 'MEDICAL LABARATORY', '9a2a0c60-08a6-4f40-85be-84c3da82bd79', '2023-09-18 13:17:49', '2023-09-18 13:17:49'),
(84, 92, 5, NULL, '1', '2018/0584', 'YES', 'B.PHARMACY', '9a2a0c60-09c6-43f8-ac5a-ceaac8709ceb', '2023-09-18 13:17:49', '2023-09-18 13:17:49'),
(85, 93, 5, NULL, '2', '2015/1375', 'YES', 'B. COMMERCE WITH EDUCATION', '9a2a0c60-0b07-4c96-9dc0-7fbeca696952', '2023-09-18 13:17:49', '2023-09-18 13:17:49'),
(86, 94, 5, NULL, '2', '2015/1375', 'YES', 'B. COMMERCE WITH EDUCATION', '9a2a0c60-0c2b-45d0-9e36-3292c72bf58a', '2023-09-18 13:17:49', '2023-09-18 13:17:49'),
(87, 95, 5, NULL, '1', '2018/0605', 'YES', 'B.PHARMACY', '9a2a0c60-0d48-4c59-8b62-0a8023723dc9', '2023-09-18 13:17:49', '2023-09-18 13:17:49'),
(88, 96, 5, NULL, '1', '2018/0964', 'YES', 'B.PHARMACY', '9a2a0c60-0edf-4d58-b574-20b911c01718', '2023-09-18 13:17:49', '2023-09-18 13:17:49'),
(89, 97, 5, NULL, '2', '2018/21714', 'YES', 'B.PHARMACY', '9a2a0c60-10c0-4304-a339-32d373564aeb', '2023-09-18 13:17:49', '2023-09-18 13:17:49'),
(90, 98, 5, NULL, '', '2018/20021', 'YES', 'MEDICAL LABARATORY', '9a2a0c60-11e4-4cba-8782-f42984c16dbf', '2023-09-18 13:17:49', '2023-09-18 13:17:49'),
(91, 99, 5, NULL, '2', '2018/1014', 'YES', 'B.PHARMACY', '9a2a0c60-132a-474a-98e2-7195ca40e5f5', '2023-09-18 13:17:49', '2023-09-18 13:17:49'),
(92, 100, 5, NULL, '2', '', 'YES', 'B.EDUCATION', '9a2a0c60-1448-4aed-9424-ad9c3ea67ba8', '2023-09-18 13:17:49', '2023-09-18 13:17:49'),
(93, 101, 5, NULL, '2', '2015/1375', 'YES', 'B. COMMERCE WITH EDUCATION', '9a2a0c60-1566-44ce-8b1f-f5e893549d0f', '2023-09-18 13:17:49', '2023-09-18 13:17:49'),
(94, 102, 5, NULL, '2', '2016/0579', 'YES', 'B.EDUCATION', '9a2a0c60-1681-40d8-8683-138fad93e8fa', '2023-09-18 13:17:49', '2023-09-18 13:17:49'),
(95, 103, 5, NULL, '1', '2018/0061', 'YES', 'B.PHARMACY', '9a2a0c60-179f-4a01-8062-7cc0eb7c32a5', '2023-09-18 13:17:49', '2023-09-18 13:17:49'),
(96, 104, 5, NULL, '1', '2018/0779', 'YES', 'B.PHARMACY', '9a2a0c60-18ba-43d9-bed2-a66cd591ab82', '2023-09-18 13:17:49', '2023-09-18 13:17:49'),
(97, 105, 5, NULL, '1', '2018/0885', 'YES', 'MEDICAL LABARATORY', '9a2a0dfa-d072-41ad-8053-9464283eab35', '2023-09-18 13:22:18', '2023-09-18 13:22:18'),
(98, 106, 5, NULL, '1', '2018/0885', 'YES', 'MEDICAL LABARATORY', '9a2a0e1c-e82d-4841-a4da-871d2a16540f', '2023-09-18 13:22:40', '2023-09-18 13:22:40'),
(99, 107, 5, NULL, '1', '2018/0885', 'YES', 'MEDICAL LABARATORY', '9a2a0e8d-11c5-47dd-bd76-a05ea85c51f6', '2023-09-18 13:23:54', '2023-09-18 13:23:54'),
(100, 108, 5, NULL, '1', '2018/0885', 'YES', 'MEDICAL LABARATORY', '9a2a0eb6-4870-4ad3-b57d-8431730e8cdc', '2023-09-18 13:24:21', '2023-09-18 13:24:21'),
(101, 109, 5, NULL, '1', '2018/0885', 'YES', 'MEDICAL LABARATORY', '9a2a13fd-b476-4713-aa58-e070375b88f6', '2023-09-18 13:39:06', '2023-09-18 13:39:06'),
(102, 110, 5, NULL, '1', '2018/0885', 'YES', 'MEDICAL LABARATORY', '9a2a145c-21cc-4c29-b2f0-a94fd31ccd66', '2023-09-18 13:40:08', '2023-09-18 13:40:08'),
(103, 111, 5, NULL, '2', '2016/0579', 'YES', 'B.EDUCATION', '9a2a145c-2666-4ce4-9c91-41ab57601db7', '2023-09-18 13:40:08', '2023-09-18 13:40:08'),
(104, 112, 5, NULL, '2', '2018/20390', 'YES', 'B.PHARMACY', '9a2a145c-28c5-40e1-92b3-d8706ddf67d6', '2023-09-18 13:40:08', '2023-09-18 13:40:08'),
(105, 113, 5, NULL, '1', '2018/0077', 'YES', 'B.PHARMACY', '9a2a145c-2aef-4b19-9aef-cf0f1659d97a', '2023-09-18 13:40:08', '2023-09-18 13:40:08'),
(106, 114, 5, NULL, '2', '2017/1078', 'YES', 'B.EDUCATION', '9a2a145c-2d09-4e88-aeda-ffee03d6eb6c', '2023-09-18 13:40:08', '2023-09-18 13:40:08'),
(107, 115, 5, NULL, '1', '2018/0981', 'YES', 'B.PHARMACY', '9a2a145c-2f26-4698-9a55-eabd6322d6f6', '2023-09-18 13:40:08', '2023-09-18 13:40:08'),
(108, 116, 5, NULL, '1', '2018/20021', 'YES', 'MEDICAL LABARATORY', '9a2a145c-315a-48f8-9fef-3686a666f389', '2023-09-18 13:40:08', '2023-09-18 13:40:08'),
(109, 117, 5, NULL, '1', '2018/0584', 'YES', 'B.PHARMACY', '9a2a145c-336d-4f4e-a710-f774015f1b52', '2023-09-18 13:40:08', '2023-09-18 13:40:08'),
(110, 118, 5, NULL, '2', '2015/1375', 'YES', 'B. COMMERCE WITH EDUCATION', '9a2a145c-35ea-40b4-82e3-4293e49d3d37', '2023-09-18 13:40:08', '2023-09-18 13:40:08'),
(111, 119, 5, NULL, '2', '2015/1375', 'YES', 'B. COMMERCE WITH EDUCATION', '9a2a145c-3809-408e-82db-0baf78986f4e', '2023-09-18 13:40:08', '2023-09-18 13:40:08'),
(112, 120, 5, NULL, '1', '2018/0605', 'YES', 'B.PHARMACY', '9a2a145c-3a20-4e3c-8443-7315b79533d1', '2023-09-18 13:40:08', '2023-09-18 13:40:08'),
(113, 121, 5, NULL, '1', '2018/0964', 'YES', 'B.PHARMACY', '9a2a145c-3c4a-448a-9002-8ce760059d1b', '2023-09-18 13:40:08', '2023-09-18 13:40:08'),
(114, 122, 5, NULL, '2', '2018/21714', 'YES', 'B.PHARMACY', '9a2a145c-3e73-4084-b4c6-3542d6afae30', '2023-09-18 13:40:08', '2023-09-18 13:40:08'),
(115, 123, 5, NULL, '', '2018/20021', 'YES', 'MEDICAL LABARATORY', '9a2a145c-4085-4974-84e5-49e33b978674', '2023-09-18 13:40:08', '2023-09-18 13:40:08'),
(116, 124, 5, NULL, '2', '2018/1014', 'YES', 'B.PHARMACY', '9a2a145c-42a1-4284-98ee-365509acd8cb', '2023-09-18 13:40:08', '2023-09-18 13:40:08'),
(117, 125, 5, NULL, '2', '', 'YES', 'B.EDUCATION', '9a2a145c-44ae-426e-9e92-d626f7503fd1', '2023-09-18 13:40:08', '2023-09-18 13:40:08'),
(118, 126, 5, NULL, '2', '2015/1375', 'YES', 'B. COMMERCE WITH EDUCATION', '9a2a145c-46c1-4a91-acdb-3d33e8ffdd00', '2023-09-18 13:40:08', '2023-09-18 13:40:08'),
(119, 127, 5, NULL, '2', '2016/0579', 'YES', 'B.EDUCATION', '9a2a145c-48d7-43ad-8f18-b27fe1a55eef', '2023-09-18 13:40:08', '2023-09-18 13:40:08'),
(120, 128, 5, NULL, '1', '2018/0061', 'YES', 'B.PHARMACY', '9a2a145c-4b15-4268-b91e-2c9fb410101a', '2023-09-18 13:40:08', '2023-09-18 13:40:08'),
(121, 129, 5, NULL, '1', '2018/0779', 'YES', 'B.PHARMACY', '9a2a145c-4d24-4bdd-863a-ac4ec3643603', '2023-09-18 13:40:08', '2023-09-18 13:40:08');

-- --------------------------------------------------------

--
-- Table structure for table `users`
--

CREATE TABLE `users` (
  `id` bigint(20) UNSIGNED NOT NULL,
  `name` varchar(255) COLLATE utf8mb4_unicode_ci NOT NULL,
  `phone_number` varchar(20) COLLATE utf8mb4_unicode_ci NOT NULL,
  `email` varchar(255) COLLATE utf8mb4_unicode_ci NOT NULL,
  `email_verified_at` timestamp NULL DEFAULT NULL,
  `password` varchar(255) COLLATE utf8mb4_unicode_ci NOT NULL,
  `uuid` varchar(255) COLLATE utf8mb4_unicode_ci NOT NULL,
  `active` tinyint(4) NOT NULL DEFAULT '1',
  `remember_token` varchar(100) COLLATE utf8mb4_unicode_ci DEFAULT NULL,
  `customer_id` int(11) DEFAULT NULL,
  `created_at` timestamp NULL DEFAULT NULL,
  `updated_at` timestamp NULL DEFAULT NULL
) ENGINE=InnoDB DEFAULT CHARSET=utf8mb4 COLLATE=utf8mb4_unicode_ci;

--
-- Dumping data for table `users`
--

INSERT INTO `users` (`id`, `name`, `phone_number`, `email`, `email_verified_at`, `password`, `uuid`, `active`, `remember_token`, `customer_id`, `created_at`, `updated_at`) VALUES
(1, 'Admin admin', '', 'admin@gmail.com', '2023-05-23 20:27:53', '$2y$10$ZKaaMIG2COWhvCGPz/uvy.CTaINHXC62K1IXWmZqmEhxFpNbNe9Hy', 'dggdgdgd', 1, NULL, NULL, '2023-05-23 20:27:53', '2023-05-23 20:27:53'),
(2, 'luhangano erasto lupenza', '', 'lupenza10@gmail.com', NULL, '$2y$10$AOSiCTJva9L305lB42WVxumaDV3uJqZWm1M0dhrlndP8ANAUaddkq', '993d07ad-5606-40bf-812c-44ec49abb872', 1, NULL, NULL, '2023-05-23 17:33:28', '2023-05-23 17:33:28'),
(3, 'Admin Dizerity', '255653190260', 'admin@dizer.com', NULL, '$2y$10$PlFH3k4lJa/qOdBCirNNDessRafEARP0M8Y5iW7DtFzO5jkHbZMIS', '993d088a-2061-462d-a2b4-edbf7adad6c8', 1, NULL, NULL, '2023-05-23 17:35:53', '2023-05-23 17:35:53'),
(4, 'Luhangano Erasto Lupenza', '255713640551', 'agent@gmail.com', NULL, '$2y$10$vAsa7vWFuqn9..hXkVLrsuPyx0UrIAsSuEcRoSNfIuGJx7HCV1NP2', '99565b56-df03-4b38-becf-ce588b2c9beb', 1, NULL, NULL, '2023-06-05 07:43:06', '2023-06-05 07:43:06'),
(5, 'Khaleed Ofsa Frank', '255683130185', 'luhaboy@gmail.come', NULL, '$2y$10$xID.LVjkpzKXBPTj74sJ7ecUejzj40HvwFDNfJL493vZvqngbz8yW', '995697b8-cf79-441d-b1ef-51fa710f0bd5', 1, NULL, 3, '2023-06-05 10:31:57', '2023-06-05 10:31:57'),
(6, 'Khaleed Ofsa Frank', '255683130186', 'luhaboy@gmail.com1', NULL, '$2y$10$C41vZy4HjfVjejRGDc8PfuAEj9EhlR3bnmSJRd/cBEPcygp4/ywAq', '99569831-d4ee-45b6-83b6-b5fc768b7676', 1, NULL, 4, '2023-06-05 10:33:16', '2023-06-05 10:33:16'),
(7, 'Khaleed Ofsa Frank', '255683130183', 'luhaboy@gmail.com2', NULL, '$2y$10$MntZJ87doYrOVYi9OQHLwelQui7IXfKcjR./Xf8HRvd5q2DgVTrjK', '9956988e-2254-4c43-8758-f77fa327ee10', 1, NULL, 5, '2023-06-05 10:34:16', '2023-06-05 10:34:16'),
(8, 'Khaleed Ofsa Frank', '255683130181', 'luhaboy@gmail.com3', NULL, '$2y$10$PTTOPfULjk/hkxcY1Gaioe7TmxZx8Io1LWyz97aNpyj/dLlJ76vN2', '995698cb-b5a8-42ff-b357-aba06542622d', 1, NULL, 6, '2023-06-05 10:34:57', '2023-06-05 10:34:57'),
(9, 'Dsdsd Dsdsd Dads', '0683130130', 'Student@gmail.com', NULL, '$2y$10$/Fkf0oIDhwQlp82.zlWQm.HMUqvBc5wAuNnU6dTDKn3uACaLDc67C', '99bbdf4e-8689-4fd6-8d15-15488ce572ba', 1, NULL, 8, '2023-07-25 18:50:43', '2023-07-25 18:50:43'),
(10, 'Jackson Group', '255683130185', 'lupenza@gsafrica.co.tz', NULL, '$2y$10$2lQi9nSisPJa.1z6.gKFKeiBRXFqcivJZcQlOy5XKNfuiW1Ysfzi.', '99c930ee-d272-414a-ae5a-f6051e2f028c', 1, NULL, NULL, '2023-08-01 09:44:44', '2023-08-01 09:44:44'),
(11, 'Jackson Group', '255683130185', 'lupenza@gsafrica.co.tz2', NULL, '$2y$10$GjNgRDOWXMz3QRDEHLw8E.kHjqqlUZDQiTT3mBXzdFSdRpL.Ynzpu', '99c93330-25ae-4527-8678-e2630f8ef4eb', 1, NULL, NULL, '2023-08-01 09:51:02', '2023-08-01 09:51:02'),
(12, 'Juma Kasoro', '255656414320', 'lupe@hmail.com', NULL, '$2y$10$Dt2PHYVlIYKHUaaAnFrycOPp/7y12EPkETk10IgUrjt.Ij.3fjh6W', '99c936a0-1730-4d78-b7ae-98104f65d615', 1, NULL, NULL, '2023-08-01 10:00:39', '2023-08-01 10:00:39'),
(13, 'Ernest Kwevoo Juma', '0683130185', 'Luhaboy@gmail.com', NULL, '$2y$10$4YycwN.mlz7OkgcMy7AnPOclRDiBV7Cz8x73zZKsIW.6Gjrfgtf/2', '99cef021-f98a-459c-953d-b6253c7680e4', 1, NULL, 9, '2023-08-04 06:18:30', '2023-08-04 06:18:30'),
(14, 'Axweso Kahi Kalifa', '0683103103', 'Lupena@gsafria.co.tz', NULL, '$2y$10$3QBPvFq4qQkrx7vCp9yg/.0463lJtVeihGhERL9TEyXcTdiAko4Pm', '99cef6a6-1388-4a76-9cc0-eadf69ced047', 1, NULL, 10, '2023-08-04 06:36:43', '2023-08-04 06:36:43'),
(15, 'Brayson John Laizer', '673123123', 'Braysonjohn148@gmail.com', NULL, '$2y$10$Vqk0YmrxySkPK7wUJXAX/e2E/ZB3NjSds7kW/1Ibl7PlTU/jLQnYC', '99cf7555-4d2d-4e79-92f9-7ac316d35d95', 1, NULL, 11, '2023-08-04 12:30:58', '2023-08-04 12:30:58'),
(16, 'Brayson John Laizer', '673123125', 'Braysonjohn148@gmail.com4', NULL, '$2y$10$vgLWHR5M2VEaadWGXajxMeiVFPkfR/.oa4Cs59i8Vn.xteJRUhUNG', '99cf76cd-5296-4540-b6e1-f1b34295955a', 1, NULL, 12, '2023-08-04 12:35:04', '2023-08-04 12:35:04'),
(17, 'Elibariki Laizer Laizer', '787971971', 'elibarikidavid23@gmail.com', NULL, '$2y$10$pfxE55aeC9yJ3.RUuWjV4ewSXhn/b.KgnN.rg91dZfCdZqQUGqg4a', '99d19053-2cf2-4b36-99dd-acf8e0323af9', 1, NULL, 13, '2023-08-05 13:38:05', '2023-08-05 13:38:05');

-- --------------------------------------------------------

--
-- Table structure for table `wards`
--

CREATE TABLE `wards` (
  `id` int(11) NOT NULL,
  `name` varchar(100) COLLATE utf8_unicode_ci DEFAULT NULL,
  `district_id` int(11) DEFAULT NULL
) ENGINE=InnoDB DEFAULT CHARSET=utf8 COLLATE=utf8_unicode_ci;

--
-- Dumping data for table `wards`
--

INSERT INTO `wards` (`id`, `name`, `district_id`) VALUES
(1, 'CHAUME', 32),
(2, 'CHIGUGU', 15),
(3, 'CHIHANGU', 26),
(4, 'CHIKOROPOLA', 15),
(5, 'CHIKUKWE', 15),
(6, 'CHIKUNDI', 15),
(7, 'CHIKUNJA', 15),
(8, 'CHILANGALA', 26),
(9, 'CHINGUNGWE', 32),
(10, 'CHIPUPUTA', 25),
(11, 'CHITEKETE', 26),
(12, 'CHIUNGUTWA', 15),
(13, 'CHIWALE', 15),
(14, 'CHIWATA', 15),
(15, 'CHIWONGA', 26),
(16, 'DIHIMBA', 19),
(17, 'DINDUMA', 32),
(18, 'KAMUNDI', 25),
(19, 'KILIMANIHEWA', 25),
(27, 'KITANGALI', 26),
(28, 'KITERE', 19),
(29, 'KWANYAMA', 32),
(30, 'LIBOBE', 19),
(31, 'LIKOKONA', 25),
(32, 'LIPUMBURU', 15),
(33, 'LIPWIDI', 19),
(34, 'LITEHU', 32),
(35, 'LUAGALA', 32),
(36, 'LUKOKODA', 32),
(37, 'LUKULEDI', 15),
(38, 'LULINDI', 15),
(39, 'LUMESULE', 25),
(40, 'LUPASO', 15),
(41, 'LYENJE', 32),
(42, 'MADIMBA', 19),
(43, 'MAHURUNGA', 19),
(44, 'MAKONG\'ONDA', 15),
(45, 'MAKUKWE', 26),
(46, 'MALATU', 26),
(47, 'MANGAKA', 25),
(48, 'MANGOPACHANNE', 19),
(49, 'MAPUTI', 26),
(50, 'MARATANI', 25),
(51, 'MASUGURU', 25),
(52, 'MAUNDO', 32),
(53, 'MAYANGA', 19),
(54, 'MBAWALA', 19),
(55, 'MBUYUNI', 15),
(56, 'MCHAURU', 15),
(57, 'MCHEMO', 26),
(58, 'MCHICHIRA', 32),
(59, 'MDIMBA  MPELEMPELE', 26),
(60, 'MDIMBA', 32),
(61, 'MICHENJELE', 32),
(62, 'MICHIGA', 25),
(63, 'MIHAMBWE', 32),
(64, 'MIJELEJELE', 15),
(65, 'MIKANGAULA', 25),
(66, 'MIKUMBI', 26),
(67, 'MILONGODI', 32),
(68, 'MITESA', 15),
(69, 'MIUTA', 32),
(70, 'MKOMA II', 26),
(71, 'MKONJOWANO', 32),
(72, 'MKONONA', 25),
(73, 'MKOREHA', 32),
(74, 'MKULULU', 15),
(75, 'MKUNDI', 32),
(76, 'MKUNWA', 19),
(77, 'MKWEDU', 32),
(78, 'MKWEDU', 26),
(79, 'MKWITI', 32),
(80, 'MLINGULA', 15),
(81, 'MNANJE', 25),
(82, 'MNAVIRA', 15),
(83, 'MNDUMBWE', 32),
(84, 'MNYAMBE', 26),
(85, 'MNYAWA', 32),
(86, 'MNYEU', 26),
(87, 'MOMA', 19),
(88, 'MPANYANI', 15),
(89, 'MPAPURA', 19),
(90, 'MPETA', 15),
(91, 'MPINDIMBI', 14),
(92, 'MPWAPWA', 26),
(93, 'MSANGAMKUU', 19),
(94, 'MSIKISI', 15),
(95, 'MSIMBATI', 19),
(96, 'MTOPWA', 26),
(97, 'MTUNGURU', 26),
(98, 'MUUNGANO', 19),
(99, 'MWENA', 15),
(100, 'NAKAHAKO', 26),
(101, 'NALINGU', 19),
(102, 'NAMAJANI', 15),
(103, 'NAMALENGA', 15),
(104, 'NAMATUTWE', 15),
(105, 'NAMBAHU', 32),
(106, 'NAMBALI', 26),
(107, 'NAMIKUPA', 32),
(108, 'NAMWANGA', 15),
(109, 'NANDETE', 25),
(110, 'NANDWAHI', 26),
(112, 'NANGOMBA', 25),
(113, 'NANGOO', 15),
(114, 'NANGURUWE', 19),
(115, 'NANHYANGA', 32),
(116, 'NANJOTA', 15),
(117, 'NANYUMBU', 25),
(118, 'NAPACHO', 25),
(119, 'NAPUTA', 32),
(120, 'NAUMBU', 19),
(121, 'NDANDA', 15),
(122, 'NDUMBWE', 19),
(123, 'NGUNJA', 32),
(124, 'SENGENYA', 25),
(125, 'SINDANO', 15),
(126, 'TANGAZO', 19),
(127, 'ZIWANI', 19),
(128, 'naliendele', 20),
(131, 'Luchelegwa', 15),
(132, 'Mjelejele', 14),
(133, '', 14),
(134, 'Matawale', 14),
(136, 'Mumbaka', 14),
(137, 'KITAYA', 19),
(138, 'MTAWANYA', 19),
(139, 'NYASA', 14),
(140, 'MASASI', 14),
(141, 'Chienjere', 29),
(158, 'MBWEMKULU', 29),
(162, 'MTANDI', 14),
(163, 'MARIKA', 15),
(164, 'TEMEKE', 15),
(165, 'MKARANGO', 15),
(166, 'MWENGE - MTAPIKA', 15),
(167, 'SULULU', 15),
(168, 'MWENGE -MTAPIKA', 14),
(169, 'MNERO NGONGO', 14),
(170, 'NGONGO', 14),
(171, 'MWENGE MTAPIKA', 14),
(172, 'CHANIKANGUO', 14),
(174, 'Jangwani', 14),
(175, 'Migongo', 14),
(179, 'MGONGO', 14),
(182, 'MTAWALE', 14),
(185, 'CHANIKANGOO', 14),
(186, 'MATAWALE', 20),
(187, 'JANGWANI', 20),
(189, 'MKOMAINDO', 14),
(191, 'MTUA', 10),
(193, 'NYANGAO', 10),
(194, 'NYENGEDI', 10),
(195, 'MANDWANGA', 10),
(197, 'NAMUBA', 10),
(198, 'PANGA TENA', 10),
(199, 'NAMANGALE', 10),
(200, 'PANGATENA', 10),
(201, 'NANGARU', 10),
(202, 'SUDI', 10),
(203, 'MTUMBYA', 10),
(204, 'RONGA', 10),
(205, 'NAUPA', 10),
(206, 'LUTAMBA', 10),
(207, 'NYANGAMARA', 10),
(208, 'MTAMA', 10),
(209, 'LONGA', 10),
(210, 'NYEGEDI', 10),
(211, 'MAJENGO', 10),
(212, 'NYANGAMALA', 10),
(213, 'MNARA', 10),
(214, 'CHIPONDA', 10),
(215, 'MNOLELA', 10),
(216, 'MAKONDE', 10),
(217, 'KITOMANGA', 10),
(218, 'UFUKONI', 10),
(219, 'JAGWANI', 10),
(220, 'CHIDYA', 10),
(221, 'CHIODYA', 10),
(222, 'RUTAMBA', 10),
(223, 'NACHUNYU', 10),
(224, 'MANDANGWA', 10),
(225, 'MCHINGA', 10),
(226, 'RUO', 10),
(227, 'NANUPA', 10),
(228, 'RUTAMBA.', 10),
(231, 'Jidah', 15),
(232, 'Jida', 15),
(233, 'MKOKA', 22),
(234, 'MATIMBA', 10),
(235, 'LIKOMBE', 20),
(236, 'MTONYA', 20),
(237, 'TANDIKA', 20),
(238, 'UFUKONI-MITENGO', 20),
(239, 'NAHUKAHUKA', 10),
(240, 'Kiwalala', 14),
(241, 'KILOLAMBWANI', 10),
(243, 'NANGANDO', 12),
(244, 'NGONGOWELE', 12),
(245, 'MIHUMO', 12),
(248, 'MAKATA', 12),
(249, 'MANGIRIKITI', 12),
(250, 'MLEMBWE', 12),
(251, 'KICHONDA', 12),
(252, 'NANGANO', 10),
(254, 'KIWLALA', 10),
(255, 'KIWALALA', 10),
(256, 'BARIKIWA', 12),
(257, 'KIANGARA', 12),
(258, 'LIKONGOWESI', 12),
(259, 'LIKONGOWELE', 12),
(260, 'MLOLA', 10),
(261, 'MIRUI', 12),
(262, 'KIWAWA', 10),
(263, 'MBAYA', 12),
(264, 'NYANGAO', 10),
(265, 'LIWALE \"B\"', 12),
(266, 'STESHENI', 22),
(267, '#NAME?', 12),
(269, 'MIHINGA', 10),
(270, 'NYAMAMARA', 10),
(271, 'LILOMBE', 12),
(272, 'MILOLA', 10),
(273, 'KITELE', 10),
(274, 'MKUTANO', 12),
(275, 'KIBUTUKA', 12),
(276, 'KIMAMBI', 12),
(277, 'Naipingo', 22),
(280, 'Matekwe', 22),
(281, 'Ruponda', 22),
(286, 'NANGANO', 12),
(288, 'NGUNICHILE', 22),
(291, 'NANG\'ONDO', 22),
(293, 'NAIPANGA', 22),
(297, 'MARAMBO', 22),
(300, 'KILIMARONDO', 22),
(302, 'LIONJA', 22),
(303, 'NAMAPWIA', 22),
(306, 'MKOTOKUYANA', 22),
(308, 'KIEGEI', 22),
(310, 'NDOMONDO', 22),
(315, 'NAMIKANGO', 22),
(316, 'NANGWALA', 35),
(317, 'JULIA', 35),
(319, 'NAMBAMBO', 22),
(322, 'MBONDO', 22),
(324, '#NAME?', 12),
(326, 'Nditi', 22),
(328, 'MCHONDA', 22),
(331, 'NANGOWE', 22),
(339, 'CHIUMBATI SHULENI', 22),
(340, 'SOMANGA', 6),
(341, 'LIHIMALYAO', 6),
(342, 'PANDE-MIKOMA', 6),
(343, 'TINGI', 6),
(344, 'MASOKO', 6),
(348, 'KINJUMBI', 6),
(349, 'KIVINJE -SINGINO', 6),
(350, 'KANDAWALE', 6),
(351, 'MITEJA', 6),
(354, 'MINGUMBI', 6),
(356, 'NANYAMBA', 24),
(357, 'MTIMBWILIMBI', 24),
(358, 'NAMTUBUKA', 24),
(360, 'KIROMBA', 24),
(361, 'NITEKELA', 24),
(362, 'NYUNDO', 24),
(363, 'MBEMBALEO', 24),
(364, 'MNIMA', 24),
(365, 'NJENGWA', 24),
(366, 'MNONGODI', 24),
(367, 'KIROMBA', 24),
(368, 'KIANGA', 24),
(369, 'MILANGOMINNE', 24),
(370, 'NAMTUMBUKA', 24),
(371, 'DINYECHA', 24),
(373, 'KIKOLE', 6),
(374, 'LIKAWAGE', 6),
(375, 'MILANGO MINNE', 24),
(376, '#NAME?', 24),
(378, 'MILANGO-MINNE', 24),
(379, 'MTIMBWILIMBWI', 24),
(381, 'HINJU', 24),
(382, 'CHAWI', 24),
(383, 'MTINIKO', 24),
(385, 'kiyanga', 24),
(386, 'DINYENCHA', 24),
(389, 'MINGOYO', 11),
(390, 'CHIKONJI', 11),
(391, 'KIKWELA', 11),
(392, 'TANDANGONGORO', 11),
(393, 'KITUMBIKWELA', 11),
(394, 'MBANJA', 11),
(395, 'RASBURA', 11),
(396, 'NG\'APA', 11),
(397, 'JAMUHURI', 11),
(398, 'RASBULA', 11),
(399, 'MITOLE', 6),
(400, 'MILANGO MNNE', 24),
(401, 'TANDAHIMBA', 32),
(402, 'MALOPOKELO', 32),
(403, 'CHIKONGOLA', 32),
(404, 'NAVANGA', 10),
(405, 'MITEKERA', 24),
(406, 'Mandawa', 6),
(408, 'Ngapa', 11),
(409, 'Ngai', 11),
(410, 'Ng\'apa', 11),
(424, 'ng\'apa', 10),
(434, 'Mnazi Mmoja', 11),
(435, 'MIGOYO', 11),
(436, 'mtanda', 11),
(438, 'mahuta', 32),
(439, 'Nanyanga', 32),
(440, 'Mipingo', 10),
(442, 'ligoma', 34),
(444, 'Ligunga', 34),
(448, 'Mbesa', 34),
(457, 'Nakapanya', 34),
(461, 'Namwinyi', 34),
(463, 'Nandembo', 34),
(467, 'Nalasi', 34),
(470, 'RASIBURA', 11),
(485, 'Musechela', 34),
(487, 'KIVA', 36),
(488, 'KOMKONGA', 36),
(489, 'KWASUNGA', 36),
(490, 'MABANDA', 36),
(491, 'KIDELEKO', 36),
(492, 'KWAMAGOME', 36),
(493, 'KWEDIYAMBA', 36),
(494, 'KONJE', 36),
(496, 'KWEINJUGO', 36),
(497, 'OLDKOROGWE', 36),
(499, 'KWAMNDOLWA', 36),
(500, 'MGOMBEZI', 9),
(501, 'BAGAMOYO', 9),
(510, 'MNYENZANI', 17),
(512, 'MKINGA', 17),
(513, 'MHINDURO', 17),
(514, 'Mswaha', 8),
(516, 'NAMIUNGO', 34),
(517, 'Mashewa', 8),
(518, 'JAKIKA', 34),
(519, 'Magoma', 8),
(520, 'LIKUMBULE', 34),
(521, 'Mikinguni', 28),
(522, 'Mkwaja', 28),
(524, 'Bushiri', 28),
(525, 'Madanga', 28),
(526, 'Ubangaa', 28),
(527, 'Masaika', 28),
(528, 'Kipumbwi', 28),
(529, 'Kimang\'a', 28),
(530, 'CHIWANA', 34),
(531, 'Pangani Mashariki', 28),
(532, 'NAMPUNGU', 34),
(535, 'Sigaya', 17),
(536, 'Gombero', 17),
(537, 'Mayomboni', 17),
(538, 'Bwiti', 17),
(541, 'Manza', 17),
(542, 'Duga', 17),
(543, 'Daluni', 17),
(544, 'Mapatano', 17),
(545, 'Mwakijembe', 17),
(546, 'Doda', 17),
(547, 'Moa', 17),
(548, 'Kigongoi Magharibi', 17),
(549, 'Mtimbwani', 17),
(550, 'Mlingano', 21),
(551, 'Kigombe', 21),
(552, 'pande darajani', 21),
(554, 'Kwale', 17),
(555, 'Maramba', 17),
(556, 'MAJIMAJI', 34),
(557, 'MCHESI', 34),
(558, 'MASONYA', 34),
(560, 'parungu-Kasera', 17),
(561, 'Kigongoi Mashariki', 17),
(562, 'Kerenge', 8),
(563, 'Mnyuzi', 8),
(568, 'kongowe', 3),
(569, 'MBWAWA', 3),
(570, 'MSANGANI', 4),
(571, 'KITOMONDO', 18),
(575, 'VIZIWAZIWA', 3),
(577, 'VISIGA', 4),
(578, 'SOGA', 3),
(579, 'MISUGUSUGU', 4),
(580, 'MAGINDU', 3),
(581, 'TUMBI', 4),
(582, 'SOFU', 4),
(583, 'KIBAHA', 4),
(584, 'KIKONGO', 4),
(585, 'MTONGANI', 3),
(586, 'MLANDIZI', 3),
(587, 'JANGA', 3),
(588, 'GWATA', 3),
(589, 'KAWAWA', 3),
(590, 'MBWAWA', 441),
(591, 'NGOMENI', 21),
(593, 'mtambani', 3),
(594, 'DONDO', 18),
(595, 'PANZUO', 18),
(596, 'MAGAWA', 18),
(597, 'MKAMBA', 18),
(601, 'MWARUSEMBE', 18),
(603, 'SHUNGUBWENI', 18),
(604, 'MNAZIMMOJA', 11),
(605, 'LUKANGA', 18),
(606, 'BETA', 18),
(607, 'MSONGA', 18),
(608, 'MBEZI', 18),
(609, 'NYAMATO', 18),
(610, 'KIPARANG\'ANDA', 18),
(612, 'KISIJU', 18),
(613, 'KIMANZICHANA', 18),
(614, 'MKURANGA', 18),
(615, 'TENGELEA', 18),
(616, 'MWANDEGE', 18),
(617, 'MLANZI', 5),
(618, 'MCHUKWI', 5),
(619, 'BUNGU', 5),
(620, 'MAHEGE', 5),
(621, 'DIMANI', 5),
(622, 'MJAWA', 5),
(624, 'NJIA NNE', 18),
(625, 'VIANZI', 18),
(626, 'BUPU', 18),
(627, 'MIPEKO', 18),
(628, 'VIKINDU', 18),
(629, 'KIBITI', 5),
(630, 'MAHENGE', 5),
(631, 'RUARUKE', 5),
(632, 'RUARUKE \"A\"\"\"', 5),
(634, 'MTUNDA', 5),
(635, 'KITOMOND0', 5),
(636, 'KOTOMONDO', 5),
(637, 'FUKAYOSI', 1),
(638, 'FUKAYSI', 1),
(639, 'YOMBO', 1),
(640, 'KIROMO', 1),
(641, 'MSOGADIOZILE', 1),
(642, 'VIGWAZA', 1),
(643, 'MSOGA', 1),
(644, 'KIWANGWA', 1),
(645, 'MKANGE', 1),
(646, 'BWALINGU', 1),
(647, 'BWILINGU', 1),
(648, 'SALALE', 1),
(649, 'KIONGORONI', 1),
(650, 'ZINGA', 1),
(651, 'KISUTU', 1),
(652, 'MAKURUNGE', 1),
(653, 'TALAWANDA', 1),
(654, 'MARUMBO', 7),
(655, 'KIBUTA', 7),
(656, 'VIHINGO', 7),
(657, 'MZENGA', 7),
(658, 'KIRUI', 7),
(659, 'KISARAWE', 7),
(660, 'MITENGWE', 7),
(661, 'MASAKI', 7),
(662, 'MSANGA', 7),
(663, 'SUNGUBWENI', 7),
(664, 'KWALA', 4),
(665, 'MIBURANI', 37),
(666, 'VIKUMBURU', 7),
(667, 'KURU', 7),
(668, 'KAZIMZUMBWI', 7),
(669, 'MARUI', 7),
(670, 'MSATA', 2),
(671, 'KIBINDU', 2),
(672, 'PERA', 2),
(673, 'KIMANGE', 2),
(674, 'MANEROMANGO', 7),
(675, 'MAFIZI', 7),
(676, 'BOGA', 7),
(678, 'DUTUMI', 3),
(679, 'LUGOBA', 2),
(680, 'MBWEWE', 2),
(681, 'MIONO', 2),
(682, 'CHOLE', 7),
(683, 'MANDELA', 2),
(684, 'MANDERA', 2),
(685, 'UBENA ZOMOZI', 2),
(686, 'UBENA', 2),
(687, 'NDAGONI', 37),
(690, 'KURUI', 7),
(691, 'MSIMBU', 7),
(692, 'MAGENGENI', 20),
(693, 'MITENGO', 20),
(695, 'Iponjola', 91),
(696, 'Kawetele', 91),
(697, 'Lufingo', 91),
(698, 'Malindo', 91),
(699, 'Ikuti', 91),
(701, 'Msasani', 91),
(702, 'Nkunga', 91),
(703, 'Masebe', 91),
(704, 'Kiwira', 91),
(705, 'Lupepo', 91),
(706, 'Itagata', 91),
(707, 'KAGU', 92),
(708, 'IHANAMILO', 92),
(709, 'KATOMA', 93),
(710, 'NYAKASASA', 92),
(711, 'NYAKAMWAGA', 92),
(712, 'NYAMIGOTA', 92),
(713, 'MBEYA', 94),
(714, 'SANTILYA', 95),
(715, 'ILEMBO', 95),
(716, 'IYUNGA MAPINDUZI', 95),
(717, 'MPANDE', 95),
(718, 'ILUNGU', 95),
(719, 'IJOMBE A', 95),
(720, 'MAENDELEO', 95),
(721, 'TEMBELA', 95),
(722, 'IWIJI', 95),
(723, 'IGALE', 95),
(724, 'MASOKO', 95),
(725, 'ITAWA', 95),
(726, 'IJOMBE B', 95),
(727, 'ISONGOLE', 91),
(728, 'SHIZUVI WARD', 95),
(729, 'KALIUA', 70),
(730, 'KAZAROHO', 70),
(731, 'MWONGOZO', 70),
(732, 'KANOGE', 70),
(734, 'U/SIGANGA', 70),
(735, 'UFUKUTWA', 70),
(736, 'UGUNGA', 70),
(737, 'MILAMBO', 70),
(738, 'KANINDO', 70),
(739, 'UYOWA', 70),
(740, 'USHOKOLA', 70),
(742, 'USSINGE', 70),
(744, 'USIMBA', 70),
(745, 'SILAMBO', 70),
(749, 'USINGE', 70),
(750, 'KASHISHI', 70),
(751, 'MAKINGI', 70),
(753, 'U/KUTWA', 70),
(754, 'MFUKUTWA', 70),
(755, 'IFUKUTWA', 70),
(756, 'UKUMBISIGANGA', 70),
(758, 'KONANNE', 70),
(760, 'USENYI', 70),
(762, 'KAGALA', 70),
(763, 'NH\'WANDE', 70),
(765, 'UYUMBU', 70),
(767, 'ZUGIMLOLE', 75),
(768, 'NHANDE', 70),
(769, 'FARMERS WARD', 70),
(770, 'KATA', 70),
(771, 'KALIUA MJINI', 70),
(772, 'SASU', 70),
(773, 'KAZAROHO', 96),
(774, 'KAFUKUTWA', 70),
(775, 'MKINDO', 70),
(776, 'CHEMKEN', 70),
(780, 'KALIUA MASH', 70),
(787, 'MNAZI', 100),
(788, 'BOMA', 17),
(789, 'LUNGUZA', 100),
(792, 'KWEDIZINGA', 36),
(795, 'HALE', 8),
(797, 'MKUMBARA', 8),
(800, 'BARIADI', 101),
(801, 'MPAPAYU', 21),
(813, 'SAME', 102),
(816, 'TANGA MJINI', 103),
(818, 'MUHEZA', 21),
(819, 'KILOSA', 104),
(820, 'LUSHOTO', 100),
(821, 'HANDENI', 36),
(822, 'ARUSHA', 105),
(828, 'MARUVANGO', 106),
(829, 'IMBASENI', 106),
(830, 'POLI', 106),
(831, 'NKOARANGA', 106),
(832, 'LEGURUKI', 106),
(833, 'NKOARISAMBU', 106),
(834, 'NKOANRUA', 106),
(835, 'AYALAGAYA', 307),
(836, 'MAGUGU', 307),
(837, 'DABIL', 307),
(838, 'QAMEYU', 307),
(839, 'GALLAPO', 307),
(840, 'MWADA', 307),
(841, 'KIRU', 307),
(842, 'DURU', 307),
(843, 'MADUNGA', 307),
(844, 'NKAITI', 307),
(846, 'KISANGAJI', 307),
(850, 'MUTUKA', 308),
(852, 'MOGITU', 309),
(853, 'ENDAGAW', 309),
(854, 'KATESH', 309),
(855, 'MASAKTA', 309),
(856, 'DAWAR', 309),
(857, 'LALAJI', 309),
(858, 'GETANUWAS', 309),
(859, 'MULBADAW', 309),
(860, 'ENDASAK', 309),
(861, 'NANGWA', 309),
(862, 'DUMBETA', 309),
(863, 'HIRBADAW', 309),
(864, 'SIMBAYI', 309),
(865, 'SIROP', 309),
(866, 'HIDET', 309),
(867, 'JORODOM', 309),
(868, 'GANANA', 309),
(869, 'DIRMA', 309),
(871, 'ENGUSERO', 277),
(872, 'KIJUNGU', 277),
(873, 'LENGATEI', 277),
(875, 'MAGUNGU', 277),
(876, 'MAKAME', 277),
(878, 'NDEDO', 277),
(879, 'OLBOLOTI', 277),
(880, 'PARTIMBO', 277),
(882, 'DOSIDOSI', 277),
(884, 'KALOLENI', 277),
(885, 'KIBAYA', 277),
(886, 'SONGAMBELE', 277),
(887, 'SUNYA', 277),
(888, 'LAISERI', 277),
(889, 'MATUI', 277),
(890, 'NJORO', 277),
(892, 'BASHAY', 310),
(893, 'DONGOBESH', 310),
(894, 'HAYDOM', 310),
(896, 'MASIEDA', 310),
(897, 'MARETADU', 310),
(898, 'TUMATI', 310),
(899, 'DINAMU', 310),
(900, 'HAYDERER', 310),
(901, 'GETERER', 310),
(902, 'YAEDA AMPA', 310),
(903, 'GIDHIM', 310),
(904, 'MASQARODA', 310),
(905, 'YAEDA CHINI', 310),
(906, 'ESHKESH', 310),
(907, 'AYAMAAMI', 311),
(908, 'NAHASEY', 311),
(909, 'KAINAM', 311),
(910, 'DAUDI', 311),
(911, 'MURRAY', 311),
(912, 'TLAWI', 311),
(913, 'NAMBIS', 311),
(915, 'ENDIAMTU', 278),
(916, 'MIRERANI', 278),
(917, 'TERRAT', 278),
(918, 'NAISINYAI', 278),
(919, 'KOMOLO', 278),
(923, 'SONGAMBELE', 53),
(934, 'PANDAMBILI', 53),
(935, 'NG\'UMBI', 53),
(936, 'KIBAIGWA', 0),
(947, 'CHIKOLA', 0),
(973, 'HANETI', 0),
(975, 'SEGALA', 57),
(980, 'NGHAHELEZI', 57),
(989, 'MAKANG\'WA', 0),
(1001, 'NGOMAI', 53),
(1003, 'MTANANA', 53),
(1004, 'SAGARA', 53),
(1005, 'SEJELI', 53),
(1006, 'Luguru', 288),
(1007, 'Kinangweli', 288),
(1008, 'Nhobora', 288),
(1009, 'Mbita', 288),
(1010, 'Sawida', 288),
(1011, 'Zagayu', 288),
(1012, 'Nyamalapa', 288),
(1013, 'Mwamapalala', 288),
(1014, 'Mwalushu', 288),
(1015, 'Nkoma', 288),
(1016, 'Budalabujiga', 288),
(1017, 'Lagangabilili', 288),
(1018, 'Mhunze', 288),
(1019, 'Migato', 288),
(1020, 'Ndolelezi', 288),
(1021, 'Chinamili', 288),
(1022, 'Bumera', 288),
(1023, 'Ikindilo', 288),
(1024, 'Sagata', 288),
(1025, 'Mwamtani', 288),
(1026, 'Mwaswale', 288),
(1027, 'Nkuyu', 288),
(1028, 'IkungulyaBashashi', 286),
(1029, 'Sapiwi', 286),
(1030, 'Matongo', 286),
(1031, 'Masewa', 286),
(1032, 'Ngulyati', 286),
(1033, 'Kasoli', 286),
(1034, 'Nkololo', 286),
(1035, 'Itubukilo', 286),
(1036, 'Sakwe', 286),
(1037, 'Mwasubuya', 286),
(1038, 'Kilalo', 286),
(1039, 'Dutwa', 286),
(1040, 'Gilya', 286),
(1041, 'Gibishi', 286),
(1042, 'Nkindwabiye', 286),
(1043, 'Gambosi', 286),
(1044, 'Banemhi', 286),
(1045, 'Mwandobana', 286),
(1046, 'Mwaubingi', 286),
(1047, 'Ihusi', 286),
(1048, 'Mwaumatondo', 286),
(1049, 'RUSOLI', 272),
(1051, 'MURANGI', 272),
(1052, 'MUSANJA', 272),
(1053, 'NYAMBONO', 272),
(1060, 'MUGANGO', 272),
(1062, 'NYAKATENDE', 272),
(1066, 'ETARO', 272),
(1067, 'NYEGINA', 272),
(1071, '', 0),
(1073, 'SUGUTI', 272),
(1088, 'Nyanungu', 234),
(1092, 'Kemambo', 234),
(1093, 'Nyansincha', 234),
(1094, 'Itiryo', 234),
(1100, 'Forest', 249),
(1101, 'Iduda', 249),
(1102, 'Iganjo', 249),
(1103, 'Igawilo', 249),
(1104, 'Ilomba', 249),
(1105, 'Itezi', 249),
(1106, 'Iwambi', 249),
(1107, 'Iyela', 249),
(1108, 'Iyunga', 249),
(1109, 'Kalobe', 249),
(1110, 'Maanga', 249),
(1111, 'Mabatini', 249),
(1112, 'Mbalizi Road', 249),
(1113, 'Mwakibete', 249),
(1114, 'Mwasanga', 249),
(1115, 'Nsalaga', 249),
(1116, 'Nzovwe', 249),
(1117, 'Ruanda', 249),
(1118, 'Sinde', 249),
(1119, 'Tembela', 249),
(1120, 'Uyole', 249),
(1121, 'Ghana', 249),
(1122, 'Ghana', 249),
(1123, 'Iganzo', 249),
(1124, 'Ilemi', 249),
(1125, 'Isanga', 249),
(1126, 'Isyesye', 249),
(1127, 'Itagano', 249),
(1128, 'Itende', 249),
(1129, 'Itiji', 249),
(1130, 'Iziwa', 249),
(1131, 'Majengo', 249),
(1132, 'Maendeleo', 249),
(1133, 'Mwasenkwa', 249),
(1134, 'Nonde', 249),
(1135, 'Nsoho', 249),
(1136, 'Sisimba', 249),
(1137, 'Lufilyo', 265),
(1138, 'Luteba', 265),
(1139, 'Kambasegela', 265),
(1140, 'Ntaba', 265),
(1141, 'Lwangwa', 265),
(1142, 'Isange', 265),
(1143, 'Itete', 265),
(1144, 'Kisegese', 265),
(1145, 'Kabula', 265),
(1146, 'Mpata', 265),
(1147, 'Lupata', 265),
(1148, 'Kandete', 265),
(1149, 'Mpombo', 265),
(1150, 'Mamba', 224),
(1153, 'Lupa', 224),
(1154, 'Nkungungu', 224),
(1155, 'Lualaje', 224),
(1156, 'Mtanila', 224),
(1157, 'Matwiga', 224),
(1158, 'Mafyeko', 224),
(1159, 'Kambikatoto', 224),
(1160, 'Chalangwa', 224),
(1161, 'Sangambi', 224),
(1162, 'Ifumbo', 224),
(1163, 'Mbugani', 224),
(1164, 'Itewe', 224),
(1165, 'Kasanga', 224),
(1166, 'Chokaa', 224),
(1167, 'Makongolosi', 224),
(1169, 'Bwawani', 224),
(1170, 'Matundasi', 224),
(1171, 'Mkola', 224),
(1172, 'Ikama', 305),
(1173, 'Talatala', 305),
(1174, 'Ipande', 305),
(1175, 'Muungano', 305),
(1176, 'Ipinda', 305),
(1177, 'Lusungo', 305),
(1178, 'Makwale', 305),
(1179, 'Ndobo', 305),
(1180, 'Matema', 305),
(1181, 'Mababu', 305),
(1182, 'Nkokwa', 305),
(1183, 'Mwaya', 305),
(1184, 'Bujonde', 305),
(1185, 'Busale', 305),
(1186, 'Ikolo', 305),
(1187, 'Kajunjumele', 305),
(1188, 'Katumbasongwe', 305),
(1189, 'Ngana', 305),
(1190, 'Ngonga', 305),
(1191, 'Kyela', 305),
(1192, 'Mikoroshoni', 305),
(1193, 'Mbugani', 305),
(1194, 'Mwanganyanga', 305),
(1195, 'Serengeti', 305),
(1196, 'Itunge', 305),
(1197, 'Nkuyu', 305),
(1198, 'Ndandalo', 305),
(1199, 'Ipyana', 305),
(1200, 'Bondeni', 305),
(1201, 'Ikimba', 305),
(1202, 'Itope', 305),
(1203, 'Njisi', 305),
(1204, 'Chimala', 266),
(1205, 'Ihahi', 266),
(1206, 'Igurusi', 266),
(1207, 'Itamboleo', 266),
(1208, 'Kongolo', 266),
(1209, 'Kongolo', 266),
(1210, 'Luhanga', 266),
(1211, 'Mahongole', 266),
(1212, 'Ruiwa', 266),
(1213, 'Utengule Usangu', 266),
(1214, 'Mwatenga', 266),
(1215, 'Igava', 266),
(1216, 'Imalilo Songwe', 266),
(1217, 'Ipwani', 266),
(1218, 'Mawindi', 266),
(1219, 'Madibira', 266),
(1220, 'Mapogoro', 266),
(1221, 'Miyombweni', 266),
(1222, 'Ubaruku', 266),
(1223, 'Rujewa', 266),
(1224, 'Lugelele', 266),
(1225, 'Tembela', 225),
(1226, 'Maendeleo', 225),
(1227, 'Ulenje', 225),
(1228, 'Igoma', 225),
(1229, 'Inyala', 225),
(1230, 'Itewe', 225),
(1231, 'Ilungu', 225),
(1232, 'Ihango', 225),
(1233, 'Lwanjilo', 225),
(1234, 'Ijombe', 225),
(1235, 'Ilembo', 225),
(1236, 'Shizuvi', 225),
(1237, 'Masoko', 225),
(1238, 'Iwiji', 225),
(1239, 'Izyra', 225),
(1240, 'Isuto', 225),
(1241, 'Itawa', 225),
(1242, 'Iyunga Mapinduzi', 225),
(1243, 'Santilya', 225),
(1244, 'Bonde la Songwe', 225),
(1245, 'Mshewe', 225),
(1246, 'Mjele', 225),
(1247, 'Ikukwa', 225),
(1248, 'Igale', 225),
(1249, 'Swaya', 225),
(1250, 'Iwindi', 225),
(1251, 'Utengule/Usongwe', 225),
(1252, 'Nsalala', 225),
(1253, 'Kisondela', 91),
(1254, 'Mpuguso', 91),
(1291, 'Lugalo', 51),
(1303, 'Ilula', 51),
(1388, 'Nkoaranga', 187),
(1417, 'Olbalbal', 204),
(1418, 'Ngorongoro', 204),
(1419, 'Ngoile', 204),
(1420, 'Misigiyo', 204),
(1421, 'Naiyobi', 204),
(1422, 'Alailelai', 204),
(1423, 'Enduleni', 204),
(1424, 'Eyasi', 204),
(1425, 'Kakesio', 204),
(1426, 'Alaitolei', 204),
(1427, 'Samunge', 204),
(1428, 'Kirangi', 204),
(1429, 'Oldonyosambu', 204),
(1430, 'Sale', 204),
(1431, 'Digodigo', 204),
(1432, 'Pinyinyi', 204),
(1433, 'Malambo', 204),
(1434, 'Engaresero', 204),
(1435, 'Piyaya', 204),
(1437, 'Arash', 204),
(1438, 'Olorien/Magaiduru', 204),
(1439, 'Maalon', 204),
(1440, 'Soitsambu', 204),
(1441, 'Oloipiri', 204),
(1442, 'Orgosorok', 204),
(1443, 'Upanga Mashariki', 281),
(1444, 'Upanga magharibi', 281),
(1445, 'Kivukoni', 281),
(1446, 'Jangwani', 281),
(1447, 'Kariakoo', 281),
(1448, 'Kisutu', 281),
(1449, 'Mchafukoge', 281),
(1450, 'Ilala', 281),
(1451, 'Gerezani', 281),
(1452, 'Mchikichini', 281),
(1453, 'Buguruni', 281),
(1454, 'Mnyamani', 281),
(1455, 'Vingunguti', 281),
(1456, 'Kipawa', 281),
(1457, 'Kiwalani', 281),
(1458, 'Tabata', 281),
(1459, 'Minanzi mirefu', 281),
(1460, 'Liwiti', 281),
(1461, 'Segerea', 281),
(1462, 'Kisukuru', 281),
(1463, 'Bonyokwa', 281),
(1464, 'Kinyerezi', 281),
(1465, 'Kisukuru', 281),
(1466, 'Chanika', 281),
(1467, 'Zingiziwa', 281),
(1468, 'Majohe', 281),
(1469, 'Kimanga', 281),
(1470, 'Gongolamboto', 281),
(1471, 'Pugu', 281),
(1472, 'Ukonga', 281),
(1473, 'Pugu station', 281),
(1474, 'Mzinga', 281),
(1475, 'Msongola', 281),
(1476, 'Kitunda', 281),
(1477, 'Kivule', 281),
(1478, 'Kipunguni', 281),
(1479, 'Kigamboni', 285),
(1480, 'Mjimwema', 285),
(1481, 'Kimbiji', 285),
(1482, 'Tungi', 285),
(1483, 'Kibada', 285),
(1484, 'Kisarawe II', 285),
(1485, 'Pembamnazi', 285),
(1486, 'Somangila', 285),
(1487, 'Kinondoni', 282),
(1488, 'Kijitonyama', 282),
(1489, 'Makumbusho', 282),
(1490, 'Hananasif', 282),
(1491, 'Magomeni', 282),
(1492, 'Tandale', 282),
(1493, 'Mwananyamala', 282),
(1494, 'Mzimuni', 282),
(1495, 'Kigogo', 282),
(1496, 'Msasani', 282),
(1497, 'Mikocheni', 282),
(1498, 'Ndugumbi', 282),
(1499, 'Kawe', 282),
(1500, 'Makongo', 282),
(1501, 'Mbezi juu', 282),
(1503, 'Bunju', 282),
(1504, 'Mabwepande', 282),
(1505, 'Kunduchi', 282),
(1506, 'Mbweni', 282),
(1507, 'Wazo', 282),
(1508, 'Temeke', 283),
(1509, 'Chang\'ombe', 283),
(1510, 'Keko', 283),
(1511, 'Azimio', 283),
(1512, 'Kurasini', 283),
(1513, 'Tandika', 283),
(1514, 'Sandali', 283),
(1515, 'Miburani', 283),
(1516, 'Yombo vituka', 283),
(1517, 'Mtoni', 283),
(1518, 'Kilakala', 283),
(1519, 'Makangarawe', 283),
(1520, 'Chamazi', 283),
(1521, 'Buza', 283),
(1522, 'Kibondemaji', 283),
(1523, 'Charambe', 283),
(1524, 'Kiburugwa', 283),
(1525, 'Mbagala', 283),
(1526, 'Kilungule', 283),
(1527, 'Kilungule', 283),
(1528, 'Toangoma', 283),
(1529, 'Mianzini', 283),
(1530, 'Mbagala kuu', 283),
(1531, 'Kijichi 2', 283),
(1532, 'Ubungo', 284),
(1533, 'Sinza', 284),
(1534, 'Kimara', 284),
(1535, 'Kibamba', 284),
(1536, 'Mbezi', 284),
(1537, 'Mburahati', 284),
(1538, 'Goba', 284),
(1539, 'Msigani', 284),
(1541, 'Mabibo', 284),
(1542, 'Manzese', 284),
(1543, 'Makurumla', 284),
(1544, 'Saranga', 284),
(1545, 'Makuburi', 284),
(1546, 'Kwembe', 284),
(1547, 'Bahi', 54),
(1548, 'Ibihwa', 54),
(1550, 'kigwe', 54),
(1551, 'Ilindi', 54),
(1552, 'mpinga', 54),
(1553, 'Mpamantwa', 54),
(1555, 'Chali', 54),
(1556, 'Chikola', 54),
(1557, 'Chifutuka', 54),
(1558, 'Chipanga', 54),
(1559, 'Mpalanga', 54),
(1560, 'Nondwa', 54),
(1561, 'Babayu', 54),
(1562, 'Lamaiti', 54),
(1563, 'Msisi', 54),
(1564, 'Makanda', 54),
(1565, 'Zanka', 54),
(1566, 'Mundemu', 54),
(1567, 'Ibugule', 54),
(1568, 'Chibelela', 54),
(1569, 'Mwitikira', 54),
(1570, 'Mtitaa', 54),
(1572, 'Chilonwa', 57),
(1574, 'Chamwino', 57),
(1575, 'Buigiri', 57),
(1576, 'Manchali', 57),
(1578, 'Majeleko', 57),
(1579, 'Msanga', 57),
(1580, 'Msamalo', 57),
(1581, 'Ikowa', 57),
(1582, 'Membe', 57),
(1583, 'Dabalo', 57),
(1584, 'Itiso', 57),
(1585, 'Haneti', 57),
(1586, 'Handali', 57),
(1587, 'Zajilwa', 57),
(1588, 'Igandu', 57),
(1589, 'Idifu', 57),
(1590, 'Muungano', 57),
(1591, 'Nghahelezi', 57),
(1592, 'Mvumi Makulu', 57),
(1593, 'Mvumi Misheni', 57),
(1594, 'Chiboli', 57),
(1595, 'Fufu', 57),
(1596, 'Ikombolinga', 57),
(1597, 'Loje', 57),
(1598, 'Makang\'wa', 57),
(1599, 'Mlowa Barabarani', 57),
(1600, 'Manzase', 57),
(1601, 'Mlowa Bwawani', 57),
(1602, 'Nhinhi', 57),
(1603, 'Chinugulu', 57),
(1604, 'Huzi', 57),
(1605, 'Manda', 57),
(1606, 'Mpwayungu', 57),
(1607, 'Nghambaku', 57),
(1608, 'Goima', 59),
(1609, 'Songolo', 59),
(1610, 'Chandama', 59),
(1611, 'Soya', 59),
(1612, 'Kimaha', 59),
(1614, 'Kidoka', 59),
(1615, 'Mrijo', 59),
(1616, 'Msaada', 59),
(1617, 'Farkwa', 59),
(1618, 'Babayu', 59),
(1619, 'Makorongo', 59),
(1621, 'Gwandi', 59),
(1622, 'Kwamtoro', 59),
(1623, 'Sanzawa', 59),
(1624, 'Mpendo', 59),
(1625, 'Ovada', 59),
(1626, 'Lalta', 59),
(1627, 'lKinyamsindo', 59),
(1628, 'Mondo', 59),
(1629, 'Lahoda', 59),
(1630, 'Paranga', 59),
(1631, 'Dalai', 59),
(1632, 'Jangalo', 59),
(1633, 'Churuku', 59),
(1634, 'Chitego', 53),
(1635, 'Hogoro', 53),
(1636, 'Matongoro', 53),
(1637, 'Makawa', 53),
(1638, 'Mkoka', 53),
(1639, 'Songambele', 53),
(1640, 'Zoissa', 53),
(1641, 'Mlali', 53),
(1642, 'Chiwe', 53),
(1643, 'Njoge', 53),
(1644, 'Njoge', 53),
(1645, 'Pandambili', 53),
(1646, 'Ng\'humbi', 53),
(1647, 'Chamkoroma', 53),
(1648, 'Ngomai', 53),
(1649, 'Lenjulu', 53),
(1650, 'Iduo', 53),
(1651, 'Ugogoni', 53),
(1653, 'Mtanana', 53),
(1654, 'Sejeli', 53),
(1655, 'Sagara', 53),
(1656, 'Kongwa', 53),
(1657, 'Kibaigwa', 53),
(1658, 'Changaa', 55),
(1659, 'Thawi', 55),
(1660, 'Kikilo', 55),
(1661, 'Soera', 55),
(1662, 'Hondomairo', 55),
(1663, 'Masange', 55),
(1664, 'Bereko', 55),
(1665, 'Salanka', 55),
(1666, 'Kikore', 55),
(1667, 'Mnenia', 55),
(1668, 'Kisese', 55),
(1669, 'Itololo', 55),
(1670, 'Pahi', 55),
(1671, 'Bumbuta', 55),
(1672, 'Kwadelo', 55),
(1673, 'Kalamba', 55),
(1674, 'Kinyasi', 55),
(1675, 'Itaswi', 55),
(1676, 'Haubi', 55),
(1677, 'Keikei', 55),
(1678, 'Berege', 52),
(1680, 'Chitemo', 52),
(1681, 'Mima', 52),
(1683, 'Iwondo', 52),
(1684, 'Kibakwe', 52),
(1685, 'Kingiti', 52),
(1686, 'Lufu', 52),
(1687, 'Luhundwa', 52),
(1688, 'Wotta', 52),
(1689, 'Wangi', 52),
(1690, 'Mbuga', 52),
(1691, 'Galigali', 52),
(1692, 'Pwaga', 52),
(1694, 'Ipera', 52),
(1696, 'Mangaliza', 52),
(1697, 'Malolo', 52),
(1698, 'Massa', 52),
(1699, 'Rudi', 52),
(1700, 'Mtera', 52),
(1701, 'Chipogoro', 52),
(1702, 'Matomondo', 52),
(1703, 'Mlunduzi', 52),
(1704, 'Kimagai', 52),
(1706, 'Mlembule', 52),
(1707, 'Lupeta', 52),
(1708, 'Godegode', 52),
(1709, 'Ving\'hawe', 52),
(1710, 'Mazae', 52),
(1711, 'Gulwe', 52),
(1712, 'Chunyu', 52),
(1713, 'Ng\'hambi', 52),
(1714, 'Mpwapwa Mjini', 52),
(1715, 'Viwandani', 58),
(1717, 'Uhuru', 58),
(1718, 'Kikuyu Kaskazini', 58),
(1719, 'Chamwino', 58),
(1720, 'Tambukareli', 58),
(1721, 'Makole', 58),
(1722, 'Madukani', 58),
(1723, 'Kiwanja cha Ndege', 58),
(1725, 'Ipagala', 58),
(1726, 'Kizota', 58),
(1728, 'Miyuji', 58),
(1729, 'Kikuyu kusini', 58),
(1730, 'Nkuhungu', 58),
(1731, 'Majengo', 58),
(1732, 'Chang\'ombe', 58),
(1733, 'Mnadani', 58),
(1734, 'Mkonze', 58),
(1735, 'Hazina', 58),
(1736, 'Dodoma Makulu', 58),
(1737, 'Nzuguni', 58),
(1738, 'Iyumbu', 58),
(1739, 'Zuzu', 58),
(1741, 'Ntyuka', 58),
(1742, 'Nala', 58),
(1743, 'Chigongwe', 58),
(1744, 'Mbabala', 58),
(1746, 'mbawala', 58),
(1747, 'Mpunguzi', 58),
(1748, 'Matumbulu', 58),
(1749, 'Ipala', 58),
(1751, 'Chihanga', 58),
(1752, 'Hombolo Bwawani', 58),
(1753, 'Hombolo Makulu', 58),
(1754, 'Kikombo', 58),
(1755, 'Msalato', 58),
(1756, 'Makutupora', 58),
(1757, 'Ihumwa', 58),
(1758, 'Mtumba', 58),
(1759, 'Nghong\'onha', 58),
(1760, 'Kondoa Mjini', 55),
(1761, 'Chemchem', 55),
(1762, 'kilimani', 58),
(1763, 'Serya', 55),
(1764, 'Suruke', 55),
(1765, 'Kolo', 55),
(1766, 'Kingale', 55),
(1767, 'Bolisa', 55),
(1768, 'Iyogelo', 145),
(1769, 'Bukombe', 145),
(1770, 'Bugelenga', 145),
(1771, 'Namonge', 145),
(1772, 'Lyambamgongo', 145),
(1773, 'Busonzo', 145),
(1774, 'Uyovu', 55),
(1775, 'Runzewe Magharibi', 145),
(1776, 'Runzewe Mashariki', 145),
(1777, 'Katome', 145),
(1778, 'Butinzya', 145),
(1779, 'Bulega', 145),
(1780, 'Ng\'anzo', 145),
(1781, 'Igulwa', 145),
(1782, 'Katente', 145),
(1783, 'Bulangwa', 145),
(1784, 'Ushirombo', 145),
(1785, 'Makurugusi', 148),
(1786, 'Buseresere', 148),
(1787, 'Iparamasa', 148),
(1788, 'Butengo rumasa', 148),
(1789, 'Buziku', 148),
(1790, 'Bwera', 148),
(1791, 'Nyarutembo', 148),
(1792, 'Minkoto', 148),
(1793, 'Bwanga', 148),
(1794, 'Kachwamba', 148),
(1795, 'Ichwankima', 148),
(1796, 'Kasenga', 148),
(1797, 'Ilemela', 148),
(1798, 'Nyamirembe', 148),
(1799, 'Kigongo', 148),
(1800, 'Muganza', 148),
(1801, 'Muganza', 148),
(1802, 'Bukome', 148),
(1803, 'Bwongera', 148),
(1804, 'Katende', 148),
(1805, 'Ilyamchele', 148),
(1806, 'Ilyamchele', 148),
(1807, 'Chato', 148),
(1808, 'Bwina', 148),
(1809, 'Muungano', 148),
(1810, 'Muungano', 148),
(1811, 'Bukoli', 144),
(1812, 'Busanda', 144),
(1813, 'Butobela', 144),
(1814, 'Kamena', 144),
(1815, 'Nyalwanzaja', 144),
(1816, 'Rwamgasa', 144),
(1817, 'Nyakamwaga', 144),
(1818, 'Nyamalimbe', 144),
(1819, 'Bujula', 144),
(1820, 'Nyaruyeye', 144),
(1821, 'Nyarugusu', 144),
(1822, 'Bukondo', 144),
(1823, 'Chigunga', 144),
(1824, 'Kaseme', 144),
(1825, 'Nyamwilolelwa', 144),
(1826, 'Nyamwilolelwa', 144),
(1827, 'Kaseme', 144),
(1828, 'Magenge', 144),
(1829, 'Nyachiluluma', 144),
(1830, 'Butundwe', 144),
(1831, 'Nyakagomba', 144),
(1832, 'Kamhanga', 144),
(1833, 'Lupanga', 144),
(1834, 'Bugalama', 144),
(1835, 'Bugalama', 144),
(1836, 'Bugulula', 144),
(1837, 'Isulwabutundwe', 144),
(1838, 'Nyawilimilwa', 144),
(1839, 'Kagu', 144),
(1840, 'Nkome', 144),
(1841, 'Nkome', 144),
(1842, 'Katoma', 144),
(1843, 'Izumacheli', 144),
(1844, 'Nzera', 144),
(1845, 'Nyamboge', 144),
(1846, 'Nyamboge', 144),
(1847, 'Senga', 144),
(1848, 'Lwenzera', 144),
(1849, 'Katoro', 144),
(1850, 'Kakubilo', 144),
(1851, 'Ludete', 144),
(1852, 'Nyamigota', 144),
(1853, 'Mbogwe', 146),
(1854, 'Nanda', 146),
(1855, 'Nyasato', 146),
(1856, 'Ngemo', 146),
(1857, 'Ushirika', 146),
(1858, 'Bunigonzi', 146),
(1859, 'Lulembela', 146),
(1860, 'Ikunguigazi', 146),
(1861, 'Ikobe', 146),
(1862, 'Ilolangulu', 146),
(1863, 'Isebya', 146),
(1864, 'Masumbwe', 146),
(1865, 'Nyakafulu', 146),
(1866, 'Bukandwe', 146),
(1867, 'Nhomolwa', 146),
(1868, 'Bukandwe', 146),
(1869, 'Lugunga', 146),
(1870, 'iponya', 146),
(1871, 'Bukwimba', 149),
(1872, 'Nundu', 149),
(1873, 'Kafita', 149),
(1874, 'Kharumwa', 149),
(1875, 'Nyugwa', 149),
(1876, 'Izunya', 149),
(1877, 'Izunya', 149),
(1878, 'Nyijundu', 149),
(1879, 'Kakora', 149),
(1880, 'Nyamtukuza', 149),
(1881, 'Kaboha', 149),
(1882, 'Busolwa', 149),
(1883, 'shabaka', 149),
(1884, 'Mwingiro', 149),
(1885, 'Nyabulanda', 149),
(1886, 'Kalangalala', 144),
(1887, 'Mtwivila', 50),
(1888, 'Mkimbizi', 50),
(1889, 'Kihesa', 50),
(1890, 'Makorongoni', 50),
(1891, 'Kitwiru', 50),
(1892, 'Ruaha', 50),
(1893, 'Mkwawa', 50),
(1895, 'Isakalilo', 50),
(1896, 'Igumbilo', 50),
(1897, 'Gangilonga', 50),
(1898, 'Ilala', 50),
(1899, 'Mwangata', 50),
(1900, 'Kwakilosa', 50),
(1901, 'Mlandege', 50),
(1902, 'Mivinjeni', 50),
(1903, 'Mshindo', 50),
(1904, 'Nduli', 50),
(1905, 'Kitanzini', 50),
(1907, 'Boma', 37),
(1908, 'Wambi', 37),
(1909, 'Kinyanambo', 37),
(1910, 'Upendo', 279),
(1911, 'Sao Ili', 37),
(1912, 'Changarawe', 37),
(1913, 'Rungemba', 37),
(1915, 'Bumilayinga', 37),
(1916, 'Idete', 51),
(1917, 'Kimala', 51),
(1918, 'Ukwega', 51),
(1919, 'Ukwega', 51),
(1920, 'Kising\'a', 51),
(1921, 'Ukwega', 51),
(1922, 'Ukumbi', 51),
(1923, 'Ng\'uruhe', 51),
(1924, 'Dabaga', 51),
(1925, 'Ng\'ang\'ange', 51),
(1926, 'Mtitu', 51),
(1928, 'Kising\'a', 51),
(1929, 'Bomalang\'ombe', 51),
(1930, 'Masisiwe', 51),
(1931, 'Mahenge', 51),
(1932, 'Ruaha mbuyuni', 51),
(1933, 'Nyanzwa', 51),
(1934, 'Image', 51),
(1935, 'Udekwa', 51),
(1936, 'Ibumu', 51),
(1937, 'Irole', 51),
(1938, 'Lugalo', 51),
(1939, 'Ilula', 51),
(1940, 'Uhambingeto', 51),
(1941, 'Mlafu', 51),
(1942, 'Nyalumbu', 51),
(1943, 'Nyalumbu', 51),
(1944, 'Maboga', 200),
(1945, 'Kihanga', 200),
(1947, 'Ifunda', 200),
(1948, 'Lumuli', 200),
(1949, 'Wasa', 200),
(1950, 'Malengamakali', 200),
(1951, 'Kihorogota', 200),
(1952, 'Nyang\'oro', 200),
(1953, 'Kising\'a', 200),
(1954, 'Izazi', 200),
(1955, 'Migoli', 200),
(1956, 'Mahuninga', 200),
(1957, 'Bumilayinga', 279),
(1958, 'Mlowa', 200),
(1960, 'Kalenga', 200),
(1961, 'Nzihi', 200),
(1962, 'Kiwere', 200),
(1963, 'Itunundu', 200),
(1964, 'Mboliboli', 200),
(1965, 'Ilolompya', 200),
(1966, 'Mlenge', 200),
(1967, 'Magulilwa', 200),
(1968, 'Lyamgungwe', 200),
(1969, 'Mgama', 200),
(1970, 'Luhota', 200),
(1971, 'Masaka', 200),
(1972, 'Mseke', 200),
(1973, 'Ikweha', 199),
(1975, 'Kibengu', 199),
(1977, 'Mapanda', 199),
(1978, 'Ihalimba', 199),
(1979, 'Mninga', 199),
(1983, 'Idete', 199),
(1984, 'Kiyowela', 199),
(1985, 'Itandula', 199),
(1986, 'Mtambula', 199),
(1988, 'Mbalamaziwa', 199),
(1990, 'Malangali', 199),
(1991, 'Idunda', 199),
(1992, 'Ifwagi', 199),
(1993, 'Ihowanza', 199),
(1994, 'Ikongosi', 199),
(1995, 'Ihanu', 199),
(1996, 'Mdabulo', 199),
(1997, 'Mtwango', 199),
(1998, 'Luhunga', 199),
(1999, 'Kashaulili', 84),
(2000, 'Majengo', 84),
(2001, 'Nsemulwa', 84),
(2004, 'Kazima', 84),
(2005, 'Uwanja wa Ndege', 84),
(2006, 'Kawajense', 84),
(2007, 'Shanwe', 84),
(2008, 'Mpanda Hotel', 84),
(2009, 'Makanyagio', 84),
(2010, 'Ilembo', 84),
(2011, 'Kaseke', 84),
(2012, 'Magamba', 84),
(2013, 'Kasokola', 84),
(2014, 'Karema', 84),
(2015, 'Kapalamsenga', 84),
(2016, 'Ikola', 84),
(2017, 'Isengule', 84),
(2018, 'Katuma', 84),
(2019, 'Mwese', 84),
(2020, 'Kasekese', 84),
(2021, 'Sibwesa', 84),
(2022, 'kabungu', 84),
(2023, 'Sibwesa', 84),
(2024, 'Tongwe', 84),
(2026, 'Ilangu', 84),
(2027, 'Mpandandogo', 84),
(2028, 'Bulamata', 84),
(2029, 'Ipwaga', 84),
(2030, 'Nsimbo', 84),
(2034, 'Machimboni', 222),
(2036, 'Itenka', 222),
(2042, 'Ilela', 223),
(2043, 'Ilunde', 223),
(2044, 'Utende', 223),
(2045, 'Inyonga', 223),
(2046, 'Kamsisi', 223),
(2047, 'Nsenkwa', 223),
(2049, 'Matimba', 10),
(2050, 'Mipingo', 10),
(2051, 'Nangaru', 10),
(2052, 'Kitomanga', 10),
(2053, 'Kitomanga', 10),
(2054, 'Rutamba', 10),
(2055, 'Kiwawa', 10),
(2056, 'Kilolambwani', 10),
(2057, 'Mvuleni', 10),
(2058, 'Kilangala', 10),
(2059, 'Mchinga', 10),
(2060, 'Pangatena', 10),
(2061, 'Sudi', 10),
(2062, 'Navanga', 10),
(2063, 'Mtama', 10),
(2064, 'Majengo', 10),
(2065, 'Nyangao', 10),
(2066, 'Namangale', 10),
(2067, 'Namupa', 10),
(2068, 'Longa', 10),
(2069, 'Nyengedi', 10),
(2070, 'Mnolele', 10),
(2071, 'Mtumbya', 10),
(2072, 'Chiponda', 10),
(2073, 'Kiwalala', 10),
(2074, 'Mnara', 10),
(2075, 'Nyangamara', 10),
(2076, 'Nahukahuka', 10),
(2077, 'Mandwanga', 10),
(2083, 'Kiranjeranje', 6),
(2084, 'Njinjo', 6),
(2086, 'Miguruwe', 6),
(2087, 'Kipatimu', 6),
(2088, 'Chumo', 6),
(2089, 'Kibata', 6),
(2090, 'Namayuni', 6),
(2097, 'Songosongo', 6),
(2101, 'Luchelegwa', 29),
(2102, 'Chinongwe', 29),
(2104, 'Mnacho', 29),
(2105, 'Nandagala', 29),
(2106, 'Malolo', 29),
(2108, 'Nkowe', 29),
(2109, 'Ruangwa', 29),
(2110, 'Nachingwea', 29),
(2111, 'Makanjiro', 29),
(2112, 'Narungombe', 29),
(2113, 'Likunja', 29),
(2116, 'Mandarawe', 29),
(2117, 'Mbekenyera', 29),
(2118, 'Chunyu', 29),
(2119, 'Matambarare', 29),
(2120, 'Namichiga', 29),
(2122, 'Nambilanje', 29),
(2124, 'Makata', 12),
(2125, 'Barikiwa', 12),
(2126, 'Mlembwe', 12),
(2127, 'Mkutano', 12),
(2128, 'Kimambi', 12),
(2129, 'Mbaya', 12),
(2130, 'Chikonda', 12),
(2131, 'Mangirikiti', 12),
(2132, 'Mpigamiti', 12),
(2134, 'Liwale Mjini', 12),
(2135, 'Nangando', 12),
(2136, 'Mihumo', 12),
(2137, 'Likongowele', 12),
(2138, 'Ngongowele', 12),
(2139, 'Kiangara', 12),
(2140, 'Kiangara', 12),
(2141, 'Lilombe', 12),
(2142, 'Nangano', 12),
(2143, 'Kibutuka', 12),
(2144, 'Mirui', 12),
(2150, 'Mchonda', 12),
(2155, 'Rahaleo', 22),
(2157, 'Kipara Mtua', 22),
(2159, 'Mpiruka', 22),
(2163, 'Chiola', 22),
(2166, 'Kipara Mnero', 22),
(2172, 'Mitumbati', 22),
(2173, 'Kilimanihewa', 22),
(2174, 'Namatula', 22),
(2178, 'Nachingwea Mjini', 22),
(2179, 'Singe', 257),
(2180, 'Bonga', 257),
(2181, 'Babati', 257),
(2182, 'Nangara', 257),
(2183, 'Bagara', 257),
(2184, 'Maisaka', 257),
(2185, 'Sigino', 257),
(2186, 'Mutuka', 257),
(2190, 'Iladola', 310),
(2196, 'Nambis', 310),
(2204, 'Arri', 257),
(2205, 'Bashnet', 257),
(2206, 'Nar', 257),
(2207, 'Dabil', 257),
(2208, 'Dareda', 58),
(2209, 'Ayalagaya', 257),
(2210, 'Ufana', 257),
(2211, 'Secheda', 257),
(2212, 'Madunga', 257),
(2213, 'Qameyu', 257),
(2214, 'Duru', 257),
(2215, 'Ayasanda', 257),
(2216, 'Boay', 257),
(2217, 'Gidas', 257),
(2218, 'Riroda', 257),
(2219, 'Gallapo', 257),
(2220, 'Mamire', 257),
(2221, 'Endakiso', 257),
(2222, 'Qash', 257),
(2223, 'Nkaiti', 257),
(2224, 'Magara', 257),
(2225, 'Magugu', 257),
(2226, 'Mwada', 257),
(2227, 'Kisangaji', 257),
(2228, 'Kiru', 257),
(2231, 'Dosidosi', 257),
(2234, 'Engusero', 277),
(2236, 'Chapakazi', 277),
(2237, 'Ndirgishi', 277),
(2238, 'Dongo', 277),
(2239, 'Laiseri', 277),
(2241, 'Loolera', 277),
(2245, 'Namelock', 277),
(2248, 'Kaloleni', 277),
(2249, 'Bwagamoyo', 277),
(2250, 'Bwawani', 277),
(2252, 'Gehandu', 202),
(2253, 'Ishponga', 202),
(2254, 'Laghanga', 202),
(2256, 'Lalaji', 202),
(2259, 'Bassodesh', 202),
(2263, 'Mulbadaw', 202),
(2264, 'Garawja', 202),
(2265, 'Hirbadaw', 202),
(2266, 'Getanuwas', 202),
(2267, 'Endasak', 202),
(2268, 'Endagaw', 202),
(2269, 'Endasiwold', 202),
(2270, 'Gidahababieg', 202),
(2271, 'Masakta', 202),
(2272, 'Measkron', 202),
(2273, 'Gitting', 202),
(2274, 'Masqaroda', 202),
(2275, 'Simbay', 202),
(2276, 'Gisambalang', 202),
(2277, 'Hidet', 202),
(2278, 'Sirop', 202),
(2279, 'Mogitu', 202),
(2280, 'Dirma', 202),
(2281, 'Nangwa', 202),
(2282, 'Wareta', 202),
(2283, 'Gendabi', 202),
(2284, 'Katesh', 202),
(2285, 'Dawar', 202),
(2286, 'Dumbeta', 202),
(2287, 'Ganana', 202),
(2288, 'Jorodom', 202),
(2289, 'Yaeda Ampa', 201),
(2290, 'Bashay', 201),
(2291, 'Dongobesh', 201),
(2292, 'Gidhim', 201),
(2293, 'Tumati', 201),
(2294, 'Dinamu', 201),
(2295, 'Maghang', 201),
(2296, 'Labay', 201),
(2297, 'Maretadu', 201),
(2298, 'Haydom', 201),
(2299, 'Geterer', 201),
(2300, 'Haydarer', 201),
(2301, 'Endamilay', 201),
(2302, 'Yaeda Chini', 201),
(2303, 'Eshkesh', 201),
(2304, 'Masieda', 201),
(2305, 'Endahagichan', 201),
(2306, 'Masqaroda', 201),
(2307, 'Langai', 278),
(2308, 'Endonyongijape', 278),
(2309, 'Kitwai', 278),
(2310, 'Naberera', 278),
(2311, 'Terrat', 278),
(2312, 'Oljoro No.5', 278),
(2313, 'Komolo', 278),
(2314, 'Emboreet', 278),
(2315, 'Loiborsiret', 278),
(2316, 'Ruvu Remit', 278),
(2318, 'Msitu wa Tembo', 278),
(2319, 'Ngorika', 278),
(2320, 'Naisinyai', 278),
(2321, 'Shambarai', 278),
(2322, 'Mirerani', 278),
(2323, 'Endiamutu', 278),
(2324, 'Orkesumet', 278),
(2325, 'Kashai', 130),
(2326, 'Bilele', 130),
(2327, 'Hamugembe', 130),
(2328, 'Bukoba', 130),
(2329, 'Miembeni', 130),
(2330, 'Kibeta', 55),
(2331, 'Ijuganyondo', 130),
(2332, 'Kitendaguro', 130),
(2333, 'Nshambya', 130),
(2334, 'Rwamishenye', 130),
(2335, 'Buhembe', 130),
(2336, 'Nyanga', 130),
(2337, 'Kahororo', 130),
(2338, 'Kagondo', 130),
(2339, 'Kalenge', 135),
(2340, 'Nyanza', 135),
(2341, 'Lusahunga', 135),
(2342, 'Kaniha', 135),
(2343, 'Nyantakara', 135),
(2344, 'Ruziba', 135),
(2345, 'Nyakahura', 135),
(2346, 'Nyamigogo', 135),
(2347, 'Bisibo', 135),
(2348, 'Nyarubungo', 135),
(2349, 'Katahoka', 135),
(2350, 'Nyarubungo', 135),
(2351, 'Nyamahanga', 135),
(2352, 'Kabindi', 135),
(2353, 'Runazi', 135),
(2354, 'Nemba', 135),
(2355, 'Nyabusozi', 135),
(2356, 'Biharamulo mjini', 135),
(2358, 'Buhendangabo', 242),
(2360, 'Kaagya', 300),
(2361, 'Rubafu', 242),
(2362, 'Kishanje', 242),
(2363, 'Nyakato', 300),
(2364, 'Katoma', 242),
(2365, 'Maruku', 242),
(2366, 'Karabagaine', 242),
(2367, 'Katoro', 242),
(2368, 'Kanyangereko', 242),
(2369, 'Bujugo', 242),
(2370, 'Katerero', 242),
(2371, 'Mikoni', 300),
(2372, 'Kyamulaile', 242),
(2373, 'Nyakibimbili', 242),
(2374, 'Kasharu', 242),
(2375, 'Ibwera', 242),
(2377, 'Kaibanja', 242),
(2378, 'Kibirizi', 242),
(2381, 'Kemondo', 242),
(2383, 'Butelankuzi', 242),
(2384, 'Kikomelo', 242),
(2385, 'Rubale', 300),
(2386, 'Izimbya', 242),
(2387, 'Mugajwale', 242),
(2388, 'Rukoma', 242),
(2389, 'Kyaitoke', 242),
(2391, 'Nyaishozi', 133),
(2392, 'Ihembe', 133),
(2393, 'Rugu', 133),
(2394, 'Nyakasimbi', 133),
(2395, 'Nyakakika', 133),
(2396, 'Nyakabanga', 133),
(2397, 'Kibondo', 133),
(2398, 'Bweranyange', 133),
(2399, 'Nyabiyonza', 133),
(2400, 'Kamagambo', 242),
(2401, 'Kiruruma', 242),
(2414, 'Ishozi', 299),
(2415, 'Bwanjai', 299),
(2416, 'Ishunju', 299),
(2417, 'Buyango', 299),
(2418, 'Ruzinga', 299),
(2419, 'Bugandika', 299),
(2420, 'Kitobo', 299),
(2421, 'Gere', 299),
(2422, 'Kanyigo', 299),
(2423, 'Kashenye', 299),
(2424, 'Bugorora', 299),
(2425, 'Mushasha', 299),
(2426, 'Kyaka', 299),
(2427, 'Kilimilile', 299),
(2428, 'Mabale', 299),
(2429, 'Kassambya', 299),
(2430, 'Minziro', 299),
(2431, 'Nsunga', 299),
(2432, 'Mutukula', 299),
(2433, 'Kakunyu', 299),
(2434, 'Mushabago', 131),
(2435, 'Nyakatanga', 131),
(2436, 'Ngenge', 299),
(2437, 'Rutoro', 299),
(2438, 'Nshamba', 299),
(2439, 'Ijumbi', 299),
(2440, 'Biirabo', 299),
(2441, 'Kashasha', 299),
(2442, 'Buganguzi', 299),
(2443, 'Kabirizi', 131),
(2444, 'Katoke', 131),
(2445, 'Muhutwe', 131),
(2446, 'Mayondwe', 131),
(2447, 'Kagoma', 131),
(2448, 'Bumbire', 131),
(2449, 'Kikuku', 131),
(2450, 'Goziba', 131),
(2451, 'Kerebe', 131),
(2452, 'Kamachumu', 131),
(2453, 'Ruhanga', 131),
(2454, 'Bulyakashaju', 131),
(2455, 'Mafumbo', 131),
(2456, 'Ibuga', 131),
(2457, 'Kimwani', 131),
(2458, 'Nyakabango', 131),
(2459, 'Karambi', 131),
(2460, 'Kasharunga', 131),
(2461, 'Rulanda', 131),
(2462, 'Mubunda', 131),
(2463, 'Bisheke', 131),
(2464, 'Kyebitembe', 131),
(2465, 'Burungura', 131),
(2466, 'Ikuza', 131),
(2467, 'Kibanga', 131),
(2469, 'Ikondo', 131),
(2470, 'Buhangaza', 131),
(2471, 'Magata/Karutanga', 131),
(2472, 'Bureza', 131),
(2473, 'Gwanseli', 131),
(2474, 'Mazinga', 131),
(2475, 'Muleba', 131),
(2476, 'Mugoma', 128),
(2477, 'Kanazi', 128),
(2478, 'Kirushya', 128),
(2479, 'Mabawe', 128),
(2480, 'Kabanga', 128),
(2481, 'Nyamagoma', 128),
(2482, 'Murusagamba', 128),
(2483, 'Muganza', 128),
(2484, 'Nyakisasa', 128),
(2485, 'Mbuba', 128),
(2486, 'Bukiriro', 128),
(2487, 'Keza', 128),
(2488, 'Bugarama', 128),
(2489, 'Rusumo', 128),
(2490, 'Kibogora', 128),
(2491, 'Kasulo', 128),
(2492, 'Nyamiaga', 128),
(2493, 'Murukurazo', 128),
(2494, 'Kibimba', 128),
(2495, 'Ngara mjini', 128),
(2496, 'Rulenge', 128),
(2497, 'Bunda Mjini', 346),
(2498, 'Kabarimu', 346),
(2499, 'Guta', 346),
(2500, 'Sazira', 346),
(2501, 'Kabasa', 346),
(2502, 'Bunda Stoo', 346),
(2503, 'Balili', 346),
(2504, 'Kunzugu', 346),
(2505, 'Nyasura', 346),
(2506, 'Nyatwali', 346),
(2507, 'Mcharo', 346),
(2508, 'Nyamakokoto', 346),
(2509, 'Manyamanyama', 346),
(2510, 'Wariku', 346),
(2511, 'Bweri', 272),
(2512, 'Kigere', 272),
(2513, 'Kwangwa', 151),
(2514, 'Nyakato', 272),
(2515, 'Makoko', 272),
(2516, 'Mwisenge', 272),
(2517, 'Buhare', 272),
(2518, 'Mshikamano', 272),
(2519, 'Iringo', 272),
(2520, 'Kamunyonge', 272),
(2521, 'Kitaji', 272),
(2522, 'Mukendo', 272),
(2523, 'Nyamatare', 272),
(2524, 'Mwigobero', 272),
(2525, 'Nyasho', 272),
(2526, 'Nyamisangura', 358),
(2527, 'Sabasaba', 358),
(2528, 'Bomani', 358),
(2529, 'Turwa', 358),
(2530, 'Nkende', 358),
(2531, 'Kenyamanyori', 358),
(2532, 'Ketare', 358),
(2533, 'Nyandoto', 358),
(2534, 'Mihingo', 151),
(2535, 'Mugeta', 151),
(2536, 'Salama', 151),
(2537, 'Hunyari', 151),
(2538, 'Kitare', 151),
(2539, 'Nyamang\'uta', 151),
(2540, 'Nyamuswa', 151),
(2541, 'Ketare', 151),
(2542, 'Butimba', 151),
(2543, 'Neruma', 151),
(2544, 'Kasuguti', 151),
(2545, 'Nyamihyoro', 151),
(2546, 'Namhula', 151),
(2547, 'Iramba', 151),
(2548, 'Igundu', 151),
(2549, 'Chitengule', 151),
(2550, 'Nampindi', 151),
(2551, 'Kibara', 151),
(2552, 'Kisorya', 151),
(2553, 'Nansimo', 151),
(2554, 'Butiama', 150),
(2555, 'Buhemba', 150),
(2556, 'Nyankanga', 150),
(2557, 'Muriaza', 150),
(2559, 'Kyanyari', 150),
(2560, 'Butuguri', 150),
(2561, 'Masaba', 150),
(2562, 'Bukabwa', 150),
(2563, 'Kukirango', 150),
(2564, 'Kamugegi', 150),
(2565, 'Buruma', 150),
(2566, 'Mirwa', 150),
(2567, 'Busegwe', 150),
(2568, 'Bisumwa', 150),
(2569, 'Bwiregi', 150),
(2570, 'Nyamimange', 150),
(2571, 'Buswahili', 150),
(2572, 'Sirorisimba', 150),
(2573, 'Mugangomu', 272),
(2574, 'Nyamrandirira', 272),
(2575, 'Nyambono', 272),
(2576, 'Bugoj, Bugoji', 272),
(2577, 'Bwasi', 272),
(2578, 'Suguti', 272),
(2579, 'Bukumi', 272),
(2580, 'Makojo', 272),
(2581, 'Tegeruka', 272),
(2582, 'Bugwema', 272),
(2583, 'Kiriba', 272),
(2584, 'Murangi', 272),
(2585, 'Musanja', 272),
(2586, 'Bukima', 272),
(2587, 'Rusoli', 272),
(2588, 'Busambara', 272),
(2589, 'Bulinga', 272),
(2591, 'Ifulifu', 272),
(2592, 'Nyakatende', 272),
(2593, 'Nyegina', 272),
(2595, 'Ikoma', 275),
(2596, 'Kyambahi', 275),
(2598, 'Nagusi', 272),
(2599, 'Rigicha', 272),
(2600, 'Rungabure', 272),
(2601, 'Kebanchabancha', 272),
(2602, 'Ringwani', 272),
(2603, 'Magange', 272),
(2604, 'Nyambureti', 272),
(2605, 'Mosongo', 272),
(2606, 'Nyamatare', 272),
(2607, 'Nyansurura', 272),
(2608, 'Kenyamonta', 272),
(2609, 'Busawe', 272),
(2610, 'Majimoto', 272),
(2611, 'Kisaka', 272),
(2612, 'Manchira', 272),
(2613, 'Sedeco', 272),
(2614, 'Nyamoko', 272),
(2615, 'Mbalibali', 272),
(2616, 'Mugumu', 272),
(2617, 'Machochwe', 272),
(2618, 'Stendi kuu', 272),
(2619, 'Geitasamo', 272),
(2620, 'Matare', 272),
(2621, 'Kisangura', 272),
(2622, 'Uwanja wa Ndege', 272),
(2623, 'Komuge', 274),
(2624, 'Kisumwa', 274),
(2625, 'Kyang\'ombe', 274),
(2627, 'Nyamunga', 272),
(2628, 'Mirare', 272),
(2629, 'Bukwe', 272),
(2630, 'Koryo', 274),
(2631, 'Ikoma', 274),
(2632, 'Bukwe', 274),
(2633, 'Goribe', 274),
(2634, 'Roche', 274),
(2635, 'Kitembe', 274),
(2636, 'Nyathorogo', 274),
(2637, 'Mirare', 274),
(2638, 'Nyaburongo', 274),
(2639, 'Rabour', 274),
(2640, 'Nyahongo', 274),
(2641, 'Bukura', 274),
(2642, 'Kinyench', 274),
(2643, 'Tai', 274),
(2644, 'Nyamagaro', 274),
(2645, 'Kirogo', 274),
(2646, 'Kyangasaga', 274),
(2647, 'Kigunga', 274),
(2648, 'Nyamtinga', 274),
(2649, 'Mkoma', 274),
(2650, 'Raranya', 274),
(2651, 'Mwema', 234),
(2652, 'Susuni', 234),
(2653, 'Sirari', 234),
(2654, 'Regicheri', 234),
(2655, 'Mbogi', 234),
(2656, 'Gwitiryo', 234),
(2657, 'Pemba', 234),
(2658, 'Bumera', 234),
(2659, 'Manga', 234),
(2660, 'Kiore', 234),
(2661, 'Komaswa', 234),
(2663, 'Gorong\'a', 234),
(2664, 'Matongo', 234),
(2665, 'Nyamwaga', 234),
(2666, 'Nyarukoba', 234),
(2667, 'Muriba', 234),
(2668, 'Kwihancha', 234),
(2671, 'Nyarero', 234),
(2672, 'Kibasuka', 234),
(2673, 'Binagi', 234),
(2674, 'Nyakonga', 234),
(2675, 'Ganyange', 234),
(2676, 'Nyamunga', 274),
(2677, 'Mtandi', 15),
(2678, 'Nyasa', 15),
(2679, 'Chanikanguo', 15),
(2680, 'Napupa', 15),
(2681, 'Mkuti', 15),
(2682, 'Jida', 15),
(2683, 'Mkomaindo', 15),
(2684, 'Migongo', 15),
(2685, 'Marika', 15),
(2686, 'Mumbaka', 15),
(2687, 'Matawale', 15),
(2688, 'Sululu', 15),
(2689, 'Temeke', 15),
(2690, 'Mwenge Mtapika', 15),
(2705, 'Maguvani', 271),
(2706, 'Mlowa', 271),
(2707, 'Mwembetogwa', 271),
(2708, 'Majengo', 271),
(2709, 'Lyamkena', 271),
(2710, 'Kitisi', 271),
(2711, 'Mjimwema', 271),
(2712, 'Kivavi', 271),
(2713, 'Kitandililo', 271),
(2714, 'Utengule', 271),
(2715, 'Mahongole', 271),
(2716, 'Ramadhani', 259),
(2717, 'Njombe mjini', 259),
(2718, 'Uwemba', 259),
(2719, 'Mjimwema', 259),
(2720, 'Kifanya', 259),
(2721, 'Makowo', 259),
(2722, 'Matola', 259),
(2723, 'Yakobi', 259),
(2724, 'Iwungilo', 259),
(2725, 'Lugenge', 259),
(2726, 'Ihanga', 259),
(2727, 'Utalingoro', 259),
(2728, 'Luponde', 259),
(2729, 'Ludewa', 67),
(2730, 'Maweni', 67),
(2731, 'Luana', 67),
(2732, 'Ibumi', 67),
(2733, 'Lugarawa', 67),
(2734, 'Mundindi', 67),
(2735, 'Mavanga', 67),
(2736, 'Madilu', 67),
(2737, 'Mkongobaki', 67),
(2738, 'Milo', 67),
(2739, 'Lupanga', 67),
(2740, 'Ludende', 67),
(2741, 'Lubonde', 67),
(2742, 'Mlangali', 67),
(2743, 'manda', 67),
(2744, 'Madope', 67),
(2745, 'Masasi', 67),
(2746, 'Ruhuhu', 67),
(2747, 'Nkomang\'ombe', 67),
(2748, 'Iwale', 67),
(2749, 'Makonde', 67),
(2750, 'Lifuma', 67),
(2751, 'Lumbila', 67),
(2753, 'Lupingu', 67),
(2754, 'Ikondo', 195),
(2755, 'Ukalawa', 67),
(2756, 'Ukalawa', 195),
(2757, 'Lupembe', 195),
(2758, 'Mfriga', 195),
(2759, 'Idamba', 195),
(2760, 'Kidegembye', 195),
(2761, 'Ikuna', 195),
(2762, 'Mtwango', 195),
(2763, 'Mtwang', 195),
(2764, 'Igongolo', 195),
(2765, 'Kichiwa', 195),
(2766, 'Kipagalo', 68),
(2767, 'Luwumbu', 68),
(2768, 'Ukwama', 68),
(2770, 'Lupila', 195),
(2771, 'Ipepo', 195),
(2772, 'Mbalatse', 195),
(2773, 'Ipelele', 195),
(2774, 'Iniho', 195),
(2776, 'Kigulu', 195),
(2777, 'Kinyika', 195),
(2778, 'Kitulo', 195),
(2779, 'Itundu', 195),
(2780, 'Mlondwe', 195),
(2782, 'Kigala', 195),
(2783, 'Mfumbi', 195),
(2784, 'Tandale', 195),
(2785, 'Mang\'oto', 195),
(2786, 'Lupalilo', 195),
(2787, 'iwawa', 195),
(2788, 'Mdandu', 195),
(2789, 'Mdandu', 197),
(2790, 'Igima', 197),
(2791, 'Igwachanya', 197),
(2792, 'Usuka', 197),
(2793, 'Luduga', 197),
(2794, 'Malangali', 197),
(2795, 'Wanging\'ombe', 197),
(2796, 'Kijombe', 197),
(2797, 'Uhambule', 197),
(2798, 'Saja', 197),
(2799, 'Uhenga', 197),
(2800, 'Udonja', 197),
(2801, 'Ilembula', 197),
(2802, 'Ulembwe', 197),
(2803, 'Wangama', 197),
(2804, 'Kidugala', 197),
(2805, 'Imalinyi', 197),
(2806, 'Igosi', 197),
(2807, 'Makoga', 197),
(2808, 'Kipengere', 197),
(2809, 'Makambako', 271),
(2810, 'Chanjale', 45),
(2811, 'Nongwe', 45),
(2812, 'Chagongwe', 45),
(2813, 'Mandege', 45),
(2814, 'Kibedya', 45),
(2815, 'Chigela', 45),
(2816, 'Chakwale', 45),
(2817, 'Madege', 45),
(2818, 'Idibo', 45),
(2819, 'Leshata', 45),
(2820, 'Iyogwe', 45),
(2821, 'Italagwe', 45),
(2822, 'Rubeho', 45),
(2823, 'Magoweko', 45),
(2824, 'Gairo', 45),
(2825, 'Ukwamani', 45),
(2826, 'Mkalama', 45),
(2827, 'Msingisi', 45),
(2828, 'Chita', 361),
(2829, 'Ching\'anda', 361),
(2830, 'Mngeta', 361),
(2831, 'Mbingu', 361),
(2832, 'Mchombe', 361),
(2833, 'Mofu', 361),
(2834, 'Igima', 361),
(2835, 'Mkula', 208),
(2836, 'Mang\'ula \"B\"', 208),
(2837, 'Kisawasawa', 208),
(2839, 'Mwaya', 208),
(2840, 'Kidatu', 208),
(2841, 'Sanje', 45),
(2842, 'Signal', 208),
(2843, 'Msolwa Station', 208),
(2844, 'Masagati', 45),
(2845, 'Utengule', 361),
(2847, 'Uchindile', 45),
(2848, 'Kamwene', 45),
(2849, 'Kalengakelu', 45),
(2850, 'Chisano', 45),
(2851, 'Idete', 45),
(2852, 'Kiberege', 208),
(2854, 'Uchindile', 361),
(2855, 'Mlimba', 361),
(2856, 'Kalengakelu', 361),
(2857, 'Kalebezo', 303),
(2858, 'Nyehunge', 303),
(2859, 'Kafunzo', 303),
(2860, 'Iligamba', 303),
(2861, 'Bupandwa', 303),
(2862, 'Katwe', 303),
(2863, 'Bangwe', 303),
(2864, 'Maisome', 303),
(2865, 'Nyanzenda', 303),
(2866, 'Nyakasungwa', 303),
(2867, 'Kasisa', 303),
(2868, 'Nyakaliro', 303),
(2869, 'Bukokwa', 303),
(2870, 'Nyakasasa', 303),
(2871, 'Buhama', 303),
(2872, 'Lugata', 303),
(2873, 'Bugoro', 303),
(2874, 'Irenza', 303),
(2875, 'Luharanyonga', 303),
(2876, 'kazunzu', 303),
(2877, 'Bulyaheke', 303),
(2878, 'Nyambiti', 158),
(2879, 'Mwandu', 158),
(2880, 'Malya', 158),
(2881, 'Mwagi', 158),
(2882, 'Nkalalo', 158),
(2883, 'Maligisu', 158),
(2884, 'Iseni', 158),
(2885, 'Bugando', 158),
(2886, 'Lyoma', 158),
(2887, 'Sumve', 158),
(2888, 'Mwabomba', 158),
(2889, 'Ngulla', 158),
(2890, 'Mantare', 158),
(2891, 'Walla', 158),
(2892, 'Bungulwa', 158),
(2893, 'Fukalo', 158),
(2894, 'Bupamwa', 158),
(2895, 'Mwamala', 158),
(2896, 'Shilembo', 158),
(2897, 'Mhande', 158),
(2898, 'Kikubiji', 158),
(2899, 'Ilula', 158),
(2900, 'Hungumalwa', 158),
(2901, 'Mwakilyambiti', 158),
(2902, 'Ng\'hundi', 158),
(2903, 'Nyamilama', 158),
(2904, 'Mwankulwe', 158),
(2905, 'Mwang\'halanga', 158),
(2906, 'Ngudu', 158),
(2907, 'Igongwa', 158),
(2908, 'Kahangara', 154),
(2909, 'Mwamanga', 154),
(2910, 'Kitongo sima', 154),
(2911, 'Nyanguge', 154),
(2912, 'Kisesa', 154),
(2913, 'Bujora', 154),
(2914, 'Bukandwe', 154),
(2915, 'Bujashi', 154),
(2916, 'Lutale', 154),
(2917, 'Kongolo', 154),
(2918, 'Chabula', 154),
(2919, 'Nkungulu', 154),
(2920, 'Kabila', 154),
(2921, 'Shishani', 154),
(2922, 'Nyigogo', 154),
(2923, 'Jinjimili', 154),
(2924, 'Kandawe', 154),
(2925, 'Sukuma', 154),
(2926, 'Buhumbi', 154),
(2927, 'Lubungu', 154),
(2928, 'Mwamabanza', 154),
(2929, 'Magu mjini', 154),
(2930, 'Itumbili', 154),
(2931, 'Isandula', 154),
(2932, 'Nhundulu', 159),
(2933, 'Isenengeja', 159),
(2934, 'Buhunda', 159),
(2935, 'Ilujamate', 159),
(2936, 'Mbarika', 159),
(2937, 'Lubili', 159),
(2938, 'Misasi', 159),
(2939, 'Busongo', 159),
(2940, 'Gulumungu', 159),
(2941, 'Shilalo', 159),
(2942, 'Buhingo', 159),
(2943, 'Kasololo', 159),
(2944, 'Kijima', 159),
(2945, 'Sumbugu', 159),
(2946, 'Misungwi', 159),
(2947, 'Mabuki', 159),
(2949, 'Koromije', 159),
(2950, 'Igokelo', 159),
(2951, 'Mamaye', 159),
(2952, 'Mwaniko', 159),
(2953, 'Mondo', 159),
(2954, 'Kanyelele', 159),
(2955, 'Usagara', 159),
(2956, 'Fella', 159),
(2957, 'Ukiriguru', 159),
(2958, 'Buyagu', 153),
(2959, 'Bitoto', 153),
(2960, 'Igalula', 153),
(2961, 'Ngoma', 153),
(2962, 'Katunguru', 153),
(2963, 'Chifunfu', 153),
(2964, 'Kasenyi', 153),
(2965, 'Nyamatongo', 153),
(2966, 'Nyamazungo', 153),
(2967, 'Nyamizeze', 153),
(2968, 'Tabaruka', 153),
(2969, 'Kishinda', 153),
(2970, 'Busisi', 153),
(2971, 'Kahumulo', 153),
(2972, 'Kahumulo', 153),
(2973, 'Nyampande', 153),
(2974, 'Igulumuki', 153),
(2975, 'Sima', 153),
(2976, 'Buzilasoga', 153),
(2977, 'Nyatukara', 153),
(2978, 'Ibisabageni', 153),
(2979, 'Mission', 153),
(2980, 'Nyampulukano', 153),
(2981, 'Mwabaluhi', 153),
(2982, 'Ibondo', 153),
(2983, 'Namagondo', 264),
(2988, 'Kagunguli', 264),
(2989, 'Ilangala', 153),
(2990, 'Kakukuru', 153),
(2991, 'Bwiro', 153),
(2992, 'Muriti', 153),
(2993, 'Namilembe', 153),
(2994, 'Bwisya', 153),
(2995, 'Bukiko', 153),
(2996, 'Nyamanga', 153),
(2997, 'Nakatunguru', 153),
(2998, 'Ngoma', 153),
(2999, 'Kakerege', 153),
(3000, 'Bukongo', 153),
(3001, 'Nkilizya', 153),
(3002, 'Kagera', 153),
(3003, 'Bukanda', 153),
(3004, 'Nansio', 153),
(3005, 'Mecco', 263),
(3006, 'Nyakato', 263),
(3007, 'Nyasaka', 263),
(3008, 'Buzuruga', 263),
(3010, 'Ilemela', 263),
(3011, 'Kiseke', 263),
(3012, 'Kayenze', 263),
(3013, 'Sangabuye', 263),
(3016, 'Pasiansi', 263),
(3017, 'Kawekamo', 263),
(3018, 'Kirumba', 263),
(3019, 'Kitangiri', 263),
(3020, 'Nyamanoro', 263),
(3021, 'Ibungilo', 263),
(3022, 'Buswelu', 263),
(3024, 'Yombo', 1),
(3025, 'Fukayosi', 1),
(3026, 'Zinga', 1),
(3027, 'Kerege', 1),
(3028, 'Mapinga', 1);
INSERT INTO `wards` (`id`, `name`, `district_id`) VALUES
(3029, 'Kiromo', 1),
(3030, 'Dunda', 1),
(3031, 'Magomeni', 1),
(3032, 'Nianjema', 1),
(3033, 'Kisutu', 1),
(3034, 'Makurunge', 1),
(3035, 'Makurung', 304),
(3036, 'Kiwangwa', 304),
(3037, 'Mbwewe', 304),
(3038, 'Kimange', 304),
(3039, 'Kibindu', 304),
(3040, 'Miono', 304),
(3041, 'Mandera', 304),
(3042, 'Mkange', 304),
(3043, 'Lugoba', 304),
(3044, 'Msoga', 304),
(3045, 'Talawanda', 304),
(3046, 'Vigwaza', 304),
(3047, 'Ubenazomozi', 304),
(3048, 'Pera', 304),
(3049, 'Bwilingu', 304),
(3050, 'Kwala', 3),
(3051, 'Dutumi', 3),
(3052, 'Ruvu', 3),
(3053, 'Gwata', 3),
(3054, 'Magindu', 3),
(3055, 'Soga', 3),
(3057, 'Mlandizi', 3),
(3058, 'Mtambani', 3),
(3059, 'Mtongani', 3),
(3060, 'Kilangalanga', 3),
(3061, 'Janga', 3),
(3062, 'Kikongo', 3),
(3063, 'Kikong', 3),
(3064, 'Mbuchi', 5),
(3065, 'Msala', 5),
(3066, 'Salale', 5),
(3067, 'Mtunda', 5),
(3068, 'Ruaruke', 5),
(3069, 'Mlanzi', 3),
(3070, 'Mahenge', 5),
(3071, 'Mjawa', 5),
(3072, 'Mchukwi', 5),
(3073, 'Mwambao', 5),
(3074, 'Bungu', 5),
(3075, 'Kibiti', 3),
(3076, 'Mtawanya', 5),
(3077, 'Dimani', 5),
(3078, 'Mzenga', 7),
(3079, 'Vihingo', 7),
(3080, 'Kurui', 7),
(3081, 'Mafizi', 7),
(3082, 'Chole', 7),
(3083, 'Vikumburu', 7),
(3084, 'Boga', 7),
(3085, 'Msanga', 7),
(3086, 'Maneromango', 7),
(3087, 'Marumbo', 7),
(3088, 'Masaki', 7),
(3089, 'Kibuta', 7),
(3090, 'Kisarawe', 7),
(3091, 'Kiluvya', 7),
(3092, 'Msimbu', 7),
(3093, 'Kazimzumbwi', 7),
(3094, 'Kanga', 37),
(3095, 'Kirongwe', 37),
(3096, 'Baleni', 37),
(3097, 'Ndagoni', 37),
(3098, 'Kilindoni', 37),
(3099, 'Miburani', 37),
(3100, 'Jibondo', 37),
(3101, 'Kiegeani', 37),
(3111, 'Panzuo', 37),
(3112, 'Kisegese', 37),
(3113, 'Beta', 37),
(3114, 'Nyamato', 37),
(3115, 'Bupu', 37),
(3116, 'Mwarusembe', 37),
(3117, 'Vikindu', 37),
(3118, 'Mwandege', 37),
(3119, 'Mipeko', 37),
(3120, 'Tambani', 37),
(3121, 'Viazi', 37),
(3122, 'Kiparang\'anda', 37),
(3123, 'Umwe', 30),
(3124, 'Ikwiriri', 30),
(3125, 'Chumbi', 30),
(3126, 'Mohoro', 30),
(3127, 'Ngorongo', 30),
(3128, 'Mwaseni', 30),
(3129, 'Kipugira', 30),
(3130, 'Mkongo', 30),
(3131, 'Mbwara', 30),
(3132, 'Utete', 30),
(3133, 'Chemchem', 30),
(3134, 'Ngarambe', 30),
(3135, 'Mailimoja', 3),
(3137, 'Tumbi', 3),
(3138, 'Pangani', 3),
(3139, 'Mkuza', 3),
(3140, 'Sofu', 3),
(3141, 'Msangani', 3),
(3142, 'Kibaha', 3),
(3144, 'Viziwa ziwa', 3),
(3145, 'Misugusugu', 3),
(3146, 'Visiga', 3),
(3147, 'Mbwawa', 3),
(3167, 'Kasanga', 291),
(3168, 'Samazi', 291),
(3169, 'Kisumba', 291),
(3170, 'Matai', 291),
(3171, 'Mpombwe', 291),
(3172, 'Mkowe', 291),
(3173, 'Lyowa', 291),
(3174, 'Msanzi', 291),
(3175, 'Katete', 291),
(3176, 'Mbuluma', 291),
(3177, 'Sopa', 291),
(3178, 'Mkali', 291),
(3179, 'Sundu', 291),
(3180, 'Mwimbi', 291),
(3181, 'Mnamba', 291),
(3182, 'Ulumi', 291),
(3183, 'Mambwe Nkoswe', 291),
(3184, 'Mambwekenya', 291),
(3185, 'Legeza Mwendo', 291),
(3186, 'Katazi', 291),
(3187, 'Mwazye', 291),
(3188, 'Kilesha', 291),
(3189, 'Kanyezi', 291),
(3190, 'Ilemba', 294),
(3191, 'Nankanga', 294),
(3192, 'Kaoze', 294),
(3193, 'Kapenta', 294),
(3194, 'Kilangawana', 294),
(3195, 'Mtowisa', 294),
(3196, 'Muze', 294),
(3197, 'Zimba', 294),
(3198, 'Kalumbaleza', 294),
(3199, 'Mfinga', 294),
(3200, 'Mwadui', 294),
(3201, 'Milepa', 294),
(3202, 'Mpui', 294),
(3203, 'Ikozi', 294),
(3204, 'Kalambanzite', 294),
(3205, 'Mpwapwa', 294),
(3206, 'Sandulula', 294),
(3207, 'Kanda', 294),
(3208, 'Kaengesa', 294),
(3209, 'Lusaka', 294),
(3210, 'Lyangalile', 294),
(3211, 'Miangalua', 294),
(3212, 'Msandamuungano', 294),
(3213, 'Laela', 294),
(3214, 'Mnokola', 294),
(3215, 'Kasanzama', 294),
(3217, 'Chala', 293),
(3218, 'Mkwamba', 293),
(3219, 'Nkandasi', 293),
(3220, 'Kate', 293),
(3221, 'Myula', 293),
(3222, 'Kipande', 293),
(3223, 'Sintali', 293),
(3224, 'Kizumbi', 293),
(3225, 'Wampembe', 293),
(3226, 'Kala', 293),
(3227, 'Ninde', 293),
(3228, 'Kirando', 293),
(3229, 'Itete', 293),
(3230, 'Kipili', 293),
(3231, 'Mkinga', 293),
(3232, 'Korongwe', 293),
(3233, 'Ntuchi', 293),
(3234, 'Nkomolo', 293),
(3235, 'Isunta', 293),
(3236, 'Majengo', 293),
(3237, 'Kipundu', 293),
(3238, 'Namanyere', 293),
(3239, 'Mtenga', 293),
(3240, 'Ntatumbila', 293),
(3241, 'Mashete', 293),
(3242, 'Paramawe', 293),
(3243, 'Isale', 293),
(3244, 'Mshangano', 31),
(3245, 'Mletele', 31),
(3246, 'Bombambili', 31),
(3247, 'Mjini', 31),
(3248, 'Tanga', 31),
(3249, 'Matogoro', 31),
(3250, 'Misifuni', 31),
(3251, 'Ndilimalitembo', 31),
(3252, 'Msamala', 31),
(3253, 'Seedfarm', 31),
(3254, 'Mateka', 31),
(3255, 'Subira', 31),
(3256, 'Ruhuwiko', 31),
(3257, 'Ruvuma', 31),
(3258, 'Matarawe', 31),
(3259, 'Mfaranyaki', 31),
(3260, 'Majengo', 31),
(3261, 'Lizaboni', 31),
(3262, 'Lilambo', 31),
(3263, 'Mwengemshindo', 31),
(3264, 'Mjimwema', 31),
(3283, 'Kigonsera', 16),
(3284, 'Mkoka', 16),
(3285, 'Amani Makoro', 16),
(3286, 'Lukarasi', 16),
(3287, 'Kihangi Mahuka', 16),
(3288, 'Matiri', 16),
(3289, 'Kitumbalomo', 16),
(3290, 'Mkumbi', 16),
(3291, 'Mhongozi', 16),
(3292, 'Linda', 16),
(3293, 'Ngima', 16),
(3294, 'Kipololo', 16),
(3295, 'Ukata', 16),
(3296, 'Wukiro', 16),
(3297, 'Kitura', 16),
(3298, 'Mbuji', 16),
(3299, 'Litembo', 16),
(3300, 'Mpapa', 16),
(3301, 'Nyoni', 16),
(3302, 'Mikalanga', 16),
(3304, 'Kambarage', 16),
(3305, 'Mapera', 16),
(3306, 'Maguu', 16),
(3307, 'Langiro', 16),
(3308, 'Kipapa', 16),
(3309, 'Namswea', 16),
(3310, 'Muungano', 16),
(3311, 'Ruanda', 16),
(3312, 'Litumbandyosi', 16),
(3313, 'Kitanda', 23),
(3314, 'Mchomoro', 23),
(3315, 'mputa', 23),
(3317, 'Mgombasi', 23),
(3318, 'Litola', 23),
(3319, 'Likuyuseka', 23),
(3320, 'Luegu', 23),
(3321, 'Limamu', 23),
(3322, 'Hanga', 23),
(3323, 'Msindo', 23),
(3324, 'Luchili', 23),
(3325, 'Namabengo', 23),
(3326, 'Mkongo gulioni', 23),
(3327, 'Ligera', 23),
(3328, 'Lisimonji', 23),
(3329, 'Magazini', 23),
(3330, 'Msisima', 23),
(3331, 'Namtumbo', 23),
(3332, 'Lusewa', 23),
(3333, 'Rwinga', 23),
(3334, 'Chiwanda', 27),
(3335, 'Mbamba bay', 27),
(3336, 'Lipingo', 27),
(3337, 'Kilosa', 27),
(3338, 'Mtipwili', 27),
(3340, 'Liuli', 27),
(3341, 'Kihagara', 27),
(3342, 'Liparamba', 27),
(3343, 'Tingi', 27),
(3344, 'Mipotopoto', 27),
(3345, 'Upolo', 27),
(3346, 'Mpepo', 27),
(3347, 'Lumeme', 27),
(3348, 'Kingerikiti', 27),
(3350, 'Linga', 27),
(3351, 'Luhangarasi', 27),
(3353, 'Lituhi', 27),
(3354, 'Mbaha', 27),
(3355, 'Liwundi', 27),
(3356, 'Parangu', 260),
(3367, 'Mpitimbi', 260),
(3368, 'Ndongosi', 260),
(3369, 'Litapwasi', 260),
(3370, 'Mchangani', 34),
(3371, 'Nakayaya', 34),
(3372, 'Sisi Kwa Sisi', 34),
(3373, 'Majengo', 34),
(3374, 'Mlingoti Mashariki', 34),
(3375, 'Mlingoti Magharibi', 34),
(3377, 'Nanjoka', 34),
(3378, 'Kalulu', 34),
(3379, 'Matemanga', 34),
(3382, 'Liganga', 34),
(3384, 'Kidodoma', 34),
(3385, 'Nalasi Magharibi', 34),
(3386, 'Nandembo', 34),
(3387, 'Nalasi Mashariki', 34),
(3389, 'Mchoteka', 34),
(3390, 'Marumba', 34),
(3391, 'Mbati', 34),
(3392, 'Lukumbule', 34),
(3395, 'Namasakata', 34),
(3397, 'Mchuluka', 34),
(3398, 'Napakanya', 34),
(3399, 'Tuwemacho', 34),
(3400, 'Muhuwesi', 34),
(3401, 'Namakambale', 34),
(3402, 'Mindu', 34),
(3404, 'Ngapa', 34),
(3405, 'Namiung', 34),
(3406, 'Kambarage', 180),
(3407, 'Lubaga', 180),
(3408, 'Mjini', 180),
(3409, 'Chamaguha', 180),
(3410, 'Ndala', 180),
(3411, 'Ibinzamata', 180),
(3412, 'Masekelo', 180),
(3413, 'Kitangili', 180),
(3414, 'Ngoloko', 180),
(3415, 'Mwawaza', 180),
(3416, 'Ndembezi', 180),
(3417, 'Kizumbi', 180),
(3418, 'Ibadakuli', 180),
(3419, 'Kolandoto', 180),
(3420, 'Old Shinyanga', 180),
(3421, 'Chibe', 180),
(3422, 'Majengo', 295),
(3423, 'Zongomera', 180),
(3424, 'Nyahanga', 295),
(3425, 'Nyasubi', 295),
(3426, 'Kaham mjini', 295),
(3427, 'Busoka', 295),
(3428, 'Malunga', 295),
(3429, 'Nyihogo', 295),
(3430, 'Isagehe', 295),
(3431, 'Mhungula', 295),
(3432, 'Mhongolo', 295),
(3433, 'Mwendakulima', 295),
(3434, 'Kinaga', 295),
(3435, 'Kagongwa', 295),
(3436, 'Mondo', 295),
(3437, 'Nyandekwa', 295),
(3438, 'Iyenze', 295),
(3439, 'Kilago', 295),
(3440, 'Ngogwa', 295),
(3441, 'Wendele', 295),
(3442, 'Uchunga', 191),
(3443, 'Bupigi', 191),
(3444, 'Igaga', 191),
(3445, 'Shagihilu', 191),
(3446, 'Shagihilu', 191),
(3447, 'Masanga', 191),
(3448, 'Ndoleleji', 191),
(3449, 'Somagedi', 191),
(3450, 'Mwamalasa', 191),
(3451, 'Mwakipoya', 191),
(3452, 'Ukenyenge', 191),
(3453, 'Mwaweja', 191),
(3454, 'Talaga', 191),
(3455, 'Kiloleli', 191),
(3456, 'Itilima', 191),
(3457, 'Ngofila', 191),
(3458, 'Bunambiyu', 191),
(3459, 'Bubiki', 191),
(3460, 'Mwasubi', 191),
(3461, 'Busangwa', 191),
(3462, 'Mondo', 191),
(3463, 'Seke-Bugoro', 191),
(3464, 'Songwa', 191),
(3465, 'Maganzo', 191),
(3466, 'Mwadui Lohumbo', 191),
(3467, 'Idukilo', 191),
(3468, 'Kishapu', 191),
(3469, 'Mwataga', 191),
(3470, 'Ntobo', 191),
(3471, 'Didia', 188),
(3472, 'Ilola', 188),
(3473, 'Puni', 188),
(3474, 'Nyida', 188),
(3475, 'Itwangi', 188),
(3476, 'Tinde', 188),
(3477, 'Nsalala', 188),
(3478, 'Usule', 188),
(3479, 'Bukene', 188),
(3480, 'Mwamala', 188),
(3481, 'Imesela', 188),
(3482, 'Samuye', 188),
(3483, 'Masengwa', 188),
(3484, 'Usanda', 188),
(3485, 'Salawe', 188),
(3486, 'Mwenge', 188),
(3487, 'Mwakitolyo', 188),
(3488, 'Solwe', 188),
(3489, 'Mwakitolyo', 188),
(3490, 'Iselamagazi', 188),
(3491, 'Lyabusalu', 188),
(3492, 'Mwalukwa', 188),
(3493, 'Pandagichiza', 188),
(3494, 'Nyamalogo', 188),
(3495, 'Mwantini', 188),
(3496, 'Lyabukande', 188),
(3497, 'Lyamidati', 188),
(3498, 'Chona', 302),
(3499, 'Chambo', 302),
(3500, 'Kisuke', 302),
(3501, 'Mapamba', 302),
(3502, 'Nyamilangano', 302),
(3503, 'Ukune', 302),
(3504, 'Bukomela', 302),
(3505, 'Igunda', 302),
(3506, 'Mpunze', 302),
(3507, 'Igwamanoni', 302),
(3508, 'Sabasabini', 302),
(3509, 'Idahina', 302),
(3510, 'Bulungwa', 302),
(3511, 'Ulewe', 302),
(3512, 'Nyankende', 302),
(3513, 'Ushetu', 302),
(3514, 'Uyogo', 302),
(3515, 'Ulowa', 302),
(3516, 'Ubagwe', 302),
(3517, 'Mughanga', 63),
(3518, 'Utemini', 63),
(3519, 'Minga', 63),
(3520, 'Mitunduruni', 63),
(3521, 'Mtamaa', 63),
(3522, 'Mandewa', 63),
(3523, 'Uhamaka', 63),
(3524, 'Ipembe', 63),
(3525, 'Unyianga', 63),
(3526, 'Mwankoko', 63),
(3527, 'Kindai', 63),
(3528, 'Majengo', 63),
(3529, 'Misuna', 63),
(3530, 'Kisaki', 63),
(3531, 'Mungumaji', 63),
(3532, 'Mtipa', 63),
(3533, 'Unyambwa', 63),
(3534, 'Unyamikumbi', 63),
(3535, 'Unyahati', 64),
(3536, 'Mkiwa', 64),
(3537, 'Ikungi', 64),
(3538, 'Mang\'onyi', 64),
(3539, 'Issuna', 64),
(3540, 'Mpungira', 64),
(3541, 'Dungunyi', 64),
(3542, 'Sepuka', 64),
(3543, 'Iyumbu', 64),
(3544, 'Mtunduru', 64),
(3545, 'Irisya', 64),
(3546, 'Mwaru', 64),
(3547, 'Ighombwe', 64),
(3549, 'Ihanja', 64),
(3550, 'Isseke', 64),
(3551, 'Muhintiri', 64),
(3552, 'Puma', 64),
(3553, 'Iglansoni', 64),
(3554, 'Kituntu', 64),
(3555, 'Minyughe', 64),
(3556, 'Makilawa', 64),
(3557, 'Makiungu', 64),
(3558, 'Mungaa', 64),
(3559, 'Siuyu', 64),
(3560, 'Kikio', 64),
(3561, 'Ntuntu', 64),
(3562, 'Lighwa', 64),
(3563, 'Misughaa', 64),
(3564, 'Kinampanda', 66),
(3565, 'Ulemo', 66),
(3566, 'Maluga', 66),
(3567, 'Mukulu', 66),
(3568, 'Kyengege', 66),
(3569, 'Ndulungu', 66),
(3570, 'Kaselya', 66),
(3571, 'Urughu', 66),
(3572, 'Mtekente', 66),
(3573, 'Ndago', 66),
(3574, 'Mbelekese', 66),
(3575, 'Shelui', 66),
(3576, 'Mtoa', 66),
(3577, 'Mgongo', 66),
(3578, 'Ntwike', 66),
(3579, 'Tulya', 66),
(3581, 'Kidaru', 66),
(3582, 'Kiomboi', 66),
(3583, 'Rungwa', 61),
(3584, 'Mwamagembe', 61),
(3585, 'Mitundu', 61),
(3586, 'Kalangali', 61),
(3587, 'Mgandu', 61),
(3588, 'Itigi Mjini', 61),
(3589, 'Tambukareli', 61),
(3590, 'Itigi Majengo', 61),
(3591, 'Kitaraka', 61),
(3592, 'Ipande', 61),
(3593, 'Sanjaranda', 61),
(3594, 'Idodyandole', 61),
(3595, 'Aghondi', 61),
(3597, 'Sasilo', 62),
(3599, 'Nkonko', 62),
(3600, 'Sanza', 62),
(3601, 'Isseke', 62),
(3602, 'Saranda', 62),
(3603, 'Solya', 62),
(3604, 'Makuru', 62),
(3605, 'Majiri', 62),
(3606, 'Sasajila', 62),
(3607, 'Chikuyu', 62),
(3608, 'Majiri', 37),
(3609, 'Makutupora', 62),
(3610, 'Kintinku', 62),
(3611, 'Maweni', 62),
(3612, 'Manyoni', 62),
(3613, 'Mkwese', 62),
(3614, 'Muhalala', 62),
(3616, 'Kinyangiri', 60),
(3617, 'Iguguno', 60),
(3618, 'Kikhonda', 60),
(3619, 'Tumuli', 60),
(3620, 'Msingi', 60),
(3621, 'Mwanga', 60),
(3622, 'Nkalakala', 60),
(3623, 'Ilunda', 60),
(3624, 'Nduguti', 60),
(3625, 'Miganga', 60),
(3626, 'Ibaga', 60),
(3627, 'Matongo', 60),
(3628, 'Mwangeza', 60),
(3629, 'Mpambala', 60),
(3630, 'Mtinko', 65),
(3631, 'Kijota', 65),
(3632, 'Mudida', 65),
(3633, 'Makuro', 65),
(3634, 'Ughandi', 65),
(3635, 'Ughandi', 65),
(3636, 'Msisi', 65),
(3637, 'Ngimu', 65),
(3638, 'Itaja', 65),
(3639, 'Mgori', 65),
(3640, 'Ilongero', 65),
(3641, 'Mughunga', 65),
(3642, 'Mrama', 65),
(3643, 'Ikhanoda', 65),
(3644, 'Mwasauya', 65),
(3645, 'Kinyeto', 65),
(3646, 'Ntonge', 65),
(3647, 'Kinyeto', 65),
(3648, 'Mughamo', 65),
(3649, 'Msange', 65),
(3650, 'Maghojoa', 65),
(3651, 'Kinyagigi', 65),
(3652, 'Merya', 65),
(3653, 'Bupigu', 141),
(3654, 'Isongole', 141),
(3655, 'Chitete', 141),
(3656, 'Mbebe', 141),
(3657, 'Ibaba', 141),
(3658, 'Itale', 141),
(3659, 'Mlale', 141),
(3660, 'Itumba', 141),
(3661, 'Ndola', 141),
(3662, 'Malangali', 141),
(3663, 'Ikinga', 141),
(3664, 'Kalembo', 141),
(3666, 'Ngulilo', 141),
(3667, 'Ngulugulu', 141),
(3668, 'Kafule', 141),
(3669, 'Lubanda', 141),
(3670, 'Ipuli', 74),
(3671, 'Mpela', 74),
(3672, 'Kitete', 74),
(3673, 'Chemchem', 74),
(3674, 'Mwinyi', 74),
(3675, 'Ng\'ambo', 74),
(3676, 'Kidongochekundu', 74),
(3677, 'Kiloleni', 74),
(3678, 'Mapambano', 74),
(3679, 'Mtendeni', 74),
(3680, 'Malolo', 74),
(3681, 'Tambuka-Reli', 74),
(3682, 'Isevya', 74),
(3683, 'Gongoni', 74),
(3684, 'Kanyenye', 74),
(3685, 'Mbugani', 74),
(3686, 'Cheyo', 74),
(3687, 'Ndevelwa', 74),
(3688, 'Kalunde', 74),
(3689, 'Uyui', 74),
(3690, 'Tumbi', 74),
(3691, 'Itonjanda', 74),
(3692, 'Ikomwa', 74),
(3693, 'Ifucha', 74),
(3694, 'Kabila', 74),
(3695, 'Misha', 74),
(3696, 'Kakola', 74),
(3697, 'Itetemia', 74),
(3698, 'Ntalikwa', 74),
(3710, 'Ufukutwa', 70),
(3712, 'Ukumbi Siganga', 70),
(3713, 'Zugimlole', 70),
(3714, 'Kamsekwa', 70),
(3715, 'Igagala', 70),
(3716, 'Usinge', 70),
(3717, 'Usenye', 70),
(3718, 'Kazaroho', 70),
(3719, 'Usimba', 70),
(3720, 'Igwisi', 70),
(3721, 'Ushokola', 70),
(3722, 'Mwongozo', 70),
(3723, 'Kanoge', 70),
(3724, 'Uyowa', 70),
(3725, 'Silambo', 70),
(3726, 'Ichemba', 70),
(3727, 'Nhwande*', 70),
(3728, 'Makingi', 70),
(3729, 'Milambo', 70),
(3730, 'Igombemkulu', 70),
(3731, 'Mkindo', 70),
(3732, 'Kashishi', 70),
(3733, 'Seleli', 70),
(3734, 'Sasu', 70),
(3735, 'Kona Nne', 70),
(3736, 'Ilege', 70),
(3737, 'Isanzu', 71),
(3738, 'Nata', 71),
(3739, 'Lusu', 71),
(3740, 'Mwasala', 71),
(3741, 'Muhugi', 71),
(3742, 'Utwigu', 71),
(3743, 'Mwantundu', 71),
(3744, 'Wela', 71),
(3745, 'Budushi', 71),
(3746, 'Puge', 71),
(3747, 'Milambo Itobo', 71),
(3748, 'Magengati', 71),
(3749, 'Nkiniziwa', 71),
(3750, 'Mbagwa', 71),
(3751, 'Tongi', 71),
(3752, 'Mizibaziba', 71),
(3753, 'Ndala', 71),
(3754, 'Mwakashanhala', 71),
(3755, 'Ugembe', 71),
(3756, 'Isagenhe', 71),
(3757, 'Mogwa', 71),
(3758, 'Mambali', 71),
(3759, 'Mbutu', 71),
(3760, 'Kahamanhalanga', 71),
(3761, 'Semembela', 71),
(3762, 'Ikindwa', 71),
(3763, 'Bukene', 71),
(3764, 'Uduka', 71),
(3765, 'Shigamba', 71),
(3766, 'Sigili', 71),
(3767, 'Itobo', 71),
(3768, 'Karitu', 71),
(3769, 'Kasela', 71),
(3770, 'Mwangoye', 71),
(3771, 'Igusule', 71),
(3772, 'Mwamala', 71),
(3773, 'Sikonge', 73),
(3774, 'Mkolye', 73),
(3775, 'Misheni', 73),
(3776, 'Kisanga', 73),
(3777, 'Chabutwa', 73),
(3778, 'Ipole', 73),
(3779, 'Ngoywa', 73),
(3780, 'Tutuo', 73),
(3781, 'Mole', 73),
(3782, 'Kiloleli', 73),
(3783, 'Kipanga', 73),
(3784, 'Usunga', 73),
(3785, 'Igigwa', 73),
(3786, 'Nyahua', 73),
(3787, 'Pangale', 73),
(3788, 'Mpombwe', 73),
(3789, 'Kipili', 73),
(3790, 'Kilumbi', 73),
(3791, 'Kiloli', 73),
(3792, 'Kitunda', 73),
(3793, 'Ibiri', 76),
(3794, 'Usagari', 76),
(3795, 'Ilolangulu', 76),
(3796, 'Isila', 76),
(3797, 'Mabama', 76),
(3798, 'Kalola', 76),
(3799, 'Ndono', 76),
(3800, 'Ufuluma', 76),
(3801, 'Makazi', 76),
(3802, 'Miyenze', 76),
(3803, 'Miswaki', 76),
(3804, 'Loya', 76),
(3805, 'Goweko', 76),
(3806, 'Tura', 76),
(3807, 'Nsololo', 76),
(3808, 'Kigwa', 76),
(3809, 'Igalula', 76),
(3810, 'Kizengi', 76),
(3811, 'Lutende', 76),
(3812, 'Mmale', 76),
(3813, 'Bukumbi', 76),
(3814, 'Magiri', 76),
(3815, 'Igulungu', 76),
(3816, 'Upuge', 76),
(3817, 'Shitage', 76),
(3818, 'Ibelamilundi', 76),
(3819, 'Nsimbo', 76),
(3820, 'Isikizya', 76),
(3821, 'Ikongolo', 76),
(3822, 'Nzubuka', 76),
(3823, 'Kiloleni', 75),
(3824, 'Usisya', 75),
(3825, 'Ussoke', 75),
(3826, 'Uyumbu', 75),
(3827, 'Ugalla', 75),
(3828, 'Kapilula', 75),
(3829, 'Itundu', 75),
(3830, 'Kasisi', 75),
(3831, 'Imalamakoye', 75),
(3832, 'Nsenda', 75),
(3833, 'Vumilia', 75),
(3834, 'Songambele', 75),
(3835, 'Uyogo', 75),
(3836, 'Ukondamoyo', 75),
(3837, 'Muungano', 75),
(3838, 'Mchikichini', 75),
(3839, 'Kiyungi', 75),
(3840, 'Urambo', 75),
(3841, 'Mlimani', 36),
(3843, 'Msasa', 36),
(3846, 'Vibaoni', 36),
(3847, 'Chanika', 36),
(3848, 'Mdoe', 36),
(3851, 'Malezi', 36),
(3852, 'Mabanda', 36),
(3853, 'Old Korogwe', 327),
(3856, 'Manundu', 327),
(3857, 'Majengo', 327),
(3858, 'Mtonga', 327),
(3859, 'Magunga', 327),
(3860, 'Masuguru', 327),
(3861, 'Mgombezi', 327),
(3862, 'Kwamsisi', 327),
(3863, 'Kwamndolwa', 327),
(3865, 'Ngamiani Kusini', 33),
(3866, 'Majengo', 33),
(3867, 'Msambweni', 33),
(3868, 'Mwanzange', 33),
(3869, 'Mabawa', 33),
(3870, 'Magaoni', 33),
(3871, 'Ngamiani Kaskazini', 33),
(3872, 'Central', 33),
(3873, 'Usagara', 33),
(3874, 'Makorora', 33),
(3875, 'Mzingani', 33),
(3876, 'Mnyanjani', 33),
(3877, 'Pongwe', 33),
(3878, 'Tangasisi', 33),
(3879, 'Masiwani', 33),
(3880, 'Tongoni', 33),
(3881, 'Marungu', 33),
(3882, 'Kirare', 33),
(3884, 'Duga', 33),
(3885, 'Chumbageni', 33),
(3886, 'Nguvumali', 33),
(3887, 'Kiomoni', 33),
(3888, 'Mzizima', 33),
(3889, 'Mabokweni', 33),
(3890, 'Chongoleani', 33),
(3891, 'Igurubi', 69),
(3892, 'Itunduru', 69),
(3893, 'Kinungu', 69),
(3894, 'Mwamashimba', 69),
(3895, 'Mwamakona', 69),
(3896, 'Mwamashiga', 69),
(3897, 'Kining\'inila', 69),
(3898, 'Nkinga', 69),
(3899, 'Ndembezi', 69),
(3900, 'Nyandekwa', 69),
(3901, 'Ugaka', 69),
(3902, 'Kitangili', 69),
(3903, 'Chomachankola', 69),
(3904, 'Mwashikumbili', 69),
(3905, 'Ngulu', 69),
(3906, 'Ntobo', 69),
(3907, 'Ziba', 69),
(3908, 'Iborogelo', 69),
(3909, 'Sungwizi', 69),
(3910, 'Mwamala', 69),
(3911, 'Simbo', 69),
(3912, 'Igoweko', 69),
(3913, 'Chabutwa', 69),
(3914, 'Mwisi', 69),
(3915, 'Uswaya', 69),
(3916, 'Tambalale', 69),
(3917, 'Mbutu', 69),
(3918, 'Bukoko', 69),
(3919, 'Itumba', 69),
(3920, 'Lugubu', 69),
(3921, 'Nanga', 69),
(3922, 'Nguvumoja', 69),
(3923, 'Mtunguru', 69),
(3924, 'Isakamaliwa', 69),
(3925, 'Igunga', 69),
(3926, 'Kwamatuku', 36),
(3927, 'Misima', 36),
(3928, 'Sindeni', 36),
(3929, 'Kwamsisi', 36),
(3930, 'Kwasunga', 36),
(3931, 'Segera', 36),
(3932, 'Kwedizinga', 36),
(3933, 'Kwamgwe', 36),
(3934, 'Kabuku', 36),
(3935, 'Komkonga', 36),
(3936, 'Ndolwa', 36),
(3937, 'Kabuku Ndani', 36),
(3938, 'Mgambo', 36),
(3939, 'Kwankonje', 36),
(3940, 'Kwachaga', 36),
(3941, 'Kwaluguru', 36),
(3942, 'Kang\'ata', 36),
(3943, 'Mkata', 36),
(3944, 'Kitumbi', 36),
(3945, 'Mazingara', 36),
(3946, 'Lwande', 39),
(3947, 'Pagwi', 39),
(3948, 'Kikunde', 39),
(3949, 'Tunguli', 39),
(3950, 'Kilwa', 39),
(3951, 'Kwekivu', 39),
(3952, 'Bokwa', 39),
(3953, 'Songe', 39),
(3954, 'Masagalu', 39),
(3955, 'Negero', 39),
(3956, 'Kimbe', 39),
(3957, 'Kilindi', 39),
(3958, 'Msanja', 39),
(3959, 'Mabalanga', 39),
(3960, 'Jaila', 39),
(3961, 'Mkindi', 39),
(3962, 'Kwediboma', 39),
(3963, 'Kisangasa', 39),
(3964, 'Mvungwe', 39),
(3965, 'Kibirashi', 39),
(3966, 'Saunyi', 39),
(3967, 'Kilole', 100),
(3968, 'Mlola', 100),
(3969, 'Ngwelo', 100),
(3970, 'Makanya', 100),
(3971, 'Malibwi', 100),
(3972, 'Mbwei', 100),
(3973, 'Kwekanga', 100),
(3974, 'Mng\'aro', 100),
(3975, 'Mbaramo', 100),
(3976, 'Sunga', 100),
(3977, 'Mbaru', 100),
(3978, 'Mtae', 100),
(3979, 'Shagayu', 100),
(3980, 'Rangwi', 100),
(3981, 'Malindi', 100),
(3982, 'Kwemshasha', 100),
(3983, 'Mwangoi', 100),
(3984, 'Lukozi', 100),
(3985, 'Manolo', 100),
(3986, 'Mlalo', 100),
(3987, 'Dule \'M\'', 100),
(3988, 'Shume', 100),
(3989, 'Hemtoye', 100),
(3990, 'Kwai', 100),
(3991, 'Migambo', 100),
(3992, 'Gare', 100),
(3993, 'Ngulwi', 100),
(3994, 'Ubiri', 100),
(3995, 'Kwemashai', 100),
(3996, 'Magamba', 100),
(3997, 'Bosha', 17),
(3999, 'Kisiwani', 21),
(4000, 'Amani', 21),
(4001, 'Misalai', 21),
(4002, 'Mbomole', 21),
(4003, 'Kwezitu', 21),
(4004, 'Zirai', 21),
(4005, 'Nkumba', 21),
(4006, 'Tongwe', 21),
(4007, 'Songa', 21),
(4008, 'Mhamba', 21),
(4009, 'Bwembwera', 21),
(4010, 'Kwafungo', 21),
(4011, 'Makole', 21),
(4012, 'Potwe', 21),
(4013, 'Lusanga', 21),
(4014, 'Misozwe', 21),
(4015, 'Kwemingoji', 21),
(4016, 'Kicheba', 21),
(4017, 'Kwakifua', 21),
(4018, 'Tingeni', 21),
(4019, 'Magoroto', 21),
(4020, 'Mkuzi', 21),
(4021, 'Mtindiro', 21),
(4022, 'Kwabada', 21),
(4023, 'Kilulu', 21),
(4024, 'Magila', 21),
(4025, 'Masuguru', 21),
(4026, 'Kwemkabala', 21),
(4027, 'Mbaramo', 21),
(4028, 'Tanganyika', 21),
(4029, 'Majengo', 21),
(4030, 'Genge', 21),
(4031, 'Pangani Magharibi', 28),
(4032, 'Bweni', 28),
(4033, 'Mwera', 28),
(4034, 'Tungamaa', 28),
(4035, 'Mkalamo', 28),
(4036, 'Bungu', 8),
(4037, 'Chekelei', 8),
(4038, 'Dindira', 8),
(4039, 'Foroforo', 8),
(4040, 'Kalalani', 8),
(4042, 'Kizara', 8),
(4043, 'Kwagunda', 8),
(4044, 'Kwashemshi', 8),
(4045, 'Lewa', 8),
(4046, 'Lutindi', 8),
(4047, 'Magamba kwalukonge', 8),
(4048, 'Magila Gereza', 8),
(4049, 'Mazinde', 8),
(4050, 'Mgwashi', 8),
(4051, 'Mkalamo', 8),
(4052, 'Mkomazi', 8),
(4054, 'Mlungui', 8),
(4055, 'Mombo', 8),
(4056, 'Mpale', 8),
(4057, 'Vugiri', 8),
(4058, 'Luswisi', 141),
(4059, 'Sange', 141),
(4060, 'Majengo', 316),
(4061, 'Mpande', 316),
(4062, 'Chapwa', 316),
(4063, 'Maporomoko', 316),
(4064, 'Kaloleni', 316),
(4065, 'Sogea', 316),
(4066, 'Makambini', 316),
(4068, 'Katete', 316),
(4069, 'Mpemba', 316),
(4071, 'Muungano', 316),
(4072, 'Mwakakati', 316),
(4073, 'Chipaka', 316),
(4074, 'Uwanjani', 316),
(4080, 'Sogea', 316),
(4082, 'Tunduma', 316),
(4084, 'Mpemba', 316),
(4085, 'Chiwezi', 316),
(4090, 'Iyula', 127),
(4091, 'Idiwili', 127),
(4092, 'Mahenje', 127),
(4093, 'Mlangali', 127),
(4094, 'Nanyala', 127),
(4095, 'Ruanda', 127),
(4096, 'Isansa', 127),
(4097, 'Magamba', 127),
(4099, 'Msia', 127),
(4100, 'Isalalo', 127),
(4101, 'Igamba', 127),
(4102, 'Shiwinga', 127),
(4103, 'Itaka', 127),
(4104, 'Nambinzo', 127),
(4105, 'Bara', 127),
(4106, 'Halungu', 127),
(4107, 'Ipunga', 127),
(4108, 'Ihanda', 127),
(4109, 'Ukwile', 127),
(4110, 'Kilimampimbi', 127),
(4111, 'Nyimbili', 127),
(4112, 'Hezya', 127),
(4113, 'Mlowo', 127),
(4114, 'Vwawa', 127),
(4115, 'Ilolo', 127),
(4116, 'Ichenjezya', 127),
(4117, 'Hasanga', 127),
(4119, 'Ndalambo', 127),
(4121, 'Myunga', 127),
(4122, 'Nzoka', 127),
(4126, 'Mpapa', 127),
(4130, 'Mkulwe', 127),
(4131, 'Msangano', 127),
(4133, 'Gua', 317),
(4134, 'Ngwala', 317),
(4135, 'Kapalala', 317),
(4136, 'Udinde', 317),
(4137, 'Mbangala', 317),
(4138, 'Saza', 317),
(4139, 'Mkwajuni', 317),
(4140, 'Mwambani', 317),
(4141, 'Totowe', 317),
(4142, 'Mpona', 317),
(4143, 'Namkukwe', 317),
(4144, 'Manda', 317),
(4145, 'Magamba', 317),
(4146, 'Galula', 317),
(4147, 'Mbuyuni', 317),
(4148, 'Changombe', 317),
(4149, 'Kanga', 317),
(4150, 'Ifwenkenya', 317),
(4151, 'Mamba', 318),
(4152, 'Mbuzii', 318),
(4153, 'Usambara', 318),
(4154, 'Vuga', 318),
(4155, 'Mponde', 318),
(4156, 'Soni', 318),
(4157, 'Funta', 318),
(4158, 'Bumbuli', 318),
(4159, 'Dule \"B\"', 318),
(4160, 'Mahezangulu', 318),
(4162, 'Kisiwani', 318),
(4163, 'Tamota', 318),
(4164, 'Milingano', 318),
(4165, 'Kwemkomole', 318),
(4166, 'Nkongoi', 318),
(4167, 'Baga', 318),
(4168, 'Mgwashi', 318),
(4169, 'Naliendele', 312),
(4170, 'Ufukoni', 312),
(4171, 'Magomeni', 312),
(4172, 'Likombe', 312),
(4173, 'Mtawanya', 312),
(4174, 'Majengo', 312),
(4175, 'Vigaeni', 312),
(4176, 'Chikongola', 312),
(4177, 'Tandika', 312),
(4178, 'Rahaleo', 312),
(4179, 'Shangani', 312),
(4180, 'Reli', 312),
(4181, 'Chuno', 312),
(4182, 'Mitengo', 312),
(4183, 'Kisungule', 312),
(4184, 'Mtonya', 312),
(4185, 'Magengeni', 312),
(4186, 'Jangwani', 312),
(4187, 'Naliendele', 314),
(4188, 'Ufukoni', 314),
(4189, 'Magomeni', 314),
(4190, 'Likombe', 314),
(4191, 'Mtawanya', 314),
(4193, 'Vigaeni', 314),
(4194, 'Chikongola', 314),
(4195, 'Tandika', 314),
(4196, 'Rahaleo', 314),
(4197, 'Shangani', 314),
(4198, 'Reli', 314),
(4199, 'Chuno', 314),
(4200, 'Mitengo', 314),
(4201, 'Kisungule', 314),
(4202, 'Mtonya', 314),
(4210, 'Majengo', 314),
(4222, 'Jangwani', 314),
(4223, 'Nanyamba', 313),
(4224, 'Dinyecha', 313),
(4225, 'Nyundo', 313),
(4227, 'Mbembaleo', 313),
(4228, 'Milangominne', 313),
(4229, 'Mnongodi', 313),
(4231, 'Njengwa', 313),
(4232, 'Mtimbwilimbwi', 313),
(4233, 'Hinju', 313),
(4234, 'Mtiniko', 313),
(4235, 'Chawi', 313),
(4236, 'Kiromba', 313),
(4237, 'Kiyanga', 313),
(4239, 'Mnima', 313),
(4241, 'Kasansa', 314),
(4242, 'Majimoto', 314),
(4243, 'Kibingo', 315),
(4244, 'Bugomora', 315),
(4245, 'Kibare', 315),
(4246, 'Kaisho', 315),
(4247, 'Rutunguru', 315),
(4248, 'Isingiro', 315),
(4249, 'Kyerwa', 315),
(4250, 'Nyaruzumbura', 315),
(4251, 'Businde', 315),
(4252, 'Bugara', 315),
(4253, 'Mabira', 315),
(4254, 'Nyakatuntu', 315),
(4255, 'Kamuli', 315),
(4256, 'Kitwe', 315),
(4257, 'Kimuli', 315),
(4258, 'Kakanja', 315),
(4259, 'Kikukuru', 315),
(4260, 'Rwabwere', 315),
(4261, 'Iteera', 315),
(4262, 'Nkwenda', 315),
(4263, 'Rukuraijo', 315),
(4264, 'Kitwechenkura', 315),
(4265, 'Songambele', 315),
(4266, 'Maghorofani', 0),
(4267, 'Maweni', 0),
(4268, 'Mkuyuni', 0),
(4269, 'Image', 0),
(4270, 'Mkalama \'A\'', 0),
(4271, 'Mkalama \'B\'', 0),
(4273, 'Iringa Mvumi Mpya', 57),
(4274, 'Chemba', 59),
(4275, 'Tumbakose', 59),
(4276, 'Ilasee', 59),
(4278, 'Busi', 55),
(4279, 'Lumuma', 52),
(4280, 'Ngukumo', 71),
(4281, 'Ishozi', 132),
(4282, 'Bwanjai', 132),
(4283, 'Ishunju', 132),
(4284, 'Buyango', 132),
(4285, 'Ruzinga', 132),
(4286, 'Bugandika', 132),
(4287, 'Kitobo', 132),
(4288, 'Gera', 132),
(4289, 'Kanyigo', 132),
(4290, 'Kashenye', 132),
(4291, 'Bugorora', 132),
(4292, 'Mushasha', 132),
(4293, 'Kyaka', 132),
(4294, 'Kilimilile', 132),
(4295, 'Mabale', 132),
(4296, 'Kassambya', 132),
(4297, 'Minziro', 132),
(4298, 'Nsunga', 132),
(4299, 'Mutukula', 132),
(4301, 'Kamagambo', 133),
(4302, 'Kiruruma', 133),
(4303, 'Igurwa', 133),
(4304, 'Kanoni', 133),
(4305, 'Kihanga', 133),
(4306, 'Chanika', 133),
(4307, 'Kituntu', 133),
(4308, 'Ndama', 133),
(4309, 'Rugera', 133),
(4310, 'Chonyonyo', 133),
(4311, 'Nyakahanga', 133),
(4312, 'Kayanga', 133),
(4313, 'Bugene', 133),
(4314, 'Ihanda', 133),
(4315, 'Matongo', 64),
(4316, 'Ighuka', 64),
(4318, 'Mbwanjiki', 64),
(4319, 'Mgungira', 64),
(4320, 'Rulanda', 128),
(4321, 'Kiloleli', 287),
(4322, 'Mwamanyili', 287),
(4323, 'Nyashimo', 287),
(4324, 'Nyaluhande', 287),
(4325, 'Shigala', 287),
(4326, 'Badugu', 287),
(4327, 'Kabita', 287),
(4328, 'Kalemela', 287),
(4329, 'Lamadi', 287),
(4330, 'Mkula', 287),
(4331, 'Lutubiga', 287),
(4332, 'Igalukilo', 287),
(4333, 'Malili', 287),
(4334, 'Ngasamo', 287),
(4335, 'Imalamate', 287),
(4336, 'Mwamalole', 187),
(4337, 'Mwamanimba', 187),
(4338, 'Bukundi', 187),
(4339, 'Mwanjolo', 187),
(4340, 'Mbushi', 187),
(4341, 'Mwamanongu', 187),
(4342, 'Imalaseko', 187),
(4343, 'Mwabuzo', 187),
(4344, 'Ng\'hoboko', 187),
(4345, 'Kabondo', 187),
(4346, 'Mwandoya', 187),
(4347, 'Mwabuma', 187),
(4348, 'Tindabuligi', 187),
(4349, 'Sakasaka', 187),
(4350, 'Mwakisandu', 187),
(4351, 'Mwabusalu', 187),
(4352, 'Mwasengela', 187),
(4353, 'Lingeka', 187),
(4354, 'Kisesa', 187),
(4355, 'Nkoma', 187),
(4356, 'Itinje', 187),
(4357, 'Isengwa', 187),
(4358, 'Kimali', 187),
(4359, 'Lubiga', 187),
(4360, 'Mbugayabanghya', 187),
(4361, 'Mwangudo', 187),
(4362, 'Mwamishali', 187),
(4363, 'Mwanyahina', 187),
(4364, 'Mwanhuzi', 187),
(4365, 'Buchambi', 193),
(4366, 'Mwamashimba', 193),
(4367, 'Zanzui', 193),
(4368, 'Isanga', 193),
(4369, 'Busangi', 193),
(4370, 'Masela', 193),
(4371, 'Seng\'wa', 193),
(4372, 'Lalago', 193),
(4373, 'Mbaragane', 193),
(4374, 'Dakama', 193),
(4375, 'Sangamwalugesha', 193),
(4376, 'Budekwa', 193),
(4377, 'Mwabaratulu', 193),
(4378, 'Busilili', 193),
(4379, 'Bugarama', 193),
(4380, 'Sukuma', 193),
(4381, 'Ng\'wigwa', 193),
(4382, 'Nguliguli', 193),
(4383, 'Mwamanenge', 193),
(4384, 'Mpindo', 193),
(4385, 'Senani', 193),
(4386, 'Ipililo', 193),
(4387, 'Malampaka', 193),
(4388, 'Mataba', 193),
(4389, 'Badi', 193),
(4390, 'Nyabubinza', 193),
(4391, 'Mwang\'honoli', 193),
(4392, 'Kulimi', 193),
(4393, 'Mwabayanda', 193),
(4394, 'Kadoto', 193),
(4395, 'Shishiyu', 193),
(4396, 'Jija', 193),
(4397, 'Binza', 193),
(4398, 'Sola', 193),
(4399, 'Nyalikungu', 193),
(4400, 'Shanwa', 193),
(4401, 'Kalangali', 61),
(4402, 'Chikola', 62),
(4403, 'Heka', 62),
(4404, 'Makanda', 62),
(4405, 'Kinampundu', 60),
(4406, 'Gumanga', 60),
(4407, 'Nkinto', 60),
(4408, 'Mwembesongo', 297),
(4409, 'Mafisa', 297),
(4410, 'Kingolwira', 297),
(4411, 'Tungi', 297),
(4412, 'Mzinga', 297),
(4413, 'Luhungo', 297),
(4414, 'Kauzeni', 297),
(4415, 'Magadu', 297),
(4416, 'Mbuyuni', 297),
(4417, 'Lukobe', 297),
(4418, 'Mkundi', 297),
(4419, 'Kihonda', 297),
(4420, 'Chamwino', 297),
(4421, 'Kihonda Maghorofani', 297),
(4422, 'Mindu', 297),
(4423, 'Mazimbu', 297),
(4424, 'Uwanja wa Taifa', 297),
(4425, 'Mji Mpya', 297),
(4426, 'Saba Saba', 297),
(4427, 'Boma', 297),
(4428, 'Kiwanja cha Ndege', 297),
(4429, 'Sultan Area', 297),
(4430, 'Mafiga', 297),
(4431, 'Bigwa', 297),
(4432, 'Mlimani', 297),
(4433, 'Kingo', 297),
(4434, 'Kichangani', 297),
(4435, 'Kilakala', 297),
(4436, 'Mji Mkuu', 297),
(4437, 'Ifakara', 208),
(4438, 'Katindiuka', 208),
(4439, 'Lipangalala', 208),
(4440, 'Mlabani', 208),
(4441, 'Viwanjasitini', 208),
(4442, 'Michenga', 208),
(4443, 'Lumemo', 208),
(4444, 'Kibaoni', 208),
(4445, 'Mbasa', 208),
(4446, 'Kimamba A', 42),
(4447, 'Kimamba  B', 42),
(4448, 'Rudewa', 42),
(4449, 'Lumbiji', 42),
(4450, 'Chanzuru', 42),
(4451, 'Madoto', 42),
(4452, 'Magole', 42),
(4453, 'Mbigiri', 42),
(4454, 'Dumila', 42),
(4455, 'Kitete', 42),
(4456, 'Msowero', 42),
(4457, 'Mvumi', 42),
(4458, 'Magubike', 42),
(4459, 'Maguha', 42),
(4460, 'Berega', 42),
(4461, 'Mabula', 42),
(4462, 'Mamboya', 42),
(4463, 'Mtumbatu', 42),
(4464, 'Kidete', 42),
(4465, 'Lumuma', 42),
(4466, 'Ulaya', 42),
(4467, 'Mhenda', 42),
(4468, 'Zombo', 42),
(4469, 'Parakuyo', 42),
(4470, 'Mabwerebwere', 42),
(4471, 'Tindiga', 42),
(4472, 'Masanze', 42),
(4473, 'Kilangali', 42),
(4474, 'Kidodi', 42),
(4475, 'Ruaha', 42),
(4476, 'Malolo', 42),
(4477, 'Vidunda', 42),
(4478, 'Kisanga', 42),
(4479, 'Ruhembe', 42),
(4480, 'Uleling\'ombe', 42),
(4481, 'Mikumi', 42),
(4482, 'Magomeni', 42),
(4483, 'Kasiki', 42),
(4484, 'Mkwatani', 42),
(4485, 'Mbumi', 42),
(4527, 'Itete', 41),
(4528, 'Njiwa', 41),
(4529, 'Mtimbira', 41),
(4530, 'Usangule', 41),
(4531, 'Sofi', 41),
(4532, 'Malinyi', 41),
(4533, 'Igawa', 41),
(4534, 'Biro', 41),
(4535, 'Ngoheranga', 41),
(4536, 'Kilosa Mpepo', 41),
(4537, 'Mkambalani', 40),
(4538, 'Mikese', 40),
(4539, 'Gwata', 40),
(4540, 'Ngerengere', 40),
(4541, 'Matuli', 40),
(4542, 'Kidugalo', 40),
(4543, 'Mkulazi', 40),
(4544, 'Tununguo', 40),
(4545, 'Mkuyuni', 40),
(4546, 'Kibuko', 40),
(4547, 'Kinole', 40),
(4548, 'Tegetero', 40),
(4549, 'Kiroka', 40),
(4550, 'Tomondo', 40),
(4551, 'Kibogwa', 40),
(4552, 'Mtombozi', 40),
(4553, 'Lundi', 40),
(4554, 'Kibungo', 40),
(4555, 'Tawa', 40),
(4556, 'Kisemu', 40),
(4557, 'Konde', 40),
(4558, 'Mvuha', 40),
(4559, 'Selembala', 40),
(4560, 'Kasanga', 40),
(4561, 'Bungu', 40),
(4562, 'Kolero', 40),
(4563, 'Kisaki', 40),
(4564, 'Singisa', 40),
(4565, 'Bwakira Juu', 40),
(4566, 'Bwakira Chini', 40),
(4567, 'Mngazi', 40),
(4568, 'Lupiro', 43),
(4569, 'Milola', 43),
(4570, 'Minepa', 43),
(4571, 'Kichangani', 43),
(4572, 'Iragua', 43),
(4573, 'Vigoi', 43),
(4574, 'Nawenge', 43),
(4575, 'Msogezi', 43),
(4576, 'Mahenge Mjini', 43),
(4577, 'Mawasiliano', 43),
(4578, 'Uponera', 43),
(4579, 'Isongo', 43),
(4580, 'Mwaya', 43),
(4581, 'Lukande', 43),
(4582, 'Mbuga', 43),
(4583, 'Ilonga', 43),
(4584, 'Ketaketa', 43),
(4585, 'Chilombola', 43),
(4586, 'Ruaha', 43),
(4587, 'Sali', 43),
(4588, 'Euga', 43),
(4589, 'Melela', 44),
(4590, 'Mangae', 44),
(4591, 'Mlali', 44),
(4592, 'Homboza', 44),
(4593, 'Mzumbe', 44),
(4594, 'Lubungo', 44),
(4595, 'Doma', 44),
(4596, 'Msongozi', 44),
(4597, 'Langali', 44),
(4598, 'Mgeta', 44),
(4599, 'Bunduki', 44),
(4600, 'Kikeo', 44),
(4601, 'Luale', 44),
(4602, 'Tchenzema', 44),
(4603, 'Nyandira', 44),
(4604, 'Mvomero', 44),
(4605, 'Dakawa', 44),
(4606, 'Hembeti', 44),
(4607, 'Mkindo', 44),
(4608, 'Pemba', 44),
(4609, 'Kibati', 44),
(4610, 'Maskati', 44),
(4611, 'Kinda', 44),
(4612, 'Mhonda', 44),
(4613, 'Kweuma', 44),
(4614, 'Sungaji', 44),
(4615, 'Mtibwa', 44),
(4616, 'Diongoya', 44),
(4617, 'Kanga', 44),
(4618, 'Mziha', 44),
(4619, 'Chisano', 361),
(4620, 'Idete', 361),
(4621, 'Mang\'ula', 208),
(4622, 'Masagati', 361),
(4623, 'Namwawala', 361),
(4624, 'XNone 1', 361),
(4625, 'Uchindile', 361),
(4626, 'Masukulu', 91),
(4627, 'Masoko', 91),
(4628, 'Ilima', 91),
(4629, 'Matwebe', 91),
(4630, 'Kisiba', 91),
(4631, 'Bujela', 91),
(4632, 'Kinyala', 91),
(4633, 'Swaya', 91),
(4634, 'Suma', 91),
(4635, 'Ndanto', 91),
(4637, 'Kimala', 51),
(4639, 'Nyololo', 199),
(4640, 'Kimala', 51),
(4641, 'Ilula', 51),
(4644, 'Nyololo', 323),
(4646, 'Maduma', 199),
(4647, 'Ulanda', 200),
(4649, 'SADANI', 199),
(4650, 'Mpangatazara', 199),
(4651, 'Bagamoyo', 327),
(4653, 'Mayo', 318),
(4654, 'Mkalamo', 36),
(4656, 'Lugalo', 324),
(4657, 'Nyanzwa', 324),
(4659, 'Idodi', 200),
(4662, 'IGOWOLE', 199),
(4663, 'Makumba', 8),
(4664, 'Makole', 21),
(4665, 'Ukumbi', 324),
(4666, 'Boma', 279),
(4667, 'Wambi', 279),
(4668, 'Sao hill', 279),
(4669, 'Changarawe', 279),
(4671, 'Mtitu', 324),
(4673, 'IGOMBAVANU', 199),
(4675, 'Rungemba', 279),
(4682, 'Ruahambuyuni', 324),
(4683, 'Mahenge', 324),
(4684, 'Kinyanambo', 279),
(4687, 'Bomalang\'ombe', 324),
(4688, 'Ibumu', 328),
(4692, 'Kimala', 324),
(4693, 'Ukwega', 324),
(4694, 'Kising\'a', 324),
(4707, 'Ng\'ang\'ange', 324),
(4708, 'Ihimbo', 324),
(4709, 'Image', 324),
(4711, 'Ibumu', 324),
(4712, 'Irole', 324),
(4713, 'Uhambingeto', 324),
(4721, 'MGOMBEZI', 330),
(4722, 'KWAMSISI', 330),
(4723, 'KWAMNDOLWA', 330),
(4724, 'KILOLE', 330),
(4725, 'MAGUNGA', 330),
(4726, 'MASUGURU', 330),
(4727, 'MANUNDU', 330),
(4728, 'MAJENGO', 330),
(4729, 'MTONGA', 330),
(4730, 'BAGAMOYO', 330),
(4731, 'OLD KOROGWE', 330),
(4732, 'Kasanga', 199),
(4735, 'Isalavanu', 279),
(4736, 'Ng\'uruhe', 324),
(4737, 'Ilula', 324),
(4738, 'Nyalumbu', 324),
(4739, 'Dabaga', 324),
(4740, 'Mlafu', 324),
(4741, 'Lyambamgongo', 145),
(4742, 'Uyovu', 145),
(4743, 'Bukoli', 148),
(4744, 'Kakubilo', 144),
(4745, 'Nyanghwale', 149),
(4746, 'Nyanguku', 144),
(4747, 'Ihanamilo', 144),
(4748, 'Bung\'wangoko', 144),
(4749, 'Bulela', 144),
(4750, 'Shiloleli', 144),
(4751, 'Luilo', 67),
(4753, 'Iwale', 67),
(4754, 'Kilondo', 67),
(4755, 'Matembwe', 259),
(4756, 'Ikuna', 195),
(4757, 'Ninga', 195),
(4758, 'Kipagalo', 195),
(4759, 'Luwumbu', 195),
(4760, 'Lupila', 68),
(4761, 'Mbalatse', 68),
(4763, 'Kigulu', 68),
(4764, 'Matamba', 68),
(4765, 'Kinyika', 68),
(4766, 'Kitulo', 68),
(4767, 'Itundu', 68),
(4768, 'Mlondwe', 68),
(4769, 'Ikuwo', 68),
(4770, 'Kigala', 68),
(4771, 'Mfumbi', 68),
(4772, 'Mfumbi', 68),
(4773, 'Tandala', 68),
(4774, 'Mang\'oto', 68),
(4775, 'Isapulano', 68),
(4776, 'Lupalilo', 68),
(4778, 'Itulahumba', 197),
(4779, 'Uwemba', 271),
(4780, 'Uwemba', 271),
(4781, 'Kifanya', 271),
(4782, 'Makowo', 271),
(4783, 'Matole', 271),
(4784, 'Yakola', 271),
(4785, 'Iwungilo', 271),
(4786, 'Lugenge', 271),
(4787, 'Ihanga', 271),
(4788, 'Utalingolo', 271),
(4789, 'Luponde', 271),
(4790, 'Kipeta', 294),
(4791, 'Kabwe', 293),
(4793, 'Mnyagala', 84),
(4794, 'Mishomo', 84),
(4795, 'Kapalala', 84),
(4796, 'Mtapenda', 84),
(4797, 'Machimboni', 84),
(4798, 'Ibindi', 84),
(4799, 'Itenka', 84),
(4800, 'Sitalike', 84),
(4801, 'Uruwira', 84),
(4802, 'mamba', 314),
(4803, 'Mwamapuli', 314),
(4804, 'Chamalendi', 314),
(4805, 'Kibaoni', 314),
(4806, 'Usevya', 314),
(4807, 'Ikuba', 314),
(4808, 'Wino', 319),
(4809, 'Matetereka', 319),
(4810, 'Mkongotema', 319),
(4811, 'Mahanje', 319),
(4812, 'Lituta', 319),
(4813, 'Matumbi', 319),
(4814, 'Mtyangimbole', 319),
(4815, 'Gumbiro', 319),
(4828, 'Mkongo', 23),
(4829, 'Ngumbo', 27),
(4831, 'Mpandangindo', 31),
(4832, 'Mpandangindo', 31),
(4833, 'Liganga', 31),
(4834, 'Litisha', 31),
(4835, 'Nakahuga', 31),
(4836, 'Morogoro', 31),
(4837, 'Magima', 31),
(4838, 'Lilahi', 31),
(4839, 'Nakahuga', 31),
(4840, 'Morogoro', 31),
(4841, 'Magima', 31),
(4842, 'Litisha', 31),
(4843, 'Mpangula', 31),
(4844, 'Matimira A', 31),
(4845, 'Matimira B', 31),
(4846, 'Liula', 31),
(4847, 'Kikunja', 31),
(4848, 'Mpingi', 31),
(4849, 'Muhukuru', 31),
(4850, 'Magagula', 31),
(4851, 'Kizuka', 31),
(4852, 'Mbinga Mhalule', 31),
(4853, 'Ndongosi', 31),
(4854, 'Litapwasi', 31),
(4855, 'Mchekeni', 34),
(4856, 'Tinginya', 34),
(4859, 'Mwamashele', 191),
(4860, 'Lagana', 191),
(4861, 'MAKUNGU', 199),
(4862, 'Ng\'haya', 154),
(4863, 'Bulemeji', 159),
(4864, 'Idetemya', 159),
(4865, 'Kagunga', 153),
(4866, 'Kasungamile', 153),
(4867, 'Kishinda', 153),
(4868, 'Busisi', 153),
(4869, 'Kahumulo', 153),
(4870, 'Namagondo', 153),
(4871, 'Bukindo', 153),
(4872, 'Irugwa', 153),
(4873, 'Mukituntu', 153),
(4874, 'Murutunguru', 153),
(4875, 'Kagunguli', 153),
(4876, 'Nduruma', 153),
(4877, 'Kakukuru', 153),
(4878, 'Igalla', 153),
(4879, 'Bukungu', 153),
(4880, 'Busunda', 153),
(4881, 'Chela', 191),
(4882, 'Ngaya', 191),
(4883, 'Kashishi', 191),
(4884, 'Bugarama', 191),
(4885, 'Bulyan\'hulu', 191),
(4886, 'Chela', 321),
(4887, 'Ngaya', 321),
(4890, 'Bulyan\'hulu', 321),
(4891, 'Lunguya', 321),
(4892, 'Ikinda', 321),
(4893, 'Shilela', 321),
(4895, 'Mega', 321),
(4897, 'Mwakata', 321),
(4898, 'Jana', 321),
(4899, 'Mwamalili', 180),
(4900, 'Isagehe', 180),
(4901, 'Mondo', 180),
(4902, 'Kagongwa', 180),
(4903, 'Kinaga', 180),
(4904, 'Nyandekwa', 180),
(4905, 'Kilago', 180),
(4906, 'Iyenze', 180),
(4907, 'Wendele', 180),
(4908, 'Kasuguti', 151),
(4909, 'Rigicha', 275),
(4910, 'Rungabure', 275),
(4911, 'Kebanchabancha', 275),
(4912, 'Ringwani', 275),
(4913, 'Magange', 275),
(4914, 'Nyambureti', 275),
(4915, 'Mosongo', 275),
(4916, 'Nyansurura', 275),
(4917, 'Kenyamonta', 275),
(4918, 'Busawe', 275),
(4919, 'Majimoto', 275),
(4920, 'Kisaka', 275),
(4921, 'Manchira', 275),
(4922, 'Nyamoko', 275),
(4923, 'Sedeco', 275),
(4924, 'Mbalibali', 275),
(4926, 'Komuge', 274),
(4927, 'Baraki', 274),
(4928, 'Balang\'dalalu', 202),
(4929, 'Bassotu', 202),
(4930, 'IPEPO', 68),
(4931, 'IWAWA', 68),
(4932, 'ARRI', 307),
(4933, 'AYASANDA', 307),
(4934, 'BASHNET', 307),
(4935, 'BOAY', 307),
(4936, 'DAREDA', 307),
(4937, 'ENDAKISO', 307),
(4938, 'GIDAS', 307),
(4939, 'NAR', 307),
(4940, 'MAGARA', 307),
(4941, 'MAMIRE', 307),
(4942, 'QASH', 307),
(4943, 'RIRODA', 307),
(4944, 'UFANA', 307),
(4945, 'SECHEDA', 307),
(4946, 'SIGINO', 308),
(4947, 'MAISAKA', 308),
(4948, 'SINGE', 308),
(4949, 'BONGA', 308),
(4950, 'BAGARA', 308),
(4951, 'BABATI', 308),
(4952, 'NANGARA', 308),
(4965, 'MAPOROMOKO', 316),
(4966, 'BONDENI', 255),
(4967, 'MAJENGO', 255),
(4968, 'MIEMBENI', 255),
(4969, 'BOMAMBUZI', 255),
(4970, 'PASUA', 255),
(4971, 'MSARANGA', 255),
(4972, 'MJI MPYA', 255),
(4973, 'SHIRIMATUNDA', 255),
(4974, 'RAU', 255),
(4975, 'KILIMANJARO', 255),
(4976, 'MFUMUNI', 255),
(4977, 'NG\'AMBO', 255),
(4978, 'KARANGA', 255),
(4979, 'KIBORLONI', 255),
(4980, 'KALOLENI', 255),
(4981, 'MAWENZI', 255),
(4982, 'KORONGONI', 255),
(4983, 'SOWETO', 255),
(4984, 'LONGU B', 255),
(4985, 'NJORO', 255),
(4986, 'KIUSA', 255),
(4987, 'ARUSHA CHINI', 126),
(4988, 'KAHE MAGHARIBI', 126),
(4989, 'KAHE MASHARIKI', 126),
(4990, 'KIBOSHO KATI', 126),
(4991, 'KIBOSHO MAGHARIBI', 126),
(4992, 'KIBOSHO MASHARIKI', 126),
(4994, 'KILEMA KASKAZINI', 126),
(4995, 'KILEMA KATI', 126),
(4996, 'KILEMA KUSINI', 126),
(4997, 'KIMOCHI', 126),
(4998, 'KINDI', 126),
(4999, 'KIRIMA', 126),
(5000, 'KIRUA VUNJO KUSINI', 126),
(5001, 'KIRUA VUNJO MAGHARIBI', 126),
(5002, 'KIRUA VUNJO MASHARIKI', 126),
(5003, 'MABOGINI', 126),
(5004, 'MAKUYUNI', 126),
(5005, 'MAMBA KASKAZINI', 126),
(5006, 'MAMBA KUSINI', 126),
(5007, 'MARANGU MAGHARIBI', 126),
(5008, 'MARANGU MASHARIKI', 126),
(5009, 'MBOKOMU', 126),
(5010, 'MWIKA KASKAZINI', 126),
(5011, 'MWIKA KUSINI', 126),
(5012, 'NJIA PANDA', 126),
(5013, 'OLD MOSHI MAGHARIBI', 126),
(5014, 'OLD MOSHI MASHARIKI', 126),
(5015, 'URU KASKAZINI', 126),
(5016, 'URU KUSINI', 126),
(5017, 'URU MASHARIKI', 126),
(5018, 'URU SHIMBWE', 126),
(5019, 'OKAONI', 126),
(5020, 'MASAMA MAGHARIBI', 77),
(5021, 'MASAMA KATI', 77),
(5022, 'MASAMA MASHARIKI', 77),
(5023, 'MASAMA KUSINI', 77),
(5024, 'RUNDUGAI', 77),
(5025, 'ROMU', 77),
(5026, 'MACHAME KASKAZINI', 77),
(5027, 'MACHAME MAGHARIBI', 77),
(5029, 'MACHAME MASHARIKI', 77),
(5030, 'MNADANI', 77),
(5031, 'WERU WERU', 77),
(5032, 'KIA', 77),
(5033, 'MACHAME NARUMU', 77),
(5034, 'BOMANG\'OMBE', 77),
(5035, 'MUUNGANO', 77),
(5036, 'BONDENI', 77),
(5037, 'MACHAME UROKI', 77),
(5038, 'MWANGA MJINI', 79),
(5039, 'KILEO', 79),
(5040, 'KIVISINI', 79),
(5041, 'JIPE', 79),
(5042, 'KIGONIGONI', 79),
(5043, 'KWAKOA', 79),
(5044, 'TOLOHA', 79),
(5045, 'MGAGAO', 79),
(5046, 'LEMBENI', 79),
(5047, 'LANG\'ATA', 79),
(5048, 'KIRYA', 79),
(5049, 'KILOMENI', 79),
(5050, 'NGUJINI', 79),
(5051, 'SHIGHATINI', 79),
(5052, 'MSANGENI', 79),
(5053, 'KIFULA', 79),
(5054, 'MWANIKO', 79),
(5055, 'KIGHARE', 79),
(5056, 'KIRONGWE', 79),
(5057, 'CHOMVU', 79),
(5058, 'Buyuni', 281),
(5060, 'Vijibweni', 285),
(5061, 'Kijichi', 283),
(5062, 'BARGISH', 311),
(5063, 'GEHANDU', 311),
(5064, 'MARANG', 311),
(5065, 'ENDAGIKOT', 311),
(5066, 'IMBORU', 311),
(5067, 'UHURU', 311),
(5068, 'AYAMOHE', 311),
(5069, 'SILALODA', 311),
(5070, 'GUNYODA', 311),
(5075, 'SANU BARAY', 311),
(5078, 'Kaagya', 242),
(5080, 'LOIBORSOIT', 202),
(5081, 'LOIBORSOIT', 278),
(5082, 'SANYA JUU', 81),
(5083, 'GARARAGUA', 81),
(5084, 'KARANSI', 81),
(5085, 'BIRIRI', 81),
(5086, 'SONGU', 81),
(5087, 'MAKIWARU', 81),
(5088, 'OLKOLILI', 81),
(5089, 'ORMELILI', 81),
(5090, 'DONYOMURWAK', 81),
(5091, 'NGARENAIROBI', 81),
(5092, 'NDUMETI', 81),
(5093, 'MITIMIREFU', 81),
(5094, 'LIVISHI', 81),
(5095, 'NASAI', 81),
(5096, 'IVAENY', 81),
(5097, 'KIRUWA', 81),
(5098, 'KASHASHI', 81),
(5099, 'Ngenge', 131),
(5101, 'Rutoro', 131),
(5102, 'Nshamba', 131),
(5103, 'Kishanda', 131),
(5104, 'MAMSERA', 80),
(5105, 'MANDA', 80),
(5106, 'ALENI', 80),
(5107, 'MAHIDA', 80),
(5108, 'MENGENI', 80),
(5109, 'HOLILI', 80),
(5110, 'MENGWE', 80),
(5111, 'CHALA', 80),
(5112, 'NGOYONI', 80),
(5113, 'KELAMFUA MOKALA', 80),
(5114, 'USHIRI IKUINI', 80),
(5115, 'SHIMBI KWANDELE', 80),
(5116, 'SHIMBI', 80),
(5117, 'MAKIIDI', 80),
(5118, 'MAKI', 80),
(5119, 'OLELE', 80),
(5120, 'KATANGARA MRERE', 80),
(5121, 'KIRWA KENI', 80),
(5122, 'KISALE MSARANGA', 80),
(5123, 'MRAO KERYO', 80),
(5124, 'KIRONGO SAMANGA', 80),
(5125, 'KINGACHI', 80),
(5126, 'KITIRIMA', 80),
(5127, 'UBETU KAHE', 80),
(5128, 'NANJARA', 80),
(5129, 'REHA', 80),
(5130, 'TARAKEA MOTAMBURU', 80),
(5131, 'MOTAMBURU KITENDENI', 80),
(5132, 'STESHENI', 82),
(5133, 'SAME', 82),
(5134, 'KISIMA', 82),
(5135, 'RUVU', 82),
(5136, 'NJORO', 82),
(5137, 'VUMARI', 82),
(5138, 'MWEMBE', 82),
(5139, 'BANGALALA', 82),
(5140, 'MHEZI', 82),
(5141, 'MAORE', 82),
(5142, 'KIHURIO', 82),
(5143, 'BENDERA', 82),
(5144, 'VUNTA', 82),
(5145, 'KIRANGARE', 82),
(5146, 'BWAMBO', 82),
(5147, 'MYAMBA', 82),
(5148, 'MPINJI', 82),
(5149, 'MTII', 82),
(5150, 'LUGULU', 82),
(5151, 'BOMBO', 82),
(5152, 'VUDEE', 82),
(5153, 'MSHEWA', 82),
(5154, 'MSINDO', 82),
(5155, 'KISIWANI', 82),
(5156, 'HEDARU', 82),
(5157, 'GAVAO-SAWENI', 82),
(5158, 'MABILIONI', 82),
(5159, 'CHOME', 82),
(5160, 'MAKANYA', 82),
(5161, 'TAE', 82),
(5162, 'SUJI', 82),
(5163, 'NDUNGU', 82),
(5165, 'KALEMAWE', 82),
(5166, 'Kibande', 231),
(5167, 'Buhigwe', 231),
(5168, 'Rusaba', 231),
(5169, 'Kinazi', 231),
(5170, 'Munzeze', 231),
(5171, 'Janda', 231),
(5172, 'Bukuba', 231),
(5173, 'Muhinda', 231),
(5174, 'Mubanga', 231),
(5175, 'Munanila', 231),
(5176, 'Mkatanga', 231),
(5177, 'Mwayaya', 231),
(5178, 'Kibwigwa', 231),
(5179, 'Munyegera', 231),
(5180, 'Muyama', 231),
(5181, 'Kajana', 231),
(5182, 'Kilelema', 231),
(5183, 'Mugera', 231),
(5184, 'Nyamugali', 231),
(5185, 'Biharu', 231),
(5186, 'MTANDA', 10),
(5187, 'KITOMANGA', 10),
(5188, 'MILOLA', 10),
(5189, 'RUTAMBA', 10),
(5190, 'KIWAWA', 10),
(5191, 'NANGALU', 10),
(5192, 'MATIMBA', 10),
(5193, 'NG\'APA', 10),
(5194, 'MCHINGA', 10),
(5195, 'MNAZIMMOJA', 10),
(5196, 'MIPINGO', 10),
(5197, 'CHIKONJI', 10),
(5198, 'KILOLAMBWANI', 10),
(5199, 'KILANGARA', 10),
(5200, 'TANDANGONGORO', 10),
(5201, 'KITUMBIKWELA', 10),
(5202, 'JAMHURI', 10),
(5203, 'RASBURA', 10),
(5204, 'MBANJA', 10),
(5205, 'MINGOYO', 10),
(5218, 'Kasanda', 269),
(5219, 'Mugunzu', 269),
(5220, 'Gwanumpu', 269),
(5221, 'Katanga', 269),
(5222, 'Kakonko', 269),
(5223, 'Kanyonza', 269),
(5224, 'Kanyonza', 269),
(5225, 'Kiziguzigu', 269),
(5226, 'Kasuga', 269),
(5227, 'Rugenge', 269),
(5228, 'Gwarama', 269),
(5229, 'Muhange', 269),
(5230, 'Nyabibuye', 269),
(5231, 'Nyamtukuza', 269),
(5232, 'Rungwe Mpya', 253),
(5233, 'Asante Nyerere', 253),
(5234, 'Shunguliba', 253),
(5235, 'Kurugongo', 253),
(5236, 'Titye', 253),
(5237, 'Nyamnyusi', 253),
(5238, 'Buhoro', 253),
(5239, 'Nyakitonto', 253),
(5240, 'Nyachenda', 253),
(5241, 'Kitagata', 253),
(5242, 'Makere', 253),
(5243, 'Nyamidaho', 253),
(5244, 'Heru Ushingo', 253),
(5245, 'Kager Nkanda', 253),
(5246, 'Kitanga', 253),
(5247, 'Kigembe', 253),
(5249, 'Kwaga', 253),
(5251, 'Rusesa', 253),
(5252, 'Muzye', 253),
(5253, 'Bugaga', 253),
(5254, 'Rugongwe', 232),
(5255, 'Busunzu', 232),
(5256, 'Busagara', 232),
(5257, 'Nyaruyoba', 232),
(5258, 'Mabamba', 232),
(5259, 'Kizazi', 232),
(5260, 'Kumsenga', 232),
(5261, 'Kagezi', 232),
(5262, 'Itaba', 232),
(5263, 'Mukabuye', 232),
(5264, 'Murungu', 232),
(5265, 'Bitare', 232),
(5266, 'Misezero', 232),
(5267, 'Bunyambo', 232),
(5268, 'Kitahana', 232),
(5269, 'Rusohoko', 232),
(5271, 'Kibondo Mjini', 232),
(5272, 'Biturana', 232),
(5273, 'Kumwambu', 232),
(5275, 'Mahembe', 268),
(5276, 'Nkungwe', 268),
(5277, 'Bitale', 268),
(5278, 'Mkongoro', 268),
(5279, 'Matendo', 268),
(5280, 'Kidahwe', 268),
(5281, 'Simbo', 268),
(5282, 'Mkigo', 268),
(5283, 'Kalinzi', 268),
(5284, 'Kagunga', 268),
(5285, 'Mwamgongo', 268),
(5286, 'Kagongo', 268),
(5287, 'Ziwani', 268),
(5288, 'Mungonya', 268),
(5289, 'Mwandinga', 268),
(5290, 'Nyarubanda', 268),
(5291, 'Uvinza', 90),
(5292, 'Basanza', 90),
(5293, 'Nguruka', 90),
(5294, 'Itebula', 90),
(5295, 'Mganza', 90),
(5296, 'Mtegowanoti', 90),
(5297, 'Igalula', 90),
(5298, 'Buhingu', 90),
(5299, 'Sigunga', 90),
(5300, 'Herembe', 90),
(5301, 'Kalya', 90),
(5302, 'Kandaga', 90),
(5303, 'Kazuramimba', 90),
(5304, 'Sunuka', 90),
(5305, 'Mwakizega', 90),
(5306, 'Ilagala', 90),
(5308, 'MAKONDE', 336),
(5309, 'MIKUMBI', 336),
(5310, 'MITANDI', 336),
(5311, 'MATOPENI', 336),
(5312, 'MTANDA', 336),
(5313, 'MWENGE', 336),
(5314, 'NACHINGWEA', 336),
(5315, 'NDORO', 336),
(5316, 'WAILES', 336),
(5317, 'RAHALEO', 336),
(5318, 'RASBURA', 336),
(5319, 'JAMHURI', 336),
(5320, 'MSINJAHILI', 336),
(5321, 'KITUMBIKWELA', 336),
(5322, 'MBANJA', 336),
(5323, 'NG\'APA', 336),
(5324, 'CHIKONJI', 336),
(5325, 'TANDANGONGORO', 336),
(5326, 'MINGOYO', 336),
(5327, 'MNAZIMMOJA', 336),
(5328, 'Nzega Mjini Magharibi', 337),
(5329, 'Nzega Mjini Mashariki', 337),
(5330, 'Kitangili', 337),
(5331, 'Ijanija', 337),
(5332, 'Uchama', 337),
(5333, 'Itilo', 337),
(5334, 'Mbogwe', 337),
(5335, 'Miguwa', 337),
(5336, 'Mwanzoli', 337),
(5337, 'Nzega Ndogo', 337),
(5338, 'Matembwe', 195),
(5339, 'Bulongwa', 68),
(5340, 'Iniho', 68),
(5341, 'Ipelele', 68),
(5342, 'Mwanga Kaskazini', 252),
(5343, 'Mwanga Kusini', 252),
(5344, 'Bangwe', 252),
(5345, 'Kigoma', 252),
(5346, 'Katubuka', 252),
(5347, 'KIbirizi', 252),
(5348, 'Gungu', 252),
(5349, 'Buzebazeba', 252),
(5350, 'Rusimbi', 252),
(5351, 'Businde', 252),
(5352, 'Buhanda', 252),
(5353, 'Kitongoni', 252),
(5354, 'Kipampa', 252),
(5355, 'Kasimbu', 252),
(5356, 'Kasingirima', 252),
(5357, 'Rubuga', 252),
(5358, 'Kagera', 252),
(5359, 'Majengo', 252),
(5360, 'Machinjioni', 252),
(5361, 'Kumnyika', 338),
(5362, 'Kumsenga', 338),
(5363, 'Murubona', 338),
(5364, 'Murusi', 338),
(5365, 'Mwilavya', 338),
(5366, 'Kigondo', 338),
(5367, 'Murufiti', 338),
(5368, 'Nyansha', 338),
(5369, 'Ruhita', 338),
(5370, 'Msambara', 338),
(5371, 'Nyumbigwa', 338),
(5372, 'Kimobwa', 338),
(5373, 'Muhunga', 338),
(5374, 'Heru Juu', 338),
(5375, 'Muganza', 338),
(5376, 'SUDI', 339),
(5377, 'PANGATENA', 339),
(5378, 'NACHUNYU', 339),
(5379, 'NAVANGA', 339),
(5380, 'MTAMA', 339),
(5382, 'NYANGAO', 339),
(5383, 'NAMANGALE', 339),
(5384, 'NAMUPA', 339),
(5385, 'MTUA', 339),
(5386, 'LONGA', 339),
(5387, 'MTUMBYA', 339),
(5388, 'NYENGEDI', 339),
(5389, 'MNOLELA', 339),
(5390, 'KIWALALA', 339),
(5391, 'CHIPONDA', 339),
(5392, 'MNARA', 339),
(5393, 'NYANGAMARA', 339),
(5394, 'MANDWANGA', 339),
(5395, 'NAHUKAHUKA', 339),
(5396, 'Maposeni', 260),
(5397, 'Mpandangindo', 260),
(5398, 'Kilagano', 260),
(5399, 'Liganga', 260),
(5400, 'Litisha', 260),
(5401, 'Matimira', 260),
(5402, 'Lilahi', 260),
(5403, 'Muhukuru', 260),
(5404, 'Magagula', 260),
(5405, 'Kizuka', 260),
(5406, 'Mbinga Mhalule', 260),
(5407, 'MAKONDE', 340),
(5408, 'MIKUMBI', 340),
(5409, 'MITAMDI', 340),
(5410, 'MATOPENI', 340),
(5411, 'MTANDA', 340),
(5412, 'MWENGE', 340),
(5413, 'NACHINGWEA', 340),
(5414, 'NDORO', 340),
(5415, 'WAILES', 340),
(5416, 'RAHALEO', 340),
(5417, 'RASBURA', 340),
(5418, 'JAMHURI', 340),
(5419, 'MSINJAHILI', 340),
(5420, 'KITUMBIMKWELA', 340),
(5421, 'MBANJA', 340),
(5422, 'NG\'APA', 340),
(5423, 'CHIKONJI', 340),
(5424, 'TANDANGONGORO', 340),
(5425, 'MINGOYO', 340),
(5426, 'MNAZI MMOJA', 340),
(5427, 'NANGARU', 340),
(5428, 'MATIMBA', 340),
(5429, 'MIPINGO', 340),
(5430, 'KITOMANGA', 340),
(5431, 'MILOLA', 340),
(5432, 'RUTAMBA', 340),
(5433, 'KIWAWA', 340),
(5434, 'KILOLAMBWANI', 340),
(5435, 'MVULENI', 340),
(5436, 'KILANGALA', 340),
(5437, 'MCHINGA', 340),
(5438, 'Nanganga', 29),
(5439, 'MANDAWA', 29),
(5440, 'NANJIRINJI', 6),
(5441, 'MAJENGO', 339),
(5442, 'Kaibanja', 242),
(5443, 'Kishogo', 242),
(5444, 'Nyangokolwa', 286),
(5445, 'Nyakabindi', 286),
(5446, 'Guduwi', 286),
(5447, 'Somanda', 286),
(5448, 'Mhango', 286),
(5449, 'Isanga', 286),
(5450, 'Sima', 286),
(5451, 'Bariadi', 286),
(5452, 'Malambo', 286),
(5453, 'Bunamhala', 286),
(5460, 'Udekwa', 324),
(5461, 'Mugango', 341),
(5462, 'Nyamrandira', 341),
(5463, 'Nyambono', 341),
(5464, 'Bugoji', 341),
(5465, 'Bwasi', 341),
(5466, 'Suguti', 341),
(5468, 'Bukumi', 341),
(5469, 'Makojo', 341),
(5471, 'Tegeruka', 341),
(5472, 'Bugwema', 341),
(5473, 'Kiriba', 341),
(5474, 'Murangi', 341),
(5475, 'Musanja', 341),
(5476, 'Bukima', 341),
(5477, 'Rusoli', 341),
(5478, 'Busambara', 341),
(5479, 'Bulinga', 341),
(5480, 'Ifulifu', 341),
(5481, 'Etaro', 341),
(5482, 'Nyegina', 341),
(5484, 'Nyakatende', 341),
(5485, 'Bweri', 343),
(5486, 'Rwamlimi', 343),
(5487, 'Kigera', 343),
(5488, 'Kwangwa', 343),
(5489, 'Makoko', 343),
(5490, 'Mwisenge', 343),
(5491, 'Nyakato', 343),
(5492, 'Mshikamano', 343),
(5493, 'Buhare', 343),
(5494, 'Iringo', 343),
(5496, 'Kitaji', 343),
(5497, 'Kisangura', 275),
(5498, 'Nyamatare', 275),
(5499, 'Morotonga', 275),
(5500, 'Mugumu', 275),
(5501, 'Geitasamo', 275),
(5502, 'Uwanja wa Ndege', 275),
(5503, 'Stendi Kuu', 275),
(5504, 'Nagusi', 275),
(5505, 'Matare', 275),
(5506, 'BOMA', 22),
(5507, 'LABAY', 310),
(5508, 'MAGHANG', 310),
(5509, 'ENDAMILAY', 310),
(5510, 'ENDAHAGICHAN', 310),
(5512, 'MPINDIMBI', 15),
(5513, 'Idete', 324),
(5514, 'Mkolani', 344),
(5515, 'Luchelele', 344),
(5516, 'Buhongwa', 344),
(5517, 'Lwanhima', 344),
(5518, 'Butimba', 344),
(5519, 'Nyegezi', 344),
(5520, 'Mkuyuni', 344),
(5521, 'Igogo', 344),
(5522, 'Pamba', 344),
(5523, 'Mirongo', 344),
(5524, 'Isamilo', 344),
(5525, 'Nyamagana', 344),
(5526, 'Mbugani', 344),
(5527, 'Mabatini', 344),
(5528, 'Igoma', 344),
(5529, 'Kishili', 344),
(5530, 'Mahina', 344),
(5531, 'Mhandu', 344),
(5533, 'Masisiwe', 324),
(5534, 'Murongo', 315),
(5535, 'Mbinga Mjini A', 345),
(5536, 'Mbinga Mjini B', 345),
(5537, 'Masumuni', 345),
(5538, 'Mbambi', 345),
(5539, 'Matarawe', 345),
(5540, 'Bethrehem', 345),
(5541, 'Mateka', 345),
(5542, 'Lusonga', 345),
(5543, 'Myangayanga', 345),
(5544, 'Luwaita', 345),
(5545, 'Kitanda', 345),
(5546, 'Kihungu', 345),
(5547, 'Kikolo', 345),
(5548, 'Mpepai', 345),
(5549, 'Mbangamao', 345),
(5550, 'Kilimani', 345),
(5551, 'Utiri', 345),
(5552, 'Luhuwiko', 345),
(5553, 'Kagugu', 345),
(5554, 'Bugogwa', 263),
(5555, 'Shibula', 263),
(5556, 'Kahama', 263),
(5559, 'Machochwe', 275),
(5561, 'Bukongo', 264),
(5562, 'Nkilizya', 264),
(5563, 'Nansio', 264),
(5564, 'Kagera', 264),
(5565, 'Namilembe', 264),
(5566, 'Muriti', 264),
(5567, 'Igalla', 264),
(5568, 'Kakukuru', 264),
(5569, 'Bwisya', 264),
(5570, 'Bukiko', 264),
(5571, 'Bukungu', 264),
(5572, 'Nyamanga', 264),
(5573, 'Kakerege', 264),
(5574, 'Ngoma', 264),
(5576, 'Nduruma', 264),
(5577, 'Bwiro', 264),
(5579, 'Mukituntu', 264),
(5580, 'Murutunguru', 264),
(5581, 'Irugwa', 264),
(5584, 'Bukanda', 264),
(5585, 'Ilangala', 264),
(5586, 'Bukungu', 264),
(5587, 'UGAWAJI', 22),
(5588, 'XNone', 208),
(5589, 'Lumuma', 208),
(5590, 'Kibaoni', 208),
(5591, 'Michenga', 208),
(5592, 'XNone 9', 42),
(5593, 'Ibanda', 305),
(5594, 'XNone 8', 42),
(5595, 'Msata', 304),
(5596, 'Tambani', 18),
(5597, 'Picha ya Ndege', 3),
(5598, 'Magowoke', 45),
(5599, 'Ngamiani Kati', 33),
(5600, 'Mikumi', 42),
(5601, 'Zongomera', 295),
(5603, 'Ibighi', 91),
(5604, 'Makandana', 91),
(5606, 'Ntobo', 321),
(5607, 'Mwaluguru', 321),
(5608, 'Mwanase', 321),
(5610, 'Bugarama', 321),
(5611, 'Kalela', 253),
(5612, 'Lyamidati', 180),
(5613, 'Bagamoyo', 91),
(5614, 'Kyimo', 91),
(5629, 'Ndalambo', 316),
(5630, 'Ikana', 316),
(5631, 'Mnyunga', 316),
(5632, 'Nzoka', 316),
(5633, 'Kapele', 316),
(5634, 'Nkangamo', 316),
(5635, 'Kamsamba', 316),
(5636, 'Mpapa', 316),
(5637, 'Ivuna', 316),
(5638, 'Mkomba', 316),
(5639, 'Chilulumo', 316),
(5640, 'Mkulwe', 316),
(5641, 'Msangano', 316),
(5642, 'Chitete', 316),
(5643, 'ulewe', 191),
(5644, 'Buliyaga', 91),
(5645, 'Nsimbo', 222),
(5646, 'Kapalala', 222),
(5647, 'Mtapenda', 222),
(5648, 'Ibindi', 222),
(5649, 'Itenka', 84),
(5650, 'Sitalike', 222),
(5651, 'Uruwira', 222),
(5652, 'Ugalla', 222);
INSERT INTO `wards` (`id`, `name`, `district_id`) VALUES
(5653, 'Litapunga', 222),
(5654, 'Kanoge', 222),
(5655, 'Katumba', 222),
(5656, 'Kwemshasha', 100),
(5658, 'kinampula', 302),
(5659, 'Maweni', 33),
(5660, 'Ntobeye', 128),
(5662, 'Mtandi', 347),
(5663, 'Chanikanguo', 348),
(5664, 'Nyasa', 348),
(5665, 'Napupa', 348),
(5666, 'Mkuti', 348),
(5667, 'Migongo', 348),
(5668, 'Mkomaindo', 348),
(5669, 'Jida', 348),
(5670, 'Marika', 348),
(5671, 'Mumbaka', 348),
(5672, 'Matawale', 348),
(5673, 'Mwenge Mtapika', 348),
(5674, 'Temeke', 348),
(5675, 'Sululu', 348),
(5676, 'Mtandi', 348),
(5677, 'Mbede', 314),
(5678, 'Luchingu', 350),
(5679, 'Nangwala', 350),
(5680, 'Mikoni', 242),
(5681, 'Tulindane', 350),
(5682, 'Rubale', 242),
(5683, 'Mtonya', 350),
(5684, 'Nyakato', 242),
(5685, 'Julia', 350),
(5686, 'Namiyonga', 350),
(5687, 'Ruhunga', 242),
(5688, 'Mkulung\'ulu', 350),
(5689, 'Makote', 350),
(5690, 'Mahumbika', 350),
(5691, 'Makonga', 350),
(5692, 'Mnekachi', 350),
(5694, 'Nanguruwe', 350),
(5695, 'Mtumachi', 350),
(5696, 'Mcholi II', 350),
(5697, 'Mkunya', 350),
(5698, 'Mcholi I', 350),
(5699, 'Mlimani', 36),
(5700, 'Mlimani', 351),
(5701, 'Konje', 351),
(5702, 'Msasa', 351),
(5703, 'Kampene', 351),
(5704, 'Kideleko', 351),
(5705, 'Kwamagome', 351),
(5706, 'Vibaoni', 351),
(5707, 'Chanika', 351),
(5708, 'Mdoe', 351),
(5709, 'Kwenjugo', 351),
(5710, 'Kwediyamba', 351),
(5711, 'Malezi', 351),
(5712, 'Mabanda', 351),
(5716, 'Nitekela', 313),
(5720, 'Namtumbukka', 313),
(5730, 'Nyangokolwa', 352),
(5731, 'Nyakabindi', 352),
(5732, 'Guduwi', 352),
(5733, 'Somanda', 352),
(5734, 'Mhango', 352),
(5735, 'Somanda', 352),
(5736, 'Mhango', 352),
(5737, 'Isanga', 352),
(5738, 'Bunamhala', 352),
(5739, 'Malambo', 352),
(5740, 'Malambo', 352),
(5741, 'Bariadi', 352),
(5742, 'Sima', 352),
(5743, 'Kitaya', 313),
(5744, 'Lulindi', 349),
(5745, 'Mkululu', 349),
(5746, 'Namwanga', 349),
(5747, 'Namalenga', 349),
(5748, 'Mitesa', 349),
(5749, 'Sindano', 349),
(5750, 'Mchauru', 349),
(5751, 'Mnavira', 349),
(5752, 'Makong\'onda', 349),
(5753, 'Chikoropora', 349),
(5754, 'Chiungutwa', 349),
(5755, 'Mpeta', 349),
(5756, 'Lipumburu', 349),
(5757, 'Lupaso', 349),
(5758, 'Mbuyuni', 349),
(5759, 'Nanjota', 349),
(5760, 'Mijelejele', 349),
(5761, 'Mpindimbi', 349),
(5762, 'Chigugu', 349),
(5763, 'Chikukwe', 349),
(5764, 'Chiwata', 349),
(5766, 'Nanganga', 349),
(5767, 'Nangoo', 349),
(5768, 'Mwena', 349),
(5769, 'Chikundi', 349),
(5770, 'Ndanda', 349),
(5771, 'Namatutwe', 349),
(5772, 'Msikisi', 349),
(5773, 'Namajani', 349),
(5774, 'Mlingula', 349),
(5775, 'Lukuledi', 349),
(5776, 'Chikunja', 349),
(5777, 'Chiwale', 349),
(5778, 'Mpanyani', 349),
(5779, 'Bahi', 54),
(5780, 'Chikongola', 306),
(5781, 'Chuno', 306),
(5782, 'Likombe', 306),
(5783, 'Magomeni', 306),
(5784, 'Majengo', 306),
(5785, 'Mtawanya', 306),
(5786, 'Naliendele', 306),
(5787, 'Rahaleo', 306),
(5788, 'Reli', 306),
(5789, 'Shangani', 306),
(5790, 'Tandika', 306),
(5791, 'Ufukoni', 306),
(5792, 'Vigaeni', 306),
(5793, 'Jangwani', 306),
(5794, 'Kisungule', 306),
(5795, 'Magengeni', 306),
(5796, 'Mitengo', 306),
(5797, 'Mtonya', 306),
(5798, 'Kashaulili', 354),
(5799, 'Nsemulwa', 354),
(5800, 'Kawajense', 354),
(5801, 'Kazima', 354),
(5802, 'Makanyagio', 354),
(5803, 'Shanwe', 354),
(5804, 'Mpanda Hotel', 354),
(5805, 'Misunkumilo', 354),
(5806, 'Mwamkulu', 354),
(5807, 'Magamba', 354),
(5808, 'Majengo', 354),
(5809, 'Uwanja wa Ndege', 354),
(5810, 'Ilembo', 354),
(5811, 'Kakese', 354),
(5812, 'Kasokola', 354),
(5815, 'Natta', 275),
(5816, 'Issenye', 275),
(5817, 'Kakunyu', 132),
(5818, 'kondoa mjini', 355),
(5819, 'chemchem', 355),
(5820, 'kilimani', 355),
(5821, 'serya', 355),
(5822, 'suruke', 355),
(5823, 'kingale', 355),
(5824, 'kolo', 355),
(5825, 'bolisa', 355),
(5826, 'Tofiki', 357),
(5828, 'uhuru', 357),
(5829, 'chamwino', 357),
(5831, 'tambukareli', 357),
(5832, 'makole', 357),
(5833, 'madukani', 357),
(5834, 'kiwanja cha ndege', 357),
(5836, 'kilimani', 357),
(5837, 'Miyuji', 357),
(5838, 'kizota', 357),
(5839, 'Nkuhungu', 357),
(5840, 'kikuyu kusini', 357),
(5841, 'majengo', 357),
(5842, 'chang\'ombe', 357),
(5843, 'mkonze', 357),
(5844, 'Mnadani', 357),
(5845, 'Hazina', 357),
(5846, 'Dodoma makulu', 357),
(5847, 'Iyumbu', 357),
(5848, 'Nzuguni', 357),
(5849, 'Ntyuka', 357),
(5850, 'zuzu', 357),
(5851, 'nala', 357),
(5852, 'Chigongwe', 357),
(5853, 'Mbawala', 357),
(5854, 'mbabala', 357),
(5855, 'mpunguzi', 357),
(5856, 'matumbulu', 357),
(5857, 'Ipala', 357),
(5859, 'chihanga', 357),
(5860, 'Hombolo bwawani', 357),
(5861, 'Hombolo bwawani', 357),
(5862, 'Hombolo makulu', 357),
(5863, 'makutupora', 357),
(5864, 'msalato', 357),
(5865, 'msalato', 357),
(5866, 'kikombo', 357),
(5867, 'Mtumba', 357),
(5868, 'Ihumwa', 357),
(5869, 'Nghong\'ona', 357),
(5870, 'Mshangano', 261),
(5871, 'Mletele', 261),
(5872, 'Bombambili', 261),
(5874, 'Mjini', 261),
(5875, 'Misufini', 261),
(5876, 'Tanga', 261),
(5877, 'Ndilimalitembo', 261),
(5878, 'Msamala', 261),
(5879, 'Seedfarm', 261),
(5880, 'Mateka', 261),
(5881, 'Subira', 261),
(5882, 'Ruvuma', 261),
(5883, 'Ruhuwiko', 261),
(5884, 'Matarawe', 261),
(5885, 'Mfaranyaki', 261),
(5886, 'Lizaboni', 261),
(5887, 'Majengo', 261),
(5888, 'Mwengemshindo', 261),
(5889, 'Lilambo', 261),
(5890, 'Mjimwema', 261),
(5892, 'mbalawala', 357),
(5899, 'Kasansa', 356),
(5900, 'Mwamapuli', 356),
(5901, 'Chamalendi', 356),
(5902, 'Kibaoni', 356),
(5903, 'Usevya', 356),
(5904, 'Ikuba', 356),
(5905, 'Mbede', 356),
(5906, 'Mamba', 356),
(5907, 'Majimoto', 356),
(5908, 'Nyamhongolo', 263),
(5915, 'Karema', 353),
(5916, 'Kapalamsenga', 353),
(5917, 'Ikola', 353),
(5918, 'Isengule', 353),
(5919, 'Katuma', 353),
(5920, 'Mwese', 353),
(5921, 'Kasekese', 353),
(5922, 'Sibwesa', 353),
(5923, 'Kabungu', 353),
(5925, 'Tongwe', 353),
(5926, 'Mpandandogo', 353),
(5927, 'Mishamo', 353),
(5928, 'Ilangu', 353),
(5929, 'Bulamata', 353),
(5930, 'Ipwaga', 353),
(5932, 'Mnyagala', 353),
(5933, 'Kitama', 32),
(5934, 'Matogoro', 261),
(5935, 'Buhalahala', 360),
(5936, 'Nyankumbu', 360),
(5937, 'Kalangalala', 360),
(5938, 'Bombambili', 360),
(5939, 'Mtakuja', 360),
(5940, 'Mgusu', 360),
(5941, 'Kasamwa', 360),
(5942, 'Kanyala', 360),
(5943, 'Bung\'wangoko', 360),
(5944, 'Bulela', 360),
(5945, 'Shiloleli', 360),
(5946, 'Nyanguku', 144),
(5947, 'Ihanamilo', 360),
(5948, 'Nyanguku', 360),
(5949, 'Kamunyonge', 343),
(5950, 'Mukendo', 343),
(5951, 'Mwigobero', 343),
(5952, 'Nyamatare', 343),
(5953, 'Nyasho', 343),
(5954, 'Mlimba', 361),
(5955, 'Gua', 364),
(5956, 'Ngwala', 364),
(5957, 'Kapalala', 364),
(5958, 'Udinde', 364),
(5959, 'Mbagal', 364),
(5960, 'Saza', 364),
(5961, 'Mkwajuni', 364),
(5962, 'Mwambani', 364),
(5963, 'Totowe', 364),
(5964, 'Mpona', 364),
(5965, 'Namkukwe', 364),
(5966, 'Manda', 364),
(5967, 'Magamba', 364),
(5968, 'Galula', 364),
(5969, 'Chang\'ombe', 364),
(5970, 'Kanga', 364),
(5971, 'Ifwenkenya', 364),
(5972, 'Majengo', 363),
(5973, 'Mpande', 363),
(5975, 'Chapwa', 363),
(5976, 'Maporomoko', 363),
(5977, 'Kaloleni', 363),
(5978, 'Sogea', 363),
(5979, 'Makambini', 363),
(5980, 'Tunduma', 363),
(5981, 'Katete', 363),
(5983, 'Chiwezi', 363),
(5984, 'Muungano', 363),
(5985, 'Mwakakati', 363),
(5986, 'Chipaka', 363),
(5987, 'Uwanjani', 363),
(5988, 'Mpemba', 363),
(5994, 'Old Kiomboi', 66),
(5995, 'Kisiriri', 66),
(6004, 'Ilola', 188),
(6006, 'Izigo', 131),
(6008, 'Buganguzi', 131),
(6009, 'Ijumbi', 131),
(6010, 'Kashasha', 131),
(6012, 'Kirongwe', 37),
(6013, 'Kitebe', 130),
(6014, 'Biirabo', 131),
(6015, 'Ukondamoyo', 75),
(6016, 'OLOLOSOKWAN', 204),
(6017, 'NDALAMBO', 365),
(6018, 'Nyangokolwa', 352),
(6021, 'Malambo', 352),
(6022, 'Nakatunguru', 264),
(6023, 'Sima', 352),
(6024, 'Ngamiani', 362),
(6025, 'Ngamiani Kati', 362),
(6026, 'Ngamiani Kusini', 362),
(6027, 'Majengo', 362),
(6028, 'Msambweni', 362),
(6029, 'Mwanzange', 362),
(6030, 'Mwanzange', 362),
(6032, 'Mwangika', 303),
(6033, 'Mabawa', 362),
(6034, 'Magaoni', 362),
(6035, 'Ngamiani Kaskazini', 362),
(6036, 'Vigwaza', 304),
(6037, 'Kanga', 304),
(6038, 'Kanga', 37),
(6039, 'Kirongwe', 37),
(6040, 'Baleni', 37),
(6041, 'Ndagoni', 37),
(6042, 'Kilindoni', 37),
(6043, 'Miburani', 37),
(6044, 'Jibondo', 37),
(6045, 'Kiegeani', 37),
(6046, 'Ikana', 368),
(6047, 'Ndalambo', 368),
(6048, 'Myunga', 368),
(6049, 'Nzoka', 368),
(6050, 'Kapele', 368),
(6051, 'Nkangamo', 368),
(6052, 'Kamsamba', 368),
(6053, 'Mpapa', 368),
(6054, 'Ivuna', 368),
(6055, 'Mkomba', 368),
(6056, 'Chilulumo', 368),
(6057, 'Mkulwe', 368),
(6058, 'Msangano', 368),
(6059, 'Chitete', 368),
(6060, 'Kapele', 369),
(6071, 'Hasamba', 127),
(6072, 'Kapele', 369),
(6073, 'Kapele', 370),
(6075, 'Busangi', 321),
(6076, 'Kibiti', 5),
(6077, 'Uponera', 43),
(6078, 'Biirabo', 131),
(6079, 'Biirabo', 131),
(6080, 'Biirabo', 131),
(6081, 'soya', 59),
(6082, 'soya', 59),
(6083, 'soya', 59),
(6084, 'soya', 59),
(6085, 'Soya', 59),
(6086, 'Kamwene', 361),
(6087, 'XNone 1', 361),
(6089, 'Ching\'anda', 361),
(6090, 'XNone 2', 361),
(6091, 'XNone 3', 361),
(6096, 'Uponera', 43),
(6097, 'XNone', 361),
(6098, 'Kamwene', 208),
(6099, 'Sanje', 208),
(6100, 'Mang\'ula', 208),
(6101, 'Komaswa', 234),
(6102, 'Kamwene', 208),
(6103, 'Kamwene', 208),
(6104, 'Kamwene', 208),
(6105, 'Segese', 321),
(6106, 'Bulige', 321),
(6107, 'Kashishi', 321),
(6108, 'Isaka', 321),
(6117, 'Kibasuka', 234),
(6118, 'Peramiho', 260),
(6119, 'Peramiho', 388),
(6120, 'Peramiho', 388),
(6121, 'Ikondo', 131),
(6122, 'Ikondo', 131),
(6125, 'VUJE', 82),
(6127, 'Bukindo', 264),
(6128, 'chang\'ombe', 367),
(6130, 'CHITETE', 127),
(6132, 'MURUTUNGURU', 264),
(6133, 'Izia', 292),
(6134, 'Mafulala', 292),
(6135, 'Chanji', 292),
(6136, 'Msua', 292),
(6137, 'Sumbawanga', 292),
(6138, 'Momoka', 292),
(6139, 'Kizwite', 292),
(6140, 'Lwiche', 292),
(6141, 'Malangali', 292),
(6142, 'MBUYUNI', 367),
(6143, 'Majengo', 292),
(6144, 'Katandala', 292),
(6145, 'Mazwi', 292),
(6147, 'Mollo', 292),
(6148, 'Senga', 292),
(6149, 'Matanga', 292),
(6150, 'Milanzi', 292),
(6151, 'Ntendo', 292),
(6152, 'Pito', 292),
(6153, 'Nyamazugo', 153),
(6154, 'Kasense', 292),
(6158, 'Nkandasi', 144),
(6159, 'Nkandasi', 144),
(6160, 'Nkandasi', 144),
(6161, 'Nkandasi', 144),
(6162, 'Kibasuka', 234),
(6163, 'Kibasuka', 234),
(6167, 'Nkandasi', 144),
(6168, 'GALULA', 367),
(6169, 'GUA', 367),
(6170, 'Upendo', 224),
(6172, 'CHIBULA', 29),
(6173, 'Parangu', 260),
(6178, 'Kwihancha', 234),
(6179, 'Kwihancha', 234),
(6182, 'Misechela', 34),
(6183, 'Murutunguru', 264),
(6186, 'MTINA', 34),
(6191, 'Picha ya ndege', 3),
(6192, 'KIONGORONI', 5),
(6193, 'MAKUYUNI', 8),
(6195, 'Kisaki', 63),
(6197, 'Kisaki', 63),
(6198, 'Kisaki', 63),
(6199, 'Mandewa', 63),
(6200, 'Mandewa', 63),
(6201, 'Mtamaa', 63),
(6202, 'Mtamaa', 63),
(6203, 'Mtamaa', 63),
(6204, 'Mtamaa', 63),
(6205, 'Mtipa', 63),
(6206, 'Mtipa', 63),
(6207, 'Mumgumaji', 63),
(6210, 'PONGWE', 362),
(6211, 'PONGWE', 362),
(6212, 'Mgomba', 30),
(6214, 'CHITEKETE', 26),
(6215, 'CHITEKETE', 26),
(6220, 'Kisaki', 63),
(6221, 'MBANGALA', 367),
(6222, 'NGWALA', 367),
(6223, 'UDINDE', 367),
(6224, 'KAPALALA', 367),
(6225, 'SAZA', 367),
(6226, 'MKWAJUNI', 367),
(6227, 'MWAMBANI', 367),
(6228, 'KANGA', 367),
(6229, 'IFWENKENYA', 367),
(6230, 'MAGAMBA', 367),
(6231, 'MPONA', 367),
(6232, 'MANDA', 367),
(6233, 'NAMKUKWE', 367),
(6234, 'TOTOWE', 367),
(6235, 'MUUNGANO', 26),
(6236, 'MUUNGANO', 26),
(6242, 'Bulyaga', 91),
(6243, 'KILOLE', 330),
(6244, 'Ruvu', 3),
(6245, 'Ruvu', 3),
(6246, 'Kikongo', 3),
(6247, 'Kikongo', 3),
(6251, 'ITUMPI', 127),
(6252, 'Kilangalanga', 3),
(6253, 'Mlandizi', 3),
(6254, 'MAPARONI', 5),
(6255, 'VISIGA', 441),
(6256, 'MISUGUSUGU', 441),
(6257, 'KONGOWE', 441),
(6258, 'VIZIWAZIWA', 441),
(6259, 'KIBAHA', 441),
(6260, 'MSANGANI', 441),
(6261, 'MKUZA', 441),
(6262, 'PICHA YA NDEGE', 441),
(6263, 'SOFU', 441),
(6264, 'MAILI MOJA', 441),
(6265, 'TANGINI', 441),
(6266, 'TUMBI', 441),
(6267, 'PANGANI', 441),
(6269, 'Mitundu', 61),
(6272, 'Sandali', 283),
(6273, 'Sandali', 283),
(6274, 'Sandali', 283),
(6277, 'Masonya', 34),
(6279, 'Sandali', 283),
(6280, 'Sandali', 283),
(6281, 'Chemba', 59),
(6282, 'Bokomnemela', 3),
(6283, 'Marungu', 127),
(6284, 'Marungu', 127),
(6285, 'Mbede', 356),
(6286, 'Mbede', 356),
(6288, 'MNERO MIEMBENI', 22),
(6289, 'MNERO NGONGO', 22),
(6295, 'Mbawala', 58),
(6296, 'MATEMANGA', 34),
(6297, 'Shibula', 263),
(6298, 'Ihimbo', 324),
(6299, 'Mpata', 265),
(6300, 'Kisegese', 18),
(6301, 'Ihanja', 64),
(6302, 'Mudida', 65),
(6303, 'Kibosho Kati', 126),
(6304, 'Karansi', 81),
(6305, 'Makiidi', 80),
(6306, 'Guduwi', 352),
(6307, 'Guduwi', 352),
(6308, 'mtua', 22),
(6309, 'CHOKAA', 224),
(6310, 'Kirare', 33),
(6318, 'Busangi', 321),
(6319, 'Busangi', 321),
(6320, 'Maweni', 33),
(6321, 'Maweni', 33),
(6322, 'Maweni', 33),
(6323, 'Nachingwea', 22),
(6324, 'Kirando', 455),
(6325, 'Maweni', 33),
(6326, 'Maweni', 33),
(6327, 'Maweni', 33),
(6328, 'Maweni', 33),
(6329, 'MAWENI', 33),
(6330, 'Mpangatazara', 199),
(6331, 'Mpangatazara', 199),
(6332, 'Mpangatazara', 199),
(6333, 'Lemara', 98),
(6334, 'Daraja II', 98),
(6335, 'Engutoto', 98),
(6336, 'Kati', 98),
(6337, 'Sekei', 98),
(6338, 'Themi', 98),
(6339, 'Baraa', 98),
(6340, 'Elerai', 98),
(6341, 'Kaloleni', 98),
(6342, 'Kimandolu', 98),
(6343, 'Levolosi', 98),
(6344, 'Moivaro', 98),
(6345, 'Moshono', 98),
(6346, 'Muriet', 98),
(6347, 'Ngarenaro', 98),
(6348, 'Olasiti', 98),
(6349, 'Olmoti', 98),
(6350, 'Oloirien', 98),
(6351, 'Osunyai Jr', 98),
(6352, 'Sakina', 98),
(6353, 'Sinoni', 98),
(6354, 'Sokon I', 98),
(6355, 'Sombetini', 98),
(6356, 'Terrat', 98),
(6357, 'Unga Ltd', 98),
(6358, 'Bangata', 250),
(6359, 'Bwawani', 250),
(6360, 'Ilboru', 250),
(6361, 'Ilkiding\'a', 250),
(6362, 'Kimnyak', 250),
(6363, 'Kiranyi', 250),
(6364, 'Kisongo', 250),
(6365, 'Kiutu', 250),
(6366, 'Laroi', 250),
(6367, 'Lemanyata', 250),
(6368, 'Lengijave', 250),
(6369, 'Mateves', 250),
(6370, 'Mlangarini', 250),
(6371, 'Moivo', 250),
(6372, 'Musa', 250),
(6373, 'Mwandet', 250),
(6374, 'Nduruma', 250),
(6375, 'Oldonyosambu', 250),
(6376, 'Oldonyowas', 250),
(6377, 'Oljoro', 250),
(6378, 'Olmotonyi', 250),
(6379, 'Oloirien', 250),
(6380, 'Olturoto', 250),
(6381, 'Olturumet', 250),
(6382, 'Sambasha', 250),
(6383, 'Sokon II', 250),
(6384, 'Tarakwa', 250),
(6385, 'Baray', 251),
(6386, 'Buger', 251),
(6387, 'Daa', 251),
(6388, 'Endabash', 251),
(6389, 'Endamaghang', 251),
(6390, 'Endamarariek', 251),
(6391, 'Ganako', 251),
(6392, 'Kansay', 251),
(6393, 'Karatu', 251),
(6394, 'Mangola', 251),
(6395, 'Mbulumbulu', 251),
(6396, 'Oldeani', 251),
(6397, 'Qurus', 251),
(6398, 'Rhotia', 251),
(6399, 'Ilorienito', 267),
(6400, 'Longido', 267),
(6401, 'Elangatadapash', 267),
(6402, 'Engarenaibor', 267),
(6403, 'Engikaret', 267),
(6404, 'Gelai Lumbwa', 267),
(6405, 'Gelai Meirugoi', 267),
(6406, 'Kamwanga', 267),
(6407, 'Ketumbeine', 267),
(6408, 'Kimokouwa', 267),
(6409, 'Matale A', 267),
(6410, 'Mundarara', 267),
(6411, 'Namanga', 267),
(6412, 'Noondoto', 267),
(6413, 'Olmolog', 267),
(6414, 'Orbomba', 267),
(6415, 'Sinya', 267),
(6416, 'Tingatinga', 267),
(6417, 'Kikatiti', 97),
(6418, 'Maji ya chai', 97),
(6419, 'Nkoarisambu', 97),
(6420, 'Poli', 97),
(6421, 'Akheri', 97),
(6422, 'Ambureni', 97),
(6423, 'Imbaseni', 97),
(6424, 'Kikwe', 97),
(6425, 'King\'ori', 97),
(6426, 'Leguruki', 97),
(6427, 'Majengo', 97),
(6428, 'Makiba', 97),
(6429, 'Malula', 97),
(6430, 'Maroroni', 97),
(6431, 'Maruvango', 97),
(6432, 'Mbuguni', 97),
(6433, 'Ngabobo', 97),
(6434, 'Ngarenanyuki', 97),
(6435, 'Nkoanekoli', 97),
(6436, 'Nkoanrua', 97),
(6437, 'Nkoaranga', 97),
(6438, 'Seela Sing\'isi', 97),
(6439, 'Shambarai Burka', 97),
(6440, 'Songoro', 97),
(6441, 'Usariver', 97),
(6442, 'Uwiro', 97),
(6443, 'Engaruka', 99),
(6444, 'Engutoto', 99),
(6445, 'Esilalei', 99),
(6446, 'Lashaine', 99),
(6447, 'Lemooti', 99),
(6448, 'Lepurko', 99),
(6449, 'Lolkisale', 99),
(6450, 'Majengo', 99),
(6451, 'Makuyuni', 99),
(6452, 'Meserani', 99),
(6453, 'Mfereji', 99),
(6454, 'Migungani', 99),
(6455, 'Moita', 99),
(6456, 'Monduli juu', 99),
(6457, 'Monduli Mjini', 99),
(6458, 'Mswakini', 99),
(6459, 'Mto wa Mbu', 99),
(6460, 'Naalarami', 99),
(6461, 'Selela', 99),
(6462, 'Sepeko', 99),
(6463, 'Kahe', 126),
(6464, 'MAUNDO', 450),
(6467, 'Tandahimba', 450),
(6468, 'Kitama', 450),
(6469, 'Mathius Mathew Lusheleja', 274),
(6470, 'Tongwe', 85),
(6471, 'Kasekese', 85),
(6472, 'FARMERS WARD', 3),
(6473, 'FARMERS WARD', 1),
(6474, 'Mtina', 34),
(6475, 'MTINA', 34),
(6476, 'Qash', 307),
(6477, 'Tongwe', 353);

--
-- Indexes for dumped tables
--

--
-- Indexes for table `agents`
--
ALTER TABLE `agents`
  ADD PRIMARY KEY (`id`);

--
-- Indexes for table `bonds`
--
ALTER TABLE `bonds`
  ADD PRIMARY KEY (`id`);

--
-- Indexes for table `colleges`
--
ALTER TABLE `colleges`
  ADD PRIMARY KEY (`id`);

--
-- Indexes for table `college_representatives`
--
ALTER TABLE `college_representatives`
  ADD PRIMARY KEY (`id`);

--
-- Indexes for table `customers`
--
ALTER TABLE `customers`
  ADD PRIMARY KEY (`id`);

--
-- Indexes for table `disbursment_payments`
--
ALTER TABLE `disbursment_payments`
  ADD PRIMARY KEY (`id`);

--
-- Indexes for table `districts`
--
ALTER TABLE `districts`
  ADD PRIMARY KEY (`id`);

--
-- Indexes for table `failed_jobs`
--
ALTER TABLE `failed_jobs`
  ADD PRIMARY KEY (`id`),
  ADD UNIQUE KEY `failed_jobs_uuid_unique` (`uuid`);

--
-- Indexes for table `genders`
--
ALTER TABLE `genders`
  ADD PRIMARY KEY (`id`);

--
-- Indexes for table `guarantors`
--
ALTER TABLE `guarantors`
  ADD PRIMARY KEY (`id`);

--
-- Indexes for table `installments`
--
ALTER TABLE `installments`
  ADD PRIMARY KEY (`id`),
  ADD KEY `contract_id` (`loan_contract_id`);

--
-- Indexes for table `loan_applications`
--
ALTER TABLE `loan_applications`
  ADD PRIMARY KEY (`id`);

--
-- Indexes for table `loan_approvals`
--
ALTER TABLE `loan_approvals`
  ADD PRIMARY KEY (`id`);

--
-- Indexes for table `loan_contracts`
--
ALTER TABLE `loan_contracts`
  ADD PRIMARY KEY (`id`);

--
-- Indexes for table `marital_status`
--
ALTER TABLE `marital_status`
  ADD PRIMARY KEY (`id`);

--
-- Indexes for table `migrations`
--
ALTER TABLE `migrations`
  ADD PRIMARY KEY (`id`);

--
-- Indexes for table `model_has_permissions`
--
ALTER TABLE `model_has_permissions`
  ADD PRIMARY KEY (`permission_id`,`model_id`,`model_type`),
  ADD KEY `model_has_permissions_model_id_model_type_index` (`model_id`,`model_type`);

--
-- Indexes for table `model_has_roles`
--
ALTER TABLE `model_has_roles`
  ADD PRIMARY KEY (`role_id`,`model_id`,`model_type`),
  ADD KEY `model_has_roles_model_id_model_type_index` (`model_id`,`model_type`);

--
-- Indexes for table `oauth_access_tokens`
--
ALTER TABLE `oauth_access_tokens`
  ADD PRIMARY KEY (`id`),
  ADD KEY `oauth_access_tokens_user_id_index` (`user_id`);

--
-- Indexes for table `oauth_auth_codes`
--
ALTER TABLE `oauth_auth_codes`
  ADD PRIMARY KEY (`id`),
  ADD KEY `oauth_auth_codes_user_id_index` (`user_id`);

--
-- Indexes for table `oauth_clients`
--
ALTER TABLE `oauth_clients`
  ADD PRIMARY KEY (`id`),
  ADD KEY `oauth_clients_user_id_index` (`user_id`);

--
-- Indexes for table `oauth_personal_access_clients`
--
ALTER TABLE `oauth_personal_access_clients`
  ADD PRIMARY KEY (`id`);

--
-- Indexes for table `oauth_refresh_tokens`
--
ALTER TABLE `oauth_refresh_tokens`
  ADD PRIMARY KEY (`id`),
  ADD KEY `oauth_refresh_tokens_access_token_id_index` (`access_token_id`);

--
-- Indexes for table `password_resets`
--
ALTER TABLE `password_resets`
  ADD KEY `password_resets_email_index` (`email`);

--
-- Indexes for table `password_reset_tokens`
--
ALTER TABLE `password_reset_tokens`
  ADD PRIMARY KEY (`email`);

--
-- Indexes for table `payments`
--
ALTER TABLE `payments`
  ADD PRIMARY KEY (`id`),
  ADD KEY `loan_application_id` (`loan_contract_id`);

--
-- Indexes for table `permissions`
--
ALTER TABLE `permissions`
  ADD PRIMARY KEY (`id`),
  ADD UNIQUE KEY `permissions_name_guard_name_unique` (`name`,`guard_name`);

--
-- Indexes for table `personal_access_tokens`
--
ALTER TABLE `personal_access_tokens`
  ADD PRIMARY KEY (`id`),
  ADD UNIQUE KEY `personal_access_tokens_token_unique` (`token`),
  ADD KEY `personal_access_tokens_tokenable_type_tokenable_id_index` (`tokenable_type`,`tokenable_id`);

--
-- Indexes for table `regions`
--
ALTER TABLE `regions`
  ADD PRIMARY KEY (`id`);

--
-- Indexes for table `roles`
--
ALTER TABLE `roles`
  ADD PRIMARY KEY (`id`),
  ADD UNIQUE KEY `roles_name_guard_name_unique` (`name`,`guard_name`);

--
-- Indexes for table `role_has_permissions`
--
ALTER TABLE `role_has_permissions`
  ADD PRIMARY KEY (`permission_id`,`role_id`),
  ADD KEY `role_has_permissions_role_id_foreign` (`role_id`);

--
-- Indexes for table `students`
--
ALTER TABLE `students`
  ADD PRIMARY KEY (`id`);

--
-- Indexes for table `users`
--
ALTER TABLE `users`
  ADD PRIMARY KEY (`id`),
  ADD UNIQUE KEY `users_email_unique` (`email`);

--
-- Indexes for table `wards`
--
ALTER TABLE `wards`
  ADD PRIMARY KEY (`id`);

--
-- AUTO_INCREMENT for dumped tables
--

--
-- AUTO_INCREMENT for table `agents`
--
ALTER TABLE `agents`
  MODIFY `id` int(11) NOT NULL AUTO_INCREMENT, AUTO_INCREMENT=2;

--
-- AUTO_INCREMENT for table `bonds`
--
ALTER TABLE `bonds`
  MODIFY `id` int(11) NOT NULL AUTO_INCREMENT;

--
-- AUTO_INCREMENT for table `colleges`
--
ALTER TABLE `colleges`
  MODIFY `id` int(11) NOT NULL AUTO_INCREMENT, AUTO_INCREMENT=6;

--
-- AUTO_INCREMENT for table `college_representatives`
--
ALTER TABLE `college_representatives`
  MODIFY `id` int(11) NOT NULL AUTO_INCREMENT, AUTO_INCREMENT=3;

--
-- AUTO_INCREMENT for table `customers`
--
ALTER TABLE `customers`
  MODIFY `id` int(11) NOT NULL AUTO_INCREMENT, AUTO_INCREMENT=130;

--
-- AUTO_INCREMENT for table `disbursment_payments`
--
ALTER TABLE `disbursment_payments`
  MODIFY `id` int(11) NOT NULL AUTO_INCREMENT, AUTO_INCREMENT=26;

--
-- AUTO_INCREMENT for table `districts`
--
ALTER TABLE `districts`
  MODIFY `id` int(11) NOT NULL AUTO_INCREMENT, AUTO_INCREMENT=477;

--
-- AUTO_INCREMENT for table `failed_jobs`
--
ALTER TABLE `failed_jobs`
  MODIFY `id` bigint(20) UNSIGNED NOT NULL AUTO_INCREMENT;

--
-- AUTO_INCREMENT for table `genders`
--
ALTER TABLE `genders`
  MODIFY `id` int(11) NOT NULL AUTO_INCREMENT, AUTO_INCREMENT=3;

--
-- AUTO_INCREMENT for table `guarantors`
--
ALTER TABLE `guarantors`
  MODIFY `id` int(11) NOT NULL AUTO_INCREMENT, AUTO_INCREMENT=15;

--
-- AUTO_INCREMENT for table `installments`
--
ALTER TABLE `installments`
  MODIFY `id` int(11) NOT NULL AUTO_INCREMENT, AUTO_INCREMENT=24;

--
-- AUTO_INCREMENT for table `loan_applications`
--
ALTER TABLE `loan_applications`
  MODIFY `id` int(11) NOT NULL AUTO_INCREMENT, AUTO_INCREMENT=133;

--
-- AUTO_INCREMENT for table `loan_approvals`
--
ALTER TABLE `loan_approvals`
  MODIFY `id` int(11) NOT NULL AUTO_INCREMENT, AUTO_INCREMENT=19;

--
-- AUTO_INCREMENT for table `loan_contracts`
--
ALTER TABLE `loan_contracts`
  MODIFY `id` int(11) NOT NULL AUTO_INCREMENT, AUTO_INCREMENT=28;

--
-- AUTO_INCREMENT for table `marital_status`
--
ALTER TABLE `marital_status`
  MODIFY `id` int(11) NOT NULL AUTO_INCREMENT, AUTO_INCREMENT=4;

--
-- AUTO_INCREMENT for table `migrations`
--
ALTER TABLE `migrations`
  MODIFY `id` int(10) UNSIGNED NOT NULL AUTO_INCREMENT, AUTO_INCREMENT=18;

--
-- AUTO_INCREMENT for table `oauth_clients`
--
ALTER TABLE `oauth_clients`
  MODIFY `id` bigint(20) UNSIGNED NOT NULL AUTO_INCREMENT, AUTO_INCREMENT=3;

--
-- AUTO_INCREMENT for table `oauth_personal_access_clients`
--
ALTER TABLE `oauth_personal_access_clients`
  MODIFY `id` bigint(20) UNSIGNED NOT NULL AUTO_INCREMENT, AUTO_INCREMENT=2;

--
-- AUTO_INCREMENT for table `payments`
--
ALTER TABLE `payments`
  MODIFY `id` int(11) NOT NULL AUTO_INCREMENT, AUTO_INCREMENT=24;

--
-- AUTO_INCREMENT for table `permissions`
--
ALTER TABLE `permissions`
  MODIFY `id` bigint(20) UNSIGNED NOT NULL AUTO_INCREMENT;

--
-- AUTO_INCREMENT for table `personal_access_tokens`
--
ALTER TABLE `personal_access_tokens`
  MODIFY `id` bigint(20) UNSIGNED NOT NULL AUTO_INCREMENT, AUTO_INCREMENT=2;

--
-- AUTO_INCREMENT for table `regions`
--
ALTER TABLE `regions`
  MODIFY `id` int(11) NOT NULL AUTO_INCREMENT, AUTO_INCREMENT=33;

--
-- AUTO_INCREMENT for table `roles`
--
ALTER TABLE `roles`
  MODIFY `id` bigint(20) UNSIGNED NOT NULL AUTO_INCREMENT, AUTO_INCREMENT=5;

--
-- AUTO_INCREMENT for table `students`
--
ALTER TABLE `students`
  MODIFY `id` int(11) NOT NULL AUTO_INCREMENT, AUTO_INCREMENT=122;

--
-- AUTO_INCREMENT for table `users`
--
ALTER TABLE `users`
  MODIFY `id` bigint(20) UNSIGNED NOT NULL AUTO_INCREMENT, AUTO_INCREMENT=18;

--
-- AUTO_INCREMENT for table `wards`
--
ALTER TABLE `wards`
  MODIFY `id` int(11) NOT NULL AUTO_INCREMENT, AUTO_INCREMENT=6478;

--
-- Constraints for dumped tables
--

--
-- Constraints for table `model_has_permissions`
--
ALTER TABLE `model_has_permissions`
  ADD CONSTRAINT `model_has_permissions_permission_id_foreign` FOREIGN KEY (`permission_id`) REFERENCES `permissions` (`id`) ON DELETE CASCADE;

--
-- Constraints for table `model_has_roles`
--
ALTER TABLE `model_has_roles`
  ADD CONSTRAINT `model_has_roles_role_id_foreign` FOREIGN KEY (`role_id`) REFERENCES `roles` (`id`) ON DELETE CASCADE;

--
-- Constraints for table `role_has_permissions`
--
ALTER TABLE `role_has_permissions`
  ADD CONSTRAINT `role_has_permissions_permission_id_foreign` FOREIGN KEY (`permission_id`) REFERENCES `permissions` (`id`) ON DELETE CASCADE,
  ADD CONSTRAINT `role_has_permissions_role_id_foreign` FOREIGN KEY (`role_id`) REFERENCES `roles` (`id`) ON DELETE CASCADE;
COMMIT;

/*!40101 SET CHARACTER_SET_CLIENT=@OLD_CHARACTER_SET_CLIENT */;
/*!40101 SET CHARACTER_SET_RESULTS=@OLD_CHARACTER_SET_RESULTS */;
/*!40101 SET COLLATION_CONNECTION=@OLD_COLLATION_CONNECTION */;
